NUMBER,NAME,CRIMINAL_REPORT_REPOSITORY, DBPEDIA_LOAD_ARGS,GEONAMES_LOAD_ARGS,PERSON_COUNT_FROM,PERSON_COUNT_TO,THRESHOLD,JVM_OPTS
1,100,CriminalReportsRepository,--strategy-max-triples	1000	--index	indexPredicateObjects.db	--schema	dbpedia_2015-10.nt	--schema	foaf.rdf	--schema	dcelements.ttl	--prune-schema	--prune-data	--lang	en	--data-tdb	dbpedia-tdb,--strategy-max-triples	130	--index	indexPredicateObjects.db	--schema	geonames-ontology_v3.1.rdf	--prune-schema	--prune-data	--lang	en	--data-tdb	geonames-tdb	--append,1,100,0.5,-Xmx6g	-Xms3g
2,10k,CriminalReportsRepository,--strategy-max-triples	10000	--index	indexPredicateObjects.db	--schema	dbpedia_2015-10.nt	--schema	foaf.rdf	--schema	dcelements.ttl	--prune-schema	--prune-data	--lang	en	--data-tdb	dbpedia-tdb,--strategy-max-triples	1300	--index	indexPredicateObjects.db	--schema	geonames-ontology_v3.1.rdf	--prune-schema	--prune-data	--lang	en	--data-tdb	geonames-tdb	--append,1,100,0.5,-Xmx6g	-Xms3g
3,20k,CriminalReportsRepository,--strategy-max-triples	20000	--index	indexPredicateObjects.db	--schema	dbpedia_2015-10.nt	--schema	foaf.rdf	--schema	dcelements.ttl	--prune-schema	--prune-data	--lang	en	--data-tdb	dbpedia-tdb,--strategy-max-triples	2600	--index	indexPredicateObjects.db	--schema	geonames-ontology_v3.1.rdf	--prune-schema	--prune-data	--lang	en	--data-tdb	geonames-tdb	--append,1,100,0.5,-Xmx6g	-Xms3g
4,30k,CriminalReportsRepository,--strategy-max-triples	30000	--index	indexPredicateObjects.db	--schema	dbpedia_2015-10.nt	--schema	foaf.rdf	--schema	dcelements.ttl	--prune-schema	--prune-data	--lang	en	--data-tdb	dbpedia-tdb,--strategy-max-triples	3900	--index	indexPredicateObjects.db	--schema	geonames-ontology_v3.1.rdf	--prune-schema	--prune-data	--lang	en	--data-tdb	geonames-tdb	--append,1,100,0.5,-Xmx6g	-Xms3g
5,40k,CriminalReportsRepository,--strategy-max-triples	40000	--index	indexPredicateObjects.db	--schema	dbpedia_2015-10.nt	--schema	foaf.rdf	--schema	dcelements.ttl	--prune-schema	--prune-data	--lang	en	--data-tdb	dbpedia-tdb,--strategy-max-triples	5200	--index	indexPredicateObjects.db	--schema	geonames-ontology_v3.1.rdf	--prune-schema	--prune-data	--lang	en	--data-tdb	geonames-tdb	--append,1,100,0.5,-Xmx6g	-Xms3g
6,50k,CriminalReportsRepository,--strategy-max-triples	50000	--index	indexPredicateObjects.db	--schema	dbpedia_2015-10.nt	--schema	foaf.rdf	--schema	dcelements.ttl	--prune-schema	--prune-data	--lang	en	--data-tdb	dbpedia-tdb,--strategy-max-triples	6500	--index	indexPredicateObjects.db	--schema	geonames-ontology_v3.1.rdf	--prune-schema	--prune-data	--lang	en	--data-tdb	geonames-tdb	--append,1,100,0.5,-Xmx6g	-Xms3g
7,60k,CriminalReportsRepository,--strategy-max-triples	60000	--index	indexPredicateObjects.db	--schema	dbpedia_2015-10.nt	--schema	foaf.rdf	--schema	dcelements.ttl	--prune-schema	--prune-data	--lang	en	--data-tdb	dbpedia-tdb,--strategy-max-triples	7800	--index	indexPredicateObjects.db	--schema	geonames-ontology_v3.1.rdf	--prune-schema	--prune-data	--lang	en	--data-tdb	geonames-tdb	--append,1,100,0.5,-Xmx6g	-Xms3g
8,70k,CriminalReportsRepository,--strategy-max-triples	70000	--index	indexPredicateObjects.db	--schema	dbpedia_2015-10.nt	--schema	foaf.rdf	--schema	dcelements.ttl	--prune-schema	--prune-data	--lang	en	--data-tdb	dbpedia-tdb,--strategy-max-triples	9700	--index	indexPredicateObjects.db	--schema	geonames-ontology_v3.1.rdf	--prune-schema	--prune-data	--lang	en	--data-tdb	geonames-tdb	--append,1,100,0.5,-Xmx6g	-Xms3g
9,80k,CriminalReportsRepository,--strategy-max-triples	80000	--index	indexPredicateObjects.db	--schema	dbpedia_2015-10.nt	--schema	foaf.rdf	--schema	dcelements.ttl	--prune-schema	--prune-data	--lang	en	--data-tdb	dbpedia-tdb,--strategy-max-triples	10400	--index	indexPredicateObjects.db	--schema	geonames-ontology_v3.1.rdf	--prune-schema	--prune-data	--lang	en	--data-tdb	geonames-tdb	--append,1,100,0.5,-Xmx6g	-Xms3g
10,90k,CriminalReportsRepository,--strategy-max-triples	90000	--index	indexPredicateObjects.db	--schema	dbpedia_2015-10.nt	--schema	foaf.rdf	--schema	dcelements.ttl	--prune-schema	--prune-data	--lang	en	--data-tdb	dbpedia-tdb,--strategy-max-triples	11700	--index	indexPredicateObjects.db	--schema	geonames-ontology_v3.1.rdf	--prune-schema	--prune-data	--lang	en	--data-tdb	geonames-tdb	--append,1,100,0.5,-Xmx6g	-Xms3g
11,100k,CriminalReportsRepository,--strategy-max-triples	100000	--index	indexPredicateObjects.db	--schema	dbpedia_2015-10.nt	--schema	foaf.rdf	--schema	dcelements.ttl	--prune-schema	--prune-data	--lang	en	--data-tdb	dbpedia-tdb,--strategy-max-triples	13000	--index	indexPredicateObjects.db	--schema	geonames-ontology_v3.1.rdf	--prune-schema	--prune-data	--lang	en	--data-tdb	geonames-tdb	--append,1,100,0.5,-Xmx6g	-Xms3g
12,10%,CriminalReportsRepository,--strategy-proportional	0.1	--index	indexPredicateObjects.db	--schema	dbpedia_2015-10.nt	--schema	foaf.rdf	--schema	dcelements.ttl	--prune-schema	--prune-data	--lang	en	--data-tdb	dbpedia-tdb,--strategy-proportional	1.0	--index	indexPredicateObjects.db	--schema	geonames-ontology_v3.1.rdf	--prune-schema	--prune-data	--lang	en	--data-tdb	geonames-tdb	--append,1,100,0.5,-Xmx6g	-Xms3g
13,20%,CriminalReportsRepository,--strategy-proportional	0.2	--index	indexPredicateObjects.db	--schema	dbpedia_2015-10.nt	--schema	foaf.rdf	--schema	dcelements.ttl	--prune-schema	--prune-data	--lang	en	--data-tdb	dbpedia-tdb,--strategy-proportional	1.0	--index	indexPredicateObjects.db	--schema	geonames-ontology_v3.1.rdf	--prune-schema	--prune-data	--lang	en	--data-tdb	geonames-tdb	--append,1,100,0.5,-Xmx6g	-Xms3g
14,30%,CriminalReportsRepository,--strategy-proportional	0.3	--index	indexPredicateObjects.db	--schema	dbpedia_2015-10.nt	--schema	foaf.rdf	--schema	dcelements.ttl	--prune-schema	--prune-data	--lang	en	--data-tdb	dbpedia-tdb,--strategy-proportional	1.0	--index	indexPredicateObjects.db	--schema	geonames-ontology_v3.1.rdf	--prune-schema	--prune-data	--lang	en	--data-tdb	geonames-tdb	--append,1,100,0.5,-Xmx6g	-Xms3g
15,40%,CriminalReportsRepository,--strategy-proportional	0.4	--index	indexPredicateObjects.db	--schema	dbpedia_2015-10.nt	--schema	foaf.rdf	--schema	dcelements.ttl	--prune-schema	--prune-data	--lang	en	--data-tdb	dbpedia-tdb,--strategy-proportional	1.0	--index	indexPredicateObjects.db	--schema	geonames-ontology_v3.1.rdf	--prune-schema	--prune-data	--lang	en	--data-tdb	geonames-tdb	--append,1,100,0.5,-Xmx6g	-Xms3g
16,50%,CriminalReportsRepository,--strategy-proportional	0.5	--index	indexPredicateObjects.db	--schema	dbpedia_2015-10.nt	--schema	foaf.rdf	--schema	dcelements.ttl	--prune-schema	--prune-data	--lang	en	--data-tdb	dbpedia-tdb,--strategy-proportional	1.0	--index	indexPredicateObjects.db	--schema	geonames-ontology_v3.1.rdf	--prune-schema	--prune-data	--lang	en	--data-tdb	geonames-tdb	--append,1,100,0.5,-Xmx6g	-Xms3g
17,60%,CriminalReportsRepository,--strategy-proportional	0.6	--index	indexPredicateObjects.db	--schema	dbpedia_2015-10.nt	--schema	foaf.rdf	--schema	dcelements.ttl	--prune-schema	--prune-data	--lang	en	--data-tdb	dbpedia-tdb,--strategy-proportional	1.0	--index	indexPredicateObjects.db	--schema	geonames-ontology_v3.1.rdf	--prune-schema	--prune-data	--lang	en	--data-tdb	geonames-tdb	--append,1,100,0.5,-Xmx6g	-Xms3g