{"idBO":"2014-30401-8436","numero":"8436","idDelegacia":"30401","tipoBoletim":"Principal","dependencia":"DEL.POL.BARUERI","local":"RUA PEDRO DE TOLÊDO, 341 - JD BELVAL - BARUERI - SP","tipoLocal":"Via pública","circunscricao":"DEL.POL.BARUERI","dataOcorrencia":"30/12/2014","turnoOcorrencia":"A NOITE","dataComunicacao":"31/12/2014","horaComunicacao":"02:40","dataElaboracao":"31/12/2014","horaElaboracao":"02:41","flagrante":"Não","examesRequisitados":"IC-IML","solucao":"APRECIAÇÃO DO DELEGADO TITULAR","partesEnvolvidas":[{"nome":"ADRIANO SIQUEIRA DOS SANTOS","tipoEnvolvimento":"Vítima","rg":"44829545-SP","naturalidade":"OSASCO-SP","nacionalidade":"BRASILEIRA","sexo":"Masculino","dataNascimento":"08/08/1988","idade":"26","estadoCivil":"Solteiro","instrucao":"1 Grau incompleto","profissao":"AUTONOMO(A)","cutis":"Parda","naturezasEnvolvidas":"Homicídio simples (art. 121)"}],"naturezas":[{"especie":"Título I - Pessoa (arts. 121 a 154)","descricao":"Homicídio simples (art. 121)"},{"especie":"Título I - Pessoa (arts. 121 a 154)","descricao":"Homicídio simples (art. 121)"}],"categoria":"HOMICIDIO_DOLOSO"}