{"idBO":"2014-10247-7516","numero":"7516","idDelegacia":"10247","tipoBoletim":"Principal","dependencia":"47º D.P. CAPAO REDONDO","local":"RUA JOSE LOPES DIAS, 35 - JD SÃO LUIS - S.PAULO - SP","tipoLocal":"Via pública","circunscricao":"92º D.P. P. STO ANTONIO","dataOcorrencia":"07/07/2014","turnoOcorrencia":"DE MADRUGADA","dataComunicacao":"07/07/2014","horaComunicacao":"03:17","dataElaboracao":"07/07/2014","horaElaboracao":"03:24","flagrante":"Não","examesRequisitados":"IC","solucao":"ENCAMINHAMENTO DP ÁREA DO FATO","partesEnvolvidas":[{"nome":"CARLOS HENRIQUE DE JESUS PASTOR","tipoEnvolvimento":"Vítima","rg":"48057478-SP","naturalidade":"S.PAULO -SP","sexo":"Masculino","dataNascimento":"09/07/1991","idade":"22","estadoCivil":"Solteiro","instrucao":"1 Grau completo","profissao":"ESTUDANTE","cutis":"Branca","naturezasEnvolvidas":"Homicídio simples (art. 121)"}],"naturezas":[{"especie":"Título I - Pessoa (arts. 121 a 154)","descricao":"Homicídio simples (art. 121)"}],"categoria":"HOMICIDIO_DOLOSO"}