{"idBO":"2014-20249-13762","numero":"13762","idDelegacia":"20249","tipoBoletim":"Complementar","dependencia":"49º D.P. SAO MATEUS","circunscricao":"54º D.P. CID. TIRADENTES","dataOcorrencia":"01/11/2014","turnoOcorrencia":"PELA MANHÃ","dataComunicacao":"07/11/2014","horaComunicacao":"23:02","dataElaboracao":"07/11/2014","horaElaboracao":"23:05","flagrante":"Sim","solucao":"BO PARA ADENDO","partesEnvolvidas":[],"naturezas":[{"especie":"Título I - Pessoa (arts. 121 a 154)","descricao":"Homicídio qualificado (art. 121, §2o.)","desdobramentos":"II - por motivo fútil, IV - à traição ou mediante dissimulação ou outro recurso"},{"especie":"Título VI - Dignidade Sexual (arts 213 a 234)","descricao":"Estupro (art.213)"},{"especie":"Título VI - Dignidade Sexual (arts 213 a 234)","descricao":"Estupro de vulneravel (art.217-A)"},{"especie":"Título I - Pessoa (arts. 121 a 154)","descricao":"Constrangimento ilegal (art. 146)"}],"numeroBoPrincipal":"13472","anoBoPrincipal":"2014","nomeDelegaciaBoPrincipal":"49º D.P. SAO MATEUS","categoria":"HOMICIDIO_DOLOSO"}