{"idBO":"2014-10336-8148","numero":"8148","idDelegacia":"10336","tipoBoletim":"Principal","dependencia":"73º D.P. JACANA","local":"RUA DOS PINHEIROS, 135 - JD JOANA D\u0027ARC - S.PAULO - SP","tipoLocal":"Via pública","circunscricao":"73º D.P. JACANA","dataOcorrencia":"02/08/2014","turnoOcorrencia":"A TARDE","dataComunicacao":"02/08/2014","horaComunicacao":"16:25","dataElaboracao":"02/08/2014","horaElaboracao":"16:29","flagrante":"Não","examesRequisitados":"IML","solucao":"APRECIAÇÃO DO DELEGADO TITULAR","partesEnvolvidas":[{"nome":"JHONATAS PAULINO DA SILVA","tipoEnvolvimento":"Vítima","rg":"53729106-SP","naturalidade":"S.PAULO -SP","nacionalidade":"BRASILEIRA","sexo":"Masculino","dataNascimento":"24/06/1996","idade":"18","estadoCivil":"Solteiro","instrucao":"1 Grau completo","cutis":"Preta","naturezasEnvolvidas":"Homicídio simples (art. 121)"}],"naturezas":[{"especie":"Título I - Pessoa (arts. 121 a 154)","descricao":"Homicídio simples (art. 121)"}],"categoria":"HOMICIDIO_DOLOSO"}