{"idBO":"2014-130411-1363","numero":"1363","idDelegacia":"130411","tipoBoletim":"Principal","dependencia":"DEL.POL.TREMEMBE","local":"RUA CINCO - JARDIM MARACAIBO - CEP: 12120000 - TREMEMBE - SP","tipoLocal":"Via pública","circunscricao":"DEL.POL.TREMEMBE","dataOcorrencia":"05/07/2014","turnoOcorrencia":"DE MADRUGADA","dataComunicacao":"05/07/2014","horaComunicacao":"02:49","dataElaboracao":"05/07/2014","horaElaboracao":"02:58","flagrante":"Não","examesRequisitados":"IML","solucao":"APRECIAÇÃO DO DELEGADO TITULAR","partesEnvolvidas":[{"nome":"REJANE PAULA DE CARVALHO","tipoEnvolvimento":"Vítima","rg":"38678469-SP","naturalidade":"UBATUBA -SP","sexo":"Feminino","dataNascimento":"16/10/1984","idade":"29","estadoCivil":"Solteiro","instrucao":"1 Grau completo","profissao":"DIARISTA","cutis":"Branca","naturezasEnvolvidas":"Homicídio simples (art. 121)"}],"naturezas":[{"especie":"Título I - Pessoa (arts. 121 a 154)","descricao":"Homicídio simples (art. 121)"}],"categoria":"HOMICIDIO_DOLOSO"}