{"idBO":"2014-10374-4963","numero":"4963","idDelegacia":"10374","tipoBoletim":"Principal","dependencia":"101º D.P. JDIM IMBUIAS","local":"RUA PORTO SEGURO, 10 - CANTINHO DO CEU - S.PAULO - SP","tipoLocal":"Via pública","circunscricao":"101º D.P. JDIM IMBUIAS","dataOcorrencia":"29/05/2014","turnoOcorrencia":"A NOITE","dataComunicacao":"30/05/2014","horaComunicacao":"02:11","dataElaboracao":"30/05/2014","horaElaboracao":"02:16","flagrante":"Não","solucao":"BO PARA INVESTIGAÇÃO","partesEnvolvidas":[{"nome":"CARLOS ALBERTO DIAS ALVES","tipoEnvolvimento":"Vítima","rg":"7057399-PE","naturalidade":"RECIFE","nacionalidade":"BRASILEIRA","sexo":"Masculino","dataNascimento":"27/11/1989","idade":"24","estadoCivil":"Convivente","instrucao":"1 Grau incompleto","profissao":"AJUDANTE","cutis":"Parda","naturezasEnvolvidas":"Homicídio simples (art. 121)"}],"naturezas":[{"especie":"Título I - Pessoa (arts. 121 a 154)","descricao":"Homicídio simples (art. 121)"}],"categoria":"HOMICIDIO_DOLOSO"}