{"idBO":"2014-30218-1972","numero":"1972","idDelegacia":"30218","tipoBoletim":"Principal","dependencia":"08º D.P. GUARULHOS","local":"RUA ITAPEVA, 100 - CUMBICA - GUARULHOS - SP","tipoLocal":"Via pública","circunscricao":"08º D.P. GUARULHOS","dataOcorrencia":"17/09/2014","turnoOcorrencia":"A TARDE","dataComunicacao":"17/09/2014","horaComunicacao":"18:43","dataElaboracao":"17/09/2014","horaElaboracao":"18:46","flagrante":"Não","examesRequisitados":"IC-IML","solucao":"APRECIAÇÃO DO DELEGADO TITULAR","partesEnvolvidas":[{"nome":"LUAN JAKSON GOMES SILVA","tipoEnvolvimento":"Vítima","rg":"48066328-SP","naturalidade":"PALMEIRA DOS INDIOS -AL","sexo":"Masculino","dataNascimento":"25/01/1990","idade":"24","estadoCivil":"Solteiro","instrucao":"1 Grau completo","profissao":"CABELEIREIRO(A)","cutis":"Branca","naturezasEnvolvidas":"Homicídio simples (art. 121)"}],"naturezas":[{"especie":"Título I - Pessoa (arts. 121 a 154)","descricao":"Homicídio simples (art. 121)"}],"categoria":"HOMICIDIO_DOLOSO"}