{"idBO":"2014-10226-5605","numero":"5605","idDelegacia":"10226","tipoBoletim":"Principal","dependencia":"26º D.P. SACOMA","local":"RUA CORONEL SILVA CASTRO, 240 - HELIOPOLIS - S.PAULO - SP","tipoLocal":"Via pública","circunscricao":"95º D.P. HELIÓPOLIS","dataOcorrencia":"29/06/2014","turnoOcorrencia":"DE MADRUGADA","dataComunicacao":"29/06/2014","horaComunicacao":"06:01","dataElaboracao":"29/06/2014","horaElaboracao":"06:05","flagrante":"Não","examesRequisitados":"IC-IML","solucao":"ENCAMINHAMENTO DP ÁREA DO FATO","partesEnvolvidas":[{"nome":"RAFAEL NOVAES DE OLIVEIRA","tipoEnvolvimento":"Vítima","rg":"38586886-SP","naturalidade":"EMBU","nacionalidade":"BRASILEIRA","sexo":"Masculino","dataNascimento":"31/05/1983","idade":"31","estadoCivil":"Casado","instrucao":"1 Grau completo","profissao":"COMERCIANTE","cutis":"Parda","naturezasEnvolvidas":"Homicídio simples (art. 121)"}],"naturezas":[{"especie":"Título I - Pessoa (arts. 121 a 154)","descricao":"Homicídio simples (art. 121)"}],"categoria":"HOMICIDIO_DOLOSO"}