{"idBO":"2014-120208-521","numero":"521","idDelegacia":"120208","tipoBoletim":"Principal","dependencia":"DEL.POL.LARANJAL PAULISTA","local":"RODOVIA MARECHAL RONDON KM 178 - - LARANJAL PAULISTA - SP","tipoLocal":"Rodovia/Estrada","circunscricao":"DEL.POL.LARANJAL PAULISTA","dataOcorrencia":"11/05/2014","turnoOcorrencia":"A NOITE","dataComunicacao":"11/05/2014","horaComunicacao":"20:30","dataElaboracao":"11/05/2014","horaElaboracao":"20:34","flagrante":"Não","examesRequisitados":"IC-IML","solucao":"BO PARA INQUÉRITO","partesEnvolvidas":[{"nome":"SILVANA DE FATIMA CEZAR","tipoEnvolvimento":"Vítima","rg":"43254429-SP","naturalidade":"LARANJAL PAULISTA -SP","nacionalidade":"BRASILEIRA","sexo":"Feminino","dataNascimento":"06/05/1984","idade":"30","estadoCivil":"Solteiro","instrucao":"1 Grau completo","profissao":"FAXINEIRO(A)","cutis":"Branca","naturezasEnvolvidas":"Homicídio qualificado (art. 121, §2o.)"}],"naturezas":[{"especie":"Título I - Pessoa (arts. 121 a 154)","descricao":"Homicídio qualificado (art. 121, §2o.)"}],"categoria":"HOMICIDIO_DOLOSO"}