{"idBO":"2014-130517-2685","numero":"2685","idDelegacia":"130517","tipoBoletim":"Principal","dependencia":"DEL.POL.PLANTÃO PINDA","local":"RUA ARMANDO FERREIRA FERNANDES - CASTOLIRA - PINDAMONHANGABA - SP","tipoLocal":"Via pública","circunscricao":"03º D.P. PINDAMONHANGABA","dataOcorrencia":"16/11/2014","turnoOcorrencia":"A NOITE","dataComunicacao":"16/11/2014","horaComunicacao":"20:52","dataElaboracao":"16/11/2014","horaElaboracao":"20:55","flagrante":"Não","examesRequisitados":"IML","solucao":"ENCAMINHAMENTO DP ÁREA DO FATO","partesEnvolvidas":[{"nome":"DANIEL WILLIAM BATISTA MARIA","tipoEnvolvimento":"Vítima","rg":"47367312-SP","naturalidade":"PINDAMONHANGABA -SP","sexo":"Masculino","dataNascimento":"14/03/1991","idade":"23","estadoCivil":"Solteiro","instrucao":"2 Grau completo","profissao":"DESEMPREGADO(A)","cutis":"Preta","naturezasEnvolvidas":"Homicídio simples (art. 121)"}],"naturezas":[{"especie":"Título I - Pessoa (arts. 121 a 154)","descricao":"Homicídio simples (art. 121)"}],"categoria":"HOMICIDIO_DOLOSO"}