{"idBO":"2014-10309-4019","numero":"4019","idDelegacia":"10309","tipoBoletim":"Principal","dependencia":"55º D.P. PARQUE S.RAFAEL","local":"AVENIDA SAPOPEMBA, 23800 - PROMORAR RIO CLARO - S.PAULO - SP","tipoLocal":"Area não ocupada","circunscricao":"55º D.P. PARQUE S.RAFAEL","dataOcorrencia":"25/11/2014","turnoOcorrencia":"PELA MANHÃ","dataComunicacao":"25/11/2014","horaComunicacao":"11:18","dataElaboracao":"25/11/2014","horaElaboracao":"11:27","flagrante":"Não","examesRequisitados":"IML","solucao":"BO PARA INVESTIGAÇÃO","partesEnvolvidas":[{"cutis":"Outros","naturezasEnvolvidas":"Homicídio simples (art. 121)"}],"naturezas":[{"especie":"Título I - Pessoa (arts. 121 a 154)","descricao":"Homicídio simples (art. 121)"}],"categoria":"HOMICIDIO_DOLOSO"}