{"idBO":"2014-10226-3280","numero":"3280","idDelegacia":"10226","tipoBoletim":"Principal","dependencia":"26º D.P. SACOMA","local":"RUA MENINO DE ENGENHO, 263 - JD. SÃO SAVÉRIO - S.PAULO - SP","tipoLocal":"Residência","circunscricao":"83º D.P. PARQUE BRISTOL","dataOcorrencia":"13/04/2014","turnoOcorrencia":"A TARDE","dataComunicacao":"13/04/2014","horaComunicacao":"18:54","dataElaboracao":"13/04/2014","horaElaboracao":"18:56","flagrante":"Não","examesRequisitados":"IC-IML","solucao":"BO PARA FLAGRANTE","partesEnvolvidas":[{"nome":"LUCILEIA RAMOS","tipoEnvolvimento":"Vítima","rg":"36664307-SP","naturalidade":"DIADEMA -SP","nacionalidade":"BRASILEIRA","sexo":"Feminino","dataNascimento":"09/02/1977","idade":"37","estadoCivil":"Casado","instrucao":"1 Grau completo","profissao":"AUXILIAR DE LIMPEZA","cutis":"Preta","naturezasEnvolvidas":"Homicídio simples (art. 121), Violência Doméstica"}],"naturezas":[{"especie":"Título I - Pessoa (arts. 121 a 154)","descricao":"Homicídio simples (art. 121)"},{"especie":"L 11340/06 Violência Doméstica","descricao":"Violência Doméstica"}],"categoria":"HOMICIDIO_DOLOSO"}