{"idBO":"2014-10346-1707","numero":"1707","idDelegacia":"10346","tipoBoletim":"Principal","dependencia":"46º D.P. PERUS","local":"ESTRADA TURISTICA DO JARAGUA, 1187 - SAO DOMINGOS - S.PAULO - SP","tipoLocal":"Comércio e serviços","circunscricao":"46º D.P. PERUS","dataOcorrencia":"28/04/2014","turnoOcorrencia":"PELA MANHÃ","dataComunicacao":"28/04/2014","horaComunicacao":"14:31","dataElaboracao":"28/04/2014","horaElaboracao":"15:17","flagrante":"Não","examesRequisitados":"IC-IML","solucao":"BO PARA INVESTIGAÇÃO","partesEnvolvidas":[{"nome":"WILLIAMA BEZERRA DE ANDRADE","tipoEnvolvimento":"Vítima","rg":"14072145-SP","naturalidade":"POCINHOS/PB","sexo":"Masculino","dataNascimento":"05/06/1960","idade":"53","estadoCivil":"Ignorado","instrucao":"1 Grau completo","profissao":"EMPRESARIO(A)","cutis":"Branca","naturezasEnvolvidas":"Homicídio simples (art. 121)"}],"naturezas":[{"especie":"Título I - Pessoa (arts. 121 a 154)","descricao":"Homicídio simples (art. 121)"}],"categoria":"HOMICIDIO_DOLOSO"}