{"idBO":"2014-30304-1383","numero":"1383","idDelegacia":"30304","tipoBoletim":"Principal","dependencia":"DEL.POL.ITAQUAQUECETUBA","local":"JOÃO CASTELLI, 66 - PQ.VIVIANE - ITAQUAQUECETUBA - SP","tipoLocal":"Restaurante e afins","circunscricao":"01º D.P. ITAQUAQUECETUBA","dataOcorrencia":"07/03/2014","turnoOcorrencia":"A NOITE","dataComunicacao":"08/03/2014","horaComunicacao":"06:16","dataElaboracao":"08/03/2014","horaElaboracao":"06:19","flagrante":"Não","examesRequisitados":"IC-IML","solucao":"APRECIAÇÃO DO DELEGADO TITULAR","partesEnvolvidas":[{"nome":"JOSE FRANCISCO DE MELO","tipoEnvolvimento":"Vítima","rg":"14259036-PE","naturalidade":"SERTANIA/PE","nacionalidade":"BRASILEIRA","sexo":"Masculino","dataNascimento":"25/11/1946","idade":"67","estadoCivil":"Casado","instrucao":"Analfabeto","profissao":"COMERCIANTE","cutis":"Branca","naturezasEnvolvidas":"Homicídio qualificado (art. 121, §2o.)"},{"nome":"MARIO SERGIO DOS SANTOS","tipoEnvolvimento":"Vítima","rg":"50371846-SP","naturalidade":"SERTANIA -PE","nacionalidade":"BRASILEIRA","sexo":"Masculino","dataNascimento":"08/03/1985","idade":"29","estadoCivil":"Solteiro","instrucao":"2 Grau completo","profissao":"AJUDANTE","cutis":"Branca","naturezasEnvolvidas":"Roubo (art. 157)"},{"nome":"CICERO ELTON DE BRITO MELO","tipoEnvolvimento":"Vítima","rg":"41803294-SP","naturalidade":"SERTANIA -PE","nacionalidade":"BRASILEIRA","sexo":"Masculino","dataNascimento":"06/01/1992","idade":"22","estadoCivil":"Solteiro","instrucao":"1 Grau incompleto","profissao":"FORNEIRO(A)","cutis":"Branca","naturezasEnvolvidas":"Roubo (art. 157)"},{"nome":"MAIKE HENRIQUE BATISTA DOS SANTOS","tipoEnvolvimento":"Vítima","naturalidade":"ITAQUAQUECETUBA -SP","nacionalidade":"BRASILEIRA","sexo":"Masculino","dataNascimento":"10/06/1996","idade":"17","estadoCivil":"Solteiro","instrucao":"2 Grau incompleto","cutis":"Branca","naturezasEnvolvidas":"Roubo (art. 157)"}],"naturezas":[{"especie":"Título II - Patrimônio (arts. 155 a 183)","descricao":"Roubo (art. 157)"},{"especie":"Título I - Pessoa (arts. 121 a 154)","descricao":"Homicídio qualificado (art. 121, §2o.)"}],"categoria":"HOMICIDIO_DOLOSO"}