{"idBO":"2014-10336-11335","numero":"11335","idDelegacia":"10336","tipoBoletim":"Principal","dependencia":"73º D.P. JACANA","local":"RUA LUIS MARTINS, 68 - JD FONTALIS - S.PAULO - SP","tipoLocal":"Via pública","circunscricao":"73º D.P. JACANA","dataOcorrencia":"29/10/2014","turnoOcorrencia":"DE MADRUGADA","dataComunicacao":"29/10/2014","horaComunicacao":"05:38","dataElaboracao":"29/10/2014","horaElaboracao":"05:40","flagrante":"Não","solucao":"APRECIAÇÃO DO DELEGADO TITULAR","partesEnvolvidas":[{"sexo":"Masculino","idade":"0","cutis":"Parda","naturezasEnvolvidas":"Homicídio simples (art. 121)"}],"naturezas":[{"especie":"Título I - Pessoa (arts. 121 a 154)","descricao":"Homicídio simples (art. 121)"}],"categoria":"HOMICIDIO_DOLOSO"}