{"idBO":"2014-100462-151","numero":"151","idDelegacia":"100462","tipoBoletim":"Principal","dependencia":"DEL.INV.GER. S.JOAQUIM BARRA","local":"RUA OSVALDO LUÍS DA SILVA, 251 - SAO JOAQUIM DA BARRA - S.JOAQUIM DA BARRA - SP","tipoLocal":"Residência","circunscricao":"02º D.P. SAO JOAQUIM DA BARRA","dataOcorrencia":"14/10/2014","turnoOcorrencia":"PELA MANHÃ","dataComunicacao":"14/10/2014","horaComunicacao":"08:00","dataElaboracao":"14/10/2014","horaElaboracao":"09:44","flagrante":"Não","examesRequisitados":"IC-IML","solucao":"BO PARA FLAGRANTE","partesEnvolvidas":[{"nome":"RENAN AMARAL MARTINS","tipoEnvolvimento":"Vítima","rg":"40030654-SP","naturalidade":"S.JOAQUIM DA BARRA -SP","nacionalidade":"BRASILEIRA","sexo":"Masculino","dataNascimento":"03/02/1994","idade":"20","estadoCivil":"Solteiro","profissao":"DESEMPREGADO(A)","cutis":"Branca","naturezasEnvolvidas":"Homicídio qualificado (art. 121, §2o.)"}],"naturezas":[{"especie":"Título I - Pessoa (arts. 121 a 154)","descricao":"Homicídio qualificado (art. 121, §2o.)"}],"categoria":"HOMICIDIO_DOLOSO"}