{"idBO":"2014-100437-1611","numero":"1611","idDelegacia":"100437","tipoBoletim":"Principal","dependencia":"DEL.POL.PITANGUEIRAS","local":"RUA JOSÉ CLEMENTE, 222 - JARDIM SANTA VITORIA - PITANGUEIRAS - SP","tipoLocal":"Via pública","circunscricao":"DEL.POL.PITANGUEIRAS","dataOcorrencia":"11/10/2014","turnoOcorrencia":"A NOITE","dataComunicacao":"11/10/2014","horaComunicacao":"22:19","dataElaboracao":"11/10/2014","horaElaboracao":"22:33","flagrante":"Não","examesRequisitados":"IC-IML","solucao":"BO PARA INVESTIGAÇÃO","partesEnvolvidas":[{"nome":"VALERIA FERREIRA LOPES","tipoEnvolvimento":"Vítima","rg":"44689043-SP","naturalidade":"PITANGUEIRAS -SP","nacionalidade":"BRASILEIRA","sexo":"Feminino","dataNascimento":"02/12/1993","idade":"20","estadoCivil":"Solteiro","instrucao":"1 Grau completo","cutis":"Parda","naturezasEnvolvidas":"Homicídio simples (art. 121)"}],"naturezas":[{"especie":"Título I - Pessoa (arts. 121 a 154)","descricao":"Homicídio simples (art. 121)"}],"categoria":"HOMICIDIO_DOLOSO"}