{"idBO":"2014-130324-64","numero":"64","idDelegacia":"130324","tipoBoletim":"Principal","dependencia":"06º D.P. S.JOSE DOS CAMPOS","local":"TRAVESSA UM, PROX. 265, 265 - BOM RETIRO - S.JOSE DOS CAMPOS - SP","tipoLocal":"Area não ocupada","circunscricao":"06º D.P. S.JOSE DOS CAMPOS","dataOcorrencia":"10/01/2014","turnoOcorrencia":"EM HORA INCERTA","dataComunicacao":"10/01/2014","horaComunicacao":"14:08","dataElaboracao":"10/01/2014","horaElaboracao":"14:14","flagrante":"Não","examesRequisitados":"IC-IML","solucao":"APRECIAÇÃO DO DELEGADO TITULAR","partesEnvolvidas":[{"nome":"ALEXANDRE FRANCISCO DOS SANTOS","tipoEnvolvimento":"Vítima","rg":"24901268-SP","naturalidade":"S.PAULO -SP","nacionalidade":"BRASILEIRA","sexo":"Masculino","dataNascimento":"23/04/1974","idade":"39","estadoCivil":"Solteiro","instrucao":"1 Grau completo","cutis":"Preta","naturezasEnvolvidas":"Homicídio simples (art. 121)"}],"naturezas":[{"especie":"Título I - Pessoa (arts. 121 a 154)","descricao":"Homicídio simples (art. 121)"}],"categoria":"HOMICIDIO_DOLOSO"}