{"idBO":"2014-130516-5238","numero":"5238","idDelegacia":"130516","tipoBoletim":"Complementar","dependencia":"DEL.SEC.TAUBATE PLANTÃO","local":"AVENIDA DOM PEDRO I, 2759 - PQ PRESIDENTE DUTRA - TAUBATE - SP","tipoLocal":"Via pública","circunscricao":"01º D.P. TAUBATE","dataOcorrencia":"26/09/2014","turnoOcorrencia":"DE MADRUGADA","dataComunicacao":"14/10/2014","horaComunicacao":"23:28","dataElaboracao":"14/10/2014","horaElaboracao":"23:31","flagrante":"Não","examesRequisitados":"IML","solucao":"BO PARA ADENDO","partesEnvolvidas":[{"sexo":"Masculino","idade":"0","cutis":"Preta","naturezasEnvolvidas":"Homicídio simples (art. 121)"}],"naturezas":[{"especie":"Título I - Pessoa (arts. 121 a 154)","descricao":"Homicídio simples (art. 121)"}],"numeroBoPrincipal":"4912","anoBoPrincipal":"2014","nomeDelegaciaBoPrincipal":"DEL.SEC.TAUBATE PLANTÃO","categoria":"HOMICIDIO_DOLOSO"}