{"idBO":"2014-10335-2527","numero":"2527","idDelegacia":"10335","tipoBoletim":"Principal","dependencia":"72º D.P. VILA PENTEADO","local":"R IAMANDU, 129 - CARUMBE - S.PAULO - SP","tipoLocal":"Via pública","circunscricao":"74º D.P. PARADA TAIPAS","dataOcorrencia":"16/03/2014","turnoOcorrencia":"A NOITE","dataComunicacao":"17/03/2014","horaComunicacao":"01:56","dataElaboracao":"17/03/2014","horaElaboracao":"02:10","flagrante":"Não","examesRequisitados":"IC-IML","solucao":"APRECIAÇÃO DO DELEGADO TITULAR","partesEnvolvidas":[{"nome":"ASSIS LUIS DA SILVA","tipoEnvolvimento":"Vítima","rg":"25847915-SP","naturalidade":"BORBOREMA -PB","sexo":"Masculino","dataNascimento":"08/08/1965","idade":"48","estadoCivil":"Solteiro","instrucao":"1 Grau completo","profissao":"SERRALHEIRO(A)","cutis":"Branca","naturezasEnvolvidas":"Homicídio simples (art. 121)"}],"naturezas":[{"especie":"Título I - Pessoa (arts. 121 a 154)","descricao":"Homicídio simples (art. 121)"}],"categoria":"HOMICIDIO_DOLOSO"}