{"idBO":"2014-200100-299","numero":"299","idDelegacia":"200100","tipoBoletim":"Complementar","dependencia":"DHPP DIV. HOMICIDIOS","local":"RUA MAURO, 620 - SAUDE - S.PAULO - SP","tipoLocal":"Via pública","circunscricao":"16º D.P. VILA CLEMENTINO","dataOcorrencia":"19/04/2014","turnoOcorrencia":"PELA MANHÃ","dataComunicacao":"19/04/2014","horaComunicacao":"13:30","dataElaboracao":"19/04/2014","horaElaboracao":"13:31","flagrante":"Não","examesRequisitados":"IC-IML","solucao":"BO PARA INQUÉRITO","partesEnvolvidas":[{"nome":"RODRIGO LUCAS CEZAR ALVES","tipoEnvolvimento":"Vítima","rg":"27095634-SP","naturalidade":"S.PAULO -SP","nacionalidade":"BRASILEIRA","sexo":"Masculino","dataNascimento":"15/01/1983","idade":"31","estadoCivil":"Solteiro","instrucao":"2 Grau completo","cutis":"Parda","naturezasEnvolvidas":"Homicídio simples (art. 121)"},{"nome":"FELLIPE TONON NOGUEIRA","tipoEnvolvimento":"Vítima","rg":"35780571-SP","naturalidade":"CAMPINAS -SP","nacionalidade":"BRASILEIRA","sexo":"Masculino","dataNascimento":"28/07/1987","idade":"26","estadoCivil":"Solteiro","instrucao":"2 Grau completo","cutis":"Parda","naturezasEnvolvidas":"Homicídio simples (art. 121)"}],"naturezas":[{"especie":"Título I - Pessoa (arts. 121 a 154)","descricao":"Homicídio simples (art. 121)"}],"numeroBoPrincipal":"4830","anoBoPrincipal":"2014","nomeDelegaciaBoPrincipal":"16º D.P. VILA CLEMENTINO","categoria":"HOMICIDIO_DOLOSO"}