{"idBO":"2014-30302-4455","numero":"4455","idDelegacia":"30302","tipoBoletim":"Principal","dependencia":"DEL.POL.FERRAZ DE VASCONCELOS","local":"ESTRADA BANDEIRANTE - JD. ANGELINA - FERRAZ DE VASCONCELOS - SP","tipoLocal":"Via pública","circunscricao":"DEL.POL.FERRAZ DE VASCONCELOS","dataOcorrencia":"09/08/2014","turnoOcorrencia":"PELA MANHÃ","dataComunicacao":"09/08/2014","horaComunicacao":"10:30","dataElaboracao":"09/08/2014","horaElaboracao":"10:59","flagrante":"Não","examesRequisitados":"IC-IML","solucao":"BO PARA INQUÉRITO","partesEnvolvidas":[{"nome":"SERGIO LUIZ DE OLIVEIRA","tipoEnvolvimento":"Vítima","rg":"17948804-SP","naturalidade":"S.PAULO/SP","nacionalidade":"BRASILEIRA","sexo":"Masculino","dataNascimento":"23/01/1968","idade":"46","estadoCivil":"Convivente","instrucao":"2 Grau incompleto","profissao":"VIGILANTE","cutis":"Parda","naturezasEnvolvidas":"Roubo (art. 157)"}],"naturezas":[{"especie":"Título II - Patrimônio (arts. 155 a 183)","descricao":"Roubo (art. 157)","desdobramentos":"§3o. Se da violência resulta morte:"}],"categoria":"LATROCINIO"}