{"idBO":"2014-10108-3514","numero":"3514","idDelegacia":"10108","tipoBoletim":"Principal","dependencia":"08º D.P. BRAS","local":"AVENIDA PREFEITO FABIO PRADO, 32 - VILA MARIANA - S.PAULO - SP","tipoLocal":"Comércio e serviços","circunscricao":"06º D.P. CAMBUCI","dataOcorrencia":"29/04/2014","turnoOcorrencia":"A NOITE","dataComunicacao":"29/04/2014","horaComunicacao":"23:42","dataElaboracao":"29/04/2014","horaElaboracao":"23:46","flagrante":"Não","solucao":"ENCAMINHAMENTO DP ÁREA DO FATO","partesEnvolvidas":[{"nome":"ERNESTO PISANELLI NETO","tipoEnvolvimento":"Vítima","rg":"4660357-SP","naturalidade":"S.PAULO -SP","nacionalidade":"BRASILEIRA","sexo":"Masculino","dataNascimento":"12/06/1951","idade":"62","estadoCivil":"Casado","instrucao":"Superior completo","profissao":"ARQUITETO(A)","cutis":"Branca","naturezasEnvolvidas":"Roubo (art. 157)"}],"naturezas":[{"especie":"Título II - Patrimônio (arts. 155 a 183)","descricao":"Roubo (art. 157)","desdobramentos":"§3o. Se da violência resulta morte:"},{"especie":"Título II - Patrimônio (arts. 155 a 183)","descricao":"Roubo (art. 157)"}],"categoria":"LATROCINIO"}