{"idBO":"2014-120311-221","numero":"221","idDelegacia":"120311","tipoBoletim":"Principal","dependencia":"DEL.POL.CAPELA DO ALTO","local":"TRAVESSA TRAVESSA 01 ESTRADA PORTO/BARRA - DISTRITO DO PORTO - CAPELA DO ALTO - SP","tipoLocal":"Unidade rural","circunscricao":"DEL.POL.CAPELA DO ALTO","dataOcorrencia":"17/04/2014","turnoOcorrencia":"PELA MANHÃ","dataComunicacao":"17/04/2014","horaComunicacao":"13:57","dataElaboracao":"17/04/2014","horaElaboracao":"14:07","flagrante":"Não","examesRequisitados":"IC-IML","solucao":"APRECIAÇÃO DO DELEGADO TITULAR","partesEnvolvidas":[{"nome":"DESCONHECIDA","tipoEnvolvimento":"Vítima","sexo":"Masculino","idade":"0","cutis":"Branca","naturezasEnvolvidas":"Homicídio qualificado (art. 121, §2o.)"}],"naturezas":[{"especie":"Título I - Pessoa (arts. 121 a 154)","descricao":"Homicídio qualificado (art. 121, §2o.)"}],"categoria":"HOMICIDIO_DOLOSO"}