{"idBO":"2014-10353-1988","numero":"1988","idDelegacia":"10353","tipoBoletim":"Principal","dependencia":"53º D.P. PARQUE DO CARMO","local":"R CHUBEI TAKAGASHI - COLONIA JAPONESA - S.PAULO - SP","tipoLocal":"Via pública","circunscricao":"53º D.P. PARQUE DO CARMO","dataOcorrencia":"12/03/2014","turnoOcorrencia":"DE MADRUGADA","dataComunicacao":"12/03/2014","horaComunicacao":"06:00","dataElaboracao":"12/03/2014","horaElaboracao":"06:03","flagrante":"Não","examesRequisitados":"IML","solucao":"BO PARA REGISTRO","partesEnvolvidas":[{"nome":"VÍTIMA DESCONHECIDA","tipoEnvolvimento":"Vítima","sexo":"Masculino","idade":"0","cutis":"Branca","naturezasEnvolvidas":"Homicídio simples (art. 121)"}],"naturezas":[{"especie":"Título I - Pessoa (arts. 121 a 154)","descricao":"Homicídio simples (art. 121)"}],"categoria":"HOMICIDIO_DOLOSO"}