{"idBO":"2014-120607-4414","numero":"4414","idDelegacia":"120607","tipoBoletim":"Principal","dependencia":"PLANTÃO DE SOROCABA - Z. NORTE","local":"RUA JAIME DOS SANTOS, 160 - PARQUE DAS PAINEIRAS - SOROCABA - SP","tipoLocal":"Restaurante e afins","circunscricao":"11º D.P. SOROCABA","dataOcorrencia":"29/04/2014","turnoOcorrencia":"A NOITE","dataComunicacao":"30/04/2014","horaComunicacao":"03:17","dataElaboracao":"30/04/2014","horaElaboracao":"03:25","flagrante":"Não","examesRequisitados":"IC-IML","solucao":"ENCAMINHAMENTO DP ÁREA DO FATO","partesEnvolvidas":[{"nome":"AGOSTINHO PEREIRA DA CRUZ","tipoEnvolvimento":"Vítima","rg":"16707849-SP","naturalidade":"RAUL SOARES -MG","nacionalidade":"BRASILEIRA","sexo":"Masculino","dataNascimento":"05/11/1963","idade":"50","estadoCivil":"Solteiro","instrucao":"1 Grau completo","profissao":"PEDREIRO","cutis":"Parda","naturezasEnvolvidas":"Homicídio qualificado (art. 121, §2o.)"},{"nome":"FABIO DE LOURENCO","tipoEnvolvimento":"Vítima","rg":"28706132-SP","naturalidade":"SOROCABA -SP","nacionalidade":"BRASILEIRA","sexo":"Masculino","dataNascimento":"23/01/1979","idade":"35","estadoCivil":"Solteiro","profissao":"GESSEIRO(A)","cutis":"Branca","naturezasEnvolvidas":"Homicídio qualificado (art. 121, §2o.)"},{"nome":"CAIO CESAR FERNANDES NERY","tipoEnvolvimento":"Vítima","rg":"28707137-SP","naturalidade":"MOGI-MIRIM -SP","nacionalidade":"BRASILEIRA","sexo":"Masculino","dataNascimento":"08/10/1986","idade":"27","estadoCivil":"Solteiro","instrucao":"2 Grau completo","profissao":"COMERCIANTE","cutis":"Branca","naturezasEnvolvidas":"Homicídio qualificado (art. 121, §2o.)"}],"naturezas":[{"especie":"Título I - Pessoa (arts. 121 a 154)","descricao":"Homicídio qualificado (art. 121, §2o.)","desdobramentos":"IV - à traição ou mediante dissimulação ou outro recurso"},{"especie":"Título I - Pessoa (arts. 121 a 154)","descricao":"Homicídio qualificado (art. 121, §2o.)","desdobramentos":"IV - à traição ou mediante dissimulação ou outro recurso"}],"categoria":"HOMICIDIO_DOLOSO"}