{"idBO":"2014-30404-126","numero":"126","idDelegacia":"30404","tipoBoletim":"Principal","dependencia":"DEL.POL.EMBU DAS ARTES","local":"AV ROTARY, 2103 - JD CASA BRANCA - EMBU - SP","tipoLocal":"Via pública","circunscricao":"01º D.P. EMBU DAS ARTES","dataOcorrencia":"11/01/2014","turnoOcorrencia":"PELA MANHÃ","dataComunicacao":"11/01/2014","horaComunicacao":"14:23","dataElaboracao":"11/01/2014","horaElaboracao":"14:26","flagrante":"Não","examesRequisitados":"IC-IML","solucao":"ENCAMINHAMENTO DP ÁREA DO FATO","partesEnvolvidas":[{"nome":"LEANDRO APARECIDO BATISTA","tipoEnvolvimento":"Vítima","rg":"36499922-SP","naturalidade":"S.PAULO -SP","nacionalidade":"BRASILEIRA","sexo":"Masculino","dataNascimento":"23/04/1982","idade":"31","estadoCivil":"Solteiro","instrucao":"1 Grau incompleto","profissao":"BALCONISTA","cutis":"Branca","naturezasEnvolvidas":"Homicídio simples (art. 121)"}],"naturezas":[{"especie":"Título I - Pessoa (arts. 121 a 154)","descricao":"Homicídio simples (art. 121)"}],"categoria":"HOMICIDIO_DOLOSO"}