{"idBO":"2014-30427-438","numero":"438","idDelegacia":"30427","tipoBoletim":"Principal","dependencia":"01º D.P. CARAPICUIBA","local":"R BORACEIA, 10 - VILA SILVIANIA - ESTRADA DO PEQUIA - - CARAPICUIBA - SP","tipoLocal":"Via pública","circunscricao":"02º D.P. CARAPICUIBA","dataOcorrencia":"12/01/2014","turnoOcorrencia":"DE MADRUGADA","dataComunicacao":"12/01/2014","horaComunicacao":"04:04","dataElaboracao":"12/01/2014","horaElaboracao":"04:07","flagrante":"Não","examesRequisitados":"IC-IML","solucao":"BO PARA INVESTIGAÇÃO","partesEnvolvidas":[{"nome":"IGOR FILIPE RODRIGUES GALDINO","tipoEnvolvimento":"Vítima","rg":"44841591-SP","naturalidade":"OSASCO -SP","nacionalidade":"BRASILEIRA","sexo":"Masculino","dataNascimento":"18/04/1989","idade":"24","estadoCivil":"Solteiro","instrucao":"1 Grau completo","cutis":"Parda","naturezasEnvolvidas":"Homicídio simples (art. 121)"},{"nome":"LEONARDO MARCELINO RIBEIRO","tipoEnvolvimento":"Vítima","rg":"44184706-SP","naturalidade":"CARAPICUIBA -SP","nacionalidade":"BRASILEIRA","sexo":"Masculino","dataNascimento":"06/05/1986","idade":"27","estadoCivil":"Solteiro","instrucao":"1 Grau completo","cutis":"Outros","naturezasEnvolvidas":"Homicídio simples (art. 121)"},{"nome":"JOSE IVAN BEZERRA","tipoEnvolvimento":"Vítima","rg":"25370715-SP","naturalidade":"CAMPINA GRANDE -PB","nacionalidade":"BRASILEIRA","sexo":"Masculino","dataNascimento":"11/10/1969","idade":"44","estadoCivil":"Solteiro","instrucao":"1 Grau completo","cutis":"Outros","naturezasEnvolvidas":"Homicídio simples (art. 121), Homicídio simples (art. 121)"}],"naturezas":[{"especie":"Título I - Pessoa (arts. 121 a 154)","descricao":"Homicídio simples (art. 121)"},{"especie":"Título I - Pessoa (arts. 121 a 154)","descricao":"Homicídio simples (art. 121)"}],"categoria":"HOMICIDIO_DOLOSO"}