{"idBO":"2014-10335-2534","numero":"2534","idDelegacia":"10335","tipoBoletim":"Complementar","dependencia":"72º D.P. VILA PENTEADO","local":"ESTRADA DA CACHOEIRA, 129 - JARDIM PAULISTANO - S.PAULO - SP","tipoLocal":"Via pública","circunscricao":"74º D.P. PARADA TAIPAS","dataOcorrencia":"16/03/2014","turnoOcorrencia":"A NOITE","dataComunicacao":"17/03/2014","horaComunicacao":"07:10","dataElaboracao":"17/03/2014","horaElaboracao":"07:17","flagrante":"Não","examesRequisitados":"IC-IML","solucao":"BO PARA ADENDO","partesEnvolvidas":[{"nome":"ASSIS LUIS DA SILVA","tipoEnvolvimento":"Vítima","rg":"25847915-SP","naturalidade":"BORBOREMA -PB","sexo":"Masculino","dataNascimento":"08/08/1965","idade":"48","estadoCivil":"Solteiro","instrucao":"1 Grau completo","profissao":"SERRALHEIRO(A)","cutis":"Branca","naturezasEnvolvidas":"Homicídio simples (art. 121)"}],"naturezas":[{"especie":"Título I - Pessoa (arts. 121 a 154)","descricao":"Homicídio simples (art. 121)"}],"numeroBoPrincipal":"186","anoBoPrincipal":"2014","nomeDelegaciaBoPrincipal":"DHPP DIV. HOMICIDIOS","categoria":"HOMICIDIO_DOLOSO"}