{"idBO":"2014-130409-568","numero":"568","idDelegacia":"130409","tipoBoletim":"Principal","dependencia":"01º D.P. TAUBATE","local":"AV TIRADENTES, 280 - JD DAS NAÇÕES - TAUBATE - SP","tipoLocal":"Saúde","circunscricao":"01º D.P. TAUBATE","dataOcorrencia":"21/02/2014","turnoOcorrencia":"A TARDE","dataComunicacao":"21/02/2014","horaComunicacao":"12:24","dataElaboracao":"21/02/2014","horaElaboracao":"12:29","flagrante":"Não","examesRequisitados":"IML","solucao":"ENCAMINHAMENTO DP ÁREA DO FATO","partesEnvolvidas":[{"nome":"ALTAIR DE OLIVEIRA","tipoEnvolvimento":"Vítima","rg":"20606528-SP","naturalidade":"CACHOEIRA PAULISTA -SP","sexo":"Masculino","dataNascimento":"02/05/1957","idade":"56","estadoCivil":"Casado","instrucao":"1 Grau completo","profissao":"VIGILANTE","cutis":"Branca","naturezasEnvolvidas":"Homicídio simples (art. 121)"}],"naturezas":[{"especie":"Título I - Pessoa (arts. 121 a 154)","descricao":"Homicídio simples (art. 121)"}],"categoria":"HOMICIDIO_DOLOSO"}