{"idBO":"2014-200100-464","numero":"464","idDelegacia":"200100","tipoBoletim":"Complementar","dependencia":"DHPP DIV. HOMICIDIOS","local":"RUA SANTA CATARINA - TATUAPE - S.PAULO - SP","tipoLocal":"Via pública","circunscricao":"52º D.P. PARQUE S.JORGE","dataOcorrencia":"19/06/2014","turnoOcorrencia":"A TARDE","dataComunicacao":"19/06/2014","horaComunicacao":"21:04","dataElaboracao":"19/06/2014","horaElaboracao":"21:05","flagrante":"Não","solucao":"BO PARA ADENDO","partesEnvolvidas":[{"nome":"TULIO SERGIO CUNHA","tipoEnvolvimento":"Vítima","rg":"18435089-SP","naturalidade":"PONTE NOVA -MG","nacionalidade":"BRASILEIRA","sexo":"Masculino","dataNascimento":"11/12/1969","idade":"44","estadoCivil":"Solteiro","instrucao":"2 Grau completo","profissao":"EMPRESARIO(A)","cutis":"Preta","naturezasEnvolvidas":"Homicídio simples (art. 121)"}],"naturezas":[{"especie":"Título I - Pessoa (arts. 121 a 154)","descricao":"Homicídio simples (art. 121)"}],"numeroBoPrincipal":"6047","anoBoPrincipal":"2014","nomeDelegaciaBoPrincipal":"10º D.P. PENHA DE FRANCA","categoria":"HOMICIDIO_DOLOSO"}