{"idBO":"2014-120505-1136","numero":"1136","idDelegacia":"120505","tipoBoletim":"Principal","dependencia":"DEL.POL.IBIÚNA","local":"RUA SETE, 118 - FAZENDA VELHA - CEP: 18150000 - IBIUNA - SP","tipoLocal":"Residência","circunscricao":"DEL.POL.IBIÚNA","dataOcorrencia":"08/05/2014","turnoOcorrencia":"PELA MANHÃ","dataComunicacao":"08/05/2014","horaComunicacao":"18:36","dataElaboracao":"08/05/2014","horaElaboracao":"18:37","flagrante":"Não","examesRequisitados":"IML","solucao":"APRECIAÇÃO DO DELEGADO TITULAR","partesEnvolvidas":[{"nome":"CLAUDIONOR JOSE DO NASCIMENTO","tipoEnvolvimento":"Vítima","rg":"3428156-PB","naturalidade":"PERNAMBUCO-PB","nacionalidade":"BRASILEIRA","sexo":"Masculino","dataNascimento":"26/07/1968","idade":"45","estadoCivil":"Solteiro","instrucao":"1 Grau completo","profissao":"LAVRADOR(A)","cutis":"Parda","naturezasEnvolvidas":"Homicídio simples (art. 121)"}],"naturezas":[{"especie":"Título I - Pessoa (arts. 121 a 154)","descricao":"Homicídio simples (art. 121)"}],"categoria":"HOMICIDIO_DOLOSO"}