{"idBO":"2014-10349-1220","numero":"1220","idDelegacia":"10349","tipoBoletim":"Complementar","dependencia":"85º D.P. JARDIM MIRNA","local":"AVENIDA ABILIO PEREIRA DE ALMEIDA, 58 - RIO PEQUENO - S.PAULO - SP","tipoLocal":"Residência","circunscricao":"51º D.P. RIO PEQUENO","dataOcorrencia":"27/03/2014","turnoOcorrencia":"DE MADRUGADA","dataComunicacao":"27/03/2014","horaComunicacao":"15:34","dataElaboracao":"27/03/2014","horaElaboracao":"15:36","flagrante":"Não","examesRequisitados":"IML","solucao":"BO PARA ADENDO","partesEnvolvidas":[{"nome":"MARIA APARECIDA LUCIANO FERNANDES","tipoEnvolvimento":"Vítima","rg":"001713122-MS","sexo":"Feminino","dataNascimento":"16/07/1944","idade":"69","estadoCivil":"Viuvo","cutis":"Parda","naturezasEnvolvidas":"Homicídio simples (art. 121)"}],"naturezas":[{"especie":"Título I - Pessoa (arts. 121 a 154)","descricao":"Homicídio simples (art. 121)"}],"numeroBoPrincipal":"2852","anoBoPrincipal":"2014","nomeDelegaciaBoPrincipal":"101º D.P. JDIM IMBUIAS","categoria":"HOMICIDIO_DOLOSO"}