{"idBO":"2014-30207-5208","numero":"5208","idDelegacia":"30207","tipoBoletim":"Principal","dependencia":"02º D.P. GUARULHOS","local":"RUA SÃO MANOEL, 393 - VILA GALVÃO - GUARULHOS - SP","tipoLocal":"Area não ocupada","circunscricao":"02º D.P. GUARULHOS","dataOcorrencia":"30/08/2014","turnoOcorrencia":"A TARDE","dataComunicacao":"30/08/2014","horaComunicacao":"16:58","dataElaboracao":"30/08/2014","horaElaboracao":"17:01","flagrante":"Não","examesRequisitados":"IC-IML","solucao":"APRECIAÇÃO DO DELEGADO TITULAR","partesEnvolvidas":[{"nome":"DESCONHECIDA","tipoEnvolvimento":"Vítima","sexo":"Feminino","idade":"27","cutis":"Parda","naturezasEnvolvidas":"Homicídio simples (art. 121)"}],"naturezas":[{"especie":"Título I - Pessoa (arts. 121 a 154)","descricao":"Homicídio simples (art. 121)"}],"categoria":"HOMICIDIO_DOLOSO"}