{"idBO":"2014-20249-10750","numero":"10750","idDelegacia":"20249","tipoBoletim":"Principal","dependencia":"49º D.P. SAO MATEUS","local":"RUA ALEXANDRE DAVIDENKO, 468 - BARRO BRANCO - S.PAULO - SP","tipoLocal":"Via pública","circunscricao":"54º D.P. CID. TIRADENTES","dataOcorrencia":"31/08/2014","turnoOcorrencia":"PELA MANHÃ","dataComunicacao":"31/08/2014","horaComunicacao":"09:39","dataElaboracao":"31/08/2014","horaElaboracao":"09:55","flagrante":"Não","examesRequisitados":"IC-IML","solucao":"ENCAMINHAMENTO DP ÁREA DO FATO","partesEnvolvidas":[{"nome":"BRUNO DE MENDONCA NEVES","tipoEnvolvimento":"Vítima","rg":"43512158-SP","naturalidade":"S.PAULO -SP","nacionalidade":"BRASILEIRA","sexo":"Masculino","dataNascimento":"27/07/1994","idade":"20","estadoCivil":"Solteiro","instrucao":"2 Grau completo","cutis":"Branca","naturezasEnvolvidas":"Roubo (art. 157)"}],"naturezas":[{"especie":"Título II - Patrimônio (arts. 155 a 183)","descricao":"Roubo (art. 157)","desdobramentos":"§3o. Se da violência resulta morte:"},{"especie":"Localização e/ou Devolução","descricao":"Localização/Apreensão e Entrega de veículo"}],"categoria":"LATROCINIO"}