{"idBO":"2014-30315-129","numero":"129","idDelegacia":"30315","tipoBoletim":"Complementar","dependencia":"SETOR HOM.SEC. MOGI CRUZES","local":"ESTRADA VOLTA FRIA - VOLTA FRIA - MOGI DAS CRUZES - SP","tipoLocal":"Area não ocupada","circunscricao":"02º D.P. MOGI DAS CRUZES","dataOcorrencia":"07/09/2014","turnoOcorrencia":"A NOITE","dataComunicacao":"10/09/2014","horaComunicacao":"13:31","dataElaboracao":"10/09/2014","horaElaboracao":"13:34","flagrante":"Não","examesRequisitados":"IC-IML","solucao":"BO PARA ADENDO","partesEnvolvidas":[{"nome":"ANDRÉ ALBERTO FERNANDES","tipoEnvolvimento":"Vítima","rg":"049245871-SP","naturalidade":"SÃO PAULO","nacionalidade":"BRASILEIRA","sexo":"Masculino","dataNascimento":"10/10/1991","idade":"22","estadoCivil":"Solteiro","instrucao":"2 Grau incompleto","profissao":"REPOSITOR(A)","cutis":"Branca","naturezasEnvolvidas":"Homicídio simples (art. 121)"}],"naturezas":[{"especie":"Título I - Pessoa (arts. 121 a 154)","descricao":"Homicídio simples (art. 121)"}],"numeroBoPrincipal":"4054","anoBoPrincipal":"2014","nomeDelegaciaBoPrincipal":"02º D.P. MOGI DAS CRUZES","categoria":"HOMICIDIO_DOLOSO"}