{"idBO":"2014-10247-11037","numero":"11037","idDelegacia":"10247","tipoBoletim":"Principal","dependencia":"47º D.P. CAPAO REDONDO","local":"RUA CITERON, 26 - JARDIM ANGELA - S.PAULO - SP","tipoLocal":"Via pública","circunscricao":"100º D.P. JDIM HERCULANO","dataOcorrencia":"05/10/2014","turnoOcorrencia":"A NOITE","dataComunicacao":"06/10/2014","horaComunicacao":"00:08","dataElaboracao":"06/10/2014","horaElaboracao":"00:15","flagrante":"Não","examesRequisitados":"IC-IML","solucao":"ENCAMINHAMENTO DP ÁREA DO FATO","partesEnvolvidas":[{"nome":"LUIS MARCOS DOS SANTOS","tipoEnvolvimento":"Vítima","rg":"49318541-SP","naturalidade":"S.PAULO -SP","nacionalidade":"BRASILEIRA","sexo":"Masculino","dataNascimento":"16/03/1993","idade":"21","estadoCivil":"Solteiro","instrucao":"1 Grau completo","profissao":"DESEMPREGADO(A)","cutis":"Branca","naturezasEnvolvidas":"Homicídio simples (art. 121)"}],"naturezas":[{"especie":"Título I - Pessoa (arts. 121 a 154)","descricao":"Homicídio simples (art. 121)"}],"categoria":"HOMICIDIO_DOLOSO"}