{"idBO":"2014-10356-6729","numero":"6729","idDelegacia":"10356","tipoBoletim":"Principal","dependencia":"89º D.P. JARDIM TABOAO","local":"RUA PASQUALE GALUPI, 400 - PARAISÓPOLIS - S.PAULO - SP","tipoLocal":"Residência","circunscricao":"89º D.P. JARDIM TABOAO","dataOcorrencia":"31/07/2014","turnoOcorrencia":"A NOITE","dataComunicacao":"01/08/2014","horaComunicacao":"02:32","dataElaboracao":"01/08/2014","horaElaboracao":"02:35","flagrante":"Não","solucao":"APRECIAÇÃO DO DELEGADO TITULAR","partesEnvolvidas":[{"nome":"VALQUIRIA FLAUZINO ALVES","tipoEnvolvimento":"Vítima","rg":"37132274-SP","naturalidade":"S.PAULO -SP","nacionalidade":"BRASILEIRA","sexo":"Feminino","dataNascimento":"18/01/1981","idade":"33","estadoCivil":"Solteiro","instrucao":"1 Grau completo","cutis":"Parda","naturezasEnvolvidas":"Homicídio simples (art. 121)"}],"naturezas":[{"especie":"Título I - Pessoa (arts. 121 a 154)","descricao":"Homicídio simples (art. 121)"}],"categoria":"HOMICIDIO_DOLOSO"}