{"idBO":"2014-30212-676","numero":"676","idDelegacia":"30212","tipoBoletim":"Principal","dependencia":"04º D.P. GUARULHOS","local":"EST DO CAPAO BONITO, 1471 - VILA ANY - GUARULHOS - SP","tipoLocal":"Area não ocupada","circunscricao":"04º D.P. GUARULHOS","dataOcorrencia":"26/01/2014","turnoOcorrencia":"A TARDE","dataComunicacao":"26/01/2014","horaComunicacao":"16:17","dataElaboracao":"26/01/2014","horaElaboracao":"16:21","flagrante":"Não","examesRequisitados":"IC-IML","solucao":"APRECIAÇÃO DO DELEGADO TITULAR","partesEnvolvidas":[{"nome":"DESCONHECIDO APROX 25 ANOS","tipoEnvolvimento":"Vítima","sexo":"Masculino","idade":"0","cutis":"Parda","naturezasEnvolvidas":"Homicídio simples (art. 121)"}],"naturezas":[{"especie":"Título I - Pessoa (arts. 121 a 154)","descricao":"Homicídio simples (art. 121)"}],"categoria":"HOMICIDIO_DOLOSO"}