{"idBO":"2014-30211-3135","numero":"3135","idDelegacia":"30211","tipoBoletim":"Principal","dependencia":"DEL.POL.STA ISABEL","local":"RODOVIA PRESIDENTE DUTRA - GRANHA URUPES - S.ISABEL - SP","tipoLocal":"Rodovia/Estrada","circunscricao":"DEL.POL.STA ISABEL","dataOcorrencia":"13/11/2014","turnoOcorrencia":"PELA MANHÃ","dataComunicacao":"13/11/2014","horaComunicacao":"12:51","dataElaboracao":"13/11/2014","horaElaboracao":"12:56","flagrante":"Não","examesRequisitados":"IC-IML","solucao":"BO PARA INQUÉRITO","partesEnvolvidas":[{"nome":"DESCONHECIDO","tipoEnvolvimento":"Vítima","sexo":"Feminino","idade":"0","cutis":"Branca","naturezasEnvolvidas":"Homicídio qualificado (art. 121, §2o.)"}],"naturezas":[{"especie":"Título I - Pessoa (arts. 121 a 154)","descricao":"Homicídio qualificado (art. 121, §2o.)","desdobramentos":"IV - à traição ou mediante dissimulação ou outro recurso"}],"categoria":"HOMICIDIO_DOLOSO"}