{"idBO":"2014-30103-2057","numero":"2057","idDelegacia":"30103","tipoBoletim":"Principal","dependencia":"02º D.P. SANTO ANDRÉ","local":"PC DA REPUBLICA, 12 - VILA CURUÇÁ - S.ANDRE - SP","tipoLocal":"Residência","circunscricao":"02º D.P. SANTO ANDRÉ","dataOcorrencia":"23/03/2014","turnoOcorrencia":"PELA MANHÃ","dataComunicacao":"23/03/2014","horaComunicacao":"10:07","dataElaboracao":"23/03/2014","horaElaboracao":"10:11","flagrante":"Sim","examesRequisitados":"IC-IML","solucao":"BO PARA FLAGRANTE","partesEnvolvidas":[{"nome":"JOSEPHA MARTINS GOMEZ","tipoEnvolvimento":"Vítima","rg":"20472593-SP","naturalidade":"GARÇA-SP","sexo":"Feminino","dataNascimento":"30/07/1936","idade":"77","estadoCivil":"Casado","instrucao":"Analfabeto","profissao":"APOSENTADO(A)","cutis":"Branca","naturezasEnvolvidas":"Homicídio simples (art. 121)"}],"naturezas":[{"especie":"Título I - Pessoa (arts. 121 a 154)","descricao":"Homicídio simples (art. 121)"}],"categoria":"HOMICIDIO_DOLOSO"}