{"idBO":"2014-30321-256","numero":"256","idDelegacia":"30321","tipoBoletim":"Principal","dependencia":"02º D.P. SUZANO","local":"AV WASHINGTON LUIZ, 1800 - JD EUROPA, EM FRENTE AO CONDOMIO CDH - SUZANO - SP","tipoLocal":"Via pública","circunscricao":"02º D.P. SUZANO","dataOcorrencia":"29/01/2014","turnoOcorrencia":"DE MADRUGADA","dataComunicacao":"29/01/2014","horaComunicacao":"09:17","dataElaboracao":"29/01/2014","horaElaboracao":"09:29","flagrante":"Não","examesRequisitados":"IML","solucao":"APRECIAÇÃO DO DELEGADO TITULAR","partesEnvolvidas":[{"nome":"WALTER SOUZA DE LIMA","tipoEnvolvimento":"Vítima","rg":"49469262-SP","naturalidade":"S.PAULO -SP","nacionalidade":"BRASILEIRA","sexo":"Masculino","dataNascimento":"01/09/1992","idade":"21","estadoCivil":"Convivente","instrucao":"2 Grau completo","profissao":"AJUDANTE GERAL","cutis":"Parda","naturezasEnvolvidas":"Homicídio simples (art. 121)"}],"naturezas":[{"especie":"Título I - Pessoa (arts. 121 a 154)","descricao":"Homicídio simples (art. 121)"}],"categoria":"HOMICIDIO_DOLOSO"}