{"idBO":"2014-10247-3546","numero":"3546","idDelegacia":"10247","tipoBoletim":"Principal","dependencia":"47º D.P. CAPAO REDONDO","local":"R CAROLINA DO NORTE, 510 - VALO VELHO - S.PAULO - SP","tipoLocal":"Via pública","circunscricao":"47º D.P. CAPAO REDONDO","dataOcorrencia":"27/03/2014","turnoOcorrencia":"DE MADRUGADA","dataComunicacao":"27/03/2014","horaComunicacao":"06:22","dataElaboracao":"27/03/2014","horaElaboracao":"06:23","flagrante":"Não","examesRequisitados":"IC-IML","solucao":"AGUARDANDO LAUDOS","partesEnvolvidas":[{"sexo":"Masculino","idade":"0","cutis":"Branca","naturezasEnvolvidas":"Homicídio simples (art. 121), Localização/Apreensão de veículo"}],"naturezas":[{"especie":"Título I - Pessoa (arts. 121 a 154)","descricao":"Homicídio simples (art. 121)"},{"especie":"Localização e/ou Devolução","descricao":"Localização/Apreensão de veículo"}],"categoria":"HOMICIDIO_DOLOSO"}