{"idBO":"2014-20140-2529","numero":"2529","idDelegacia":"20140","tipoBoletim":"Principal","dependencia":"40º D.P. VILA STA MARIA","local":"RUA SAO CAETANO, 900 - BRAS - S.PAULO - SP","tipoLocal":"Via pública","circunscricao":"12º D.P. PARI","dataOcorrencia":"03/09/2014","turnoOcorrencia":"DE MADRUGADA","dataComunicacao":"03/09/2014","horaComunicacao":"09:45","dataElaboracao":"03/09/2014","horaElaboracao":"09:50","flagrante":"Não","examesRequisitados":"IC-IML","solucao":"ENCAMINHAMENTO DP ÁREA DO FATO","partesEnvolvidas":[{"nome":"JOAO CARLOS DE SOUZA","tipoEnvolvimento":"Vítima","rg":"M4329171-MG","naturalidade":"RIO VERDE-GO","nacionalidade":"BRASILEIRA","sexo":"Masculino","dataNascimento":"12/04/1968","idade":"46","cutis":"Branca","naturezasEnvolvidas":"Homicídio qualificado (art. 121, §2o.)"}],"naturezas":[{"especie":"Título II - Patrimônio (arts. 155 a 183)","descricao":"Roubo (art. 157)"},{"especie":"Título I - Pessoa (arts. 121 a 154)","descricao":"Homicídio qualificado (art. 121, §2o.)"}],"categoria":"HOMICIDIO_DOLOSO"}