{"idBO":"2014-10371-6968","numero":"6968","idDelegacia":"10371","tipoBoletim":"Principal","dependencia":"98º D.P. JARDIM MIRIAM","local":"RUA MIRIAM LICETTE, 70 - JD MONTE LIBANO - S.PAULO - SP","tipoLocal":"Via pública","circunscricao":"98º D.P. JARDIM MIRIAM","dataOcorrencia":"03/08/2014","turnoOcorrencia":"A TARDE","dataComunicacao":"03/08/2014","horaComunicacao":"16:14","dataElaboracao":"03/08/2014","horaElaboracao":"16:18","flagrante":"Não","examesRequisitados":"IML","solucao":"BO PARA INVESTIGAÇÃO","partesEnvolvidas":[{"nome":"JOEL SEVERINO DE ANDRADE","tipoEnvolvimento":"Vítima","rg":"56951767-SP","naturalidade":"MACHADOS -PE","nacionalidade":"BRASILEIRA","sexo":"Masculino","dataNascimento":"07/12/1977","idade":"36","estadoCivil":"Solteiro","instrucao":"1 Grau completo","profissao":"PEDREIRO","cutis":"Branca","naturezasEnvolvidas":"Homicídio simples (art. 121)"}],"naturezas":[{"especie":"Título I - Pessoa (arts. 121 a 154)","descricao":"Homicídio simples (art. 121)"}],"categoria":"HOMICIDIO_DOLOSO"}