{"idBO":"2014-200100-331","numero":"331","idDelegacia":"200100","tipoBoletim":"Complementar","dependencia":"DHPP DIV. HOMICIDIOS","local":"RUA LIDIA SCHMIDT, 14 - PARELHEIROS - S.PAULO - SP","tipoLocal":"Area não ocupada","circunscricao":"25º D.P. PARELHEIROS","dataOcorrencia":"30/04/2014","turnoOcorrencia":"A TARDE","dataComunicacao":"30/04/2014","horaComunicacao":"17:33","dataElaboracao":"30/04/2014","horaElaboracao":"17:34","flagrante":"Não","examesRequisitados":"IC-IML","solucao":"BO PARA INQUÉRITO","partesEnvolvidas":[{"nome":"JOHNI MITSUHARU NAKANO JUNIOR","tipoEnvolvimento":"Vítima","rg":"53529143-SP","naturalidade":"S.PAULO -SP","nacionalidade":"BRASILEIRA","sexo":"Masculino","dataNascimento":"22/11/1997","idade":"16","estadoCivil":"Solteiro","instrucao":"1 Grau completo","cutis":"Parda","naturezasEnvolvidas":"A.I.-Homicídio simples (art. 121)"}],"naturezas":[{"especie":"Ato infracional","descricao":"A.I.-Homicídio simples (art. 121)"}],"numeroBoPrincipal":"1280","anoBoPrincipal":"2014","nomeDelegaciaBoPrincipal":"25º D.P. PARELHEIROS","categoria":"HOMICIDIO_DOLOSO"}