{"idBO":"2014-10356-11021","numero":"11021","idDelegacia":"10356","tipoBoletim":"Principal","dependencia":"89º D.P. JARDIM TABOAO","local":"RUA LEOPOLDINO JOSE DE CAMARGO, 558 - CAMPO LIMPO - S.PAULO - SP","tipoLocal":"Via pública","circunscricao":"37º D.P. CAMPO LIMPO","dataOcorrencia":"24/12/2014","turnoOcorrencia":"A NOITE","dataComunicacao":"24/12/2014","horaComunicacao":"22:05","dataElaboracao":"24/12/2014","horaElaboracao":"22:07","flagrante":"Não","solucao":"ENCAMINHAMENTO DP ÁREA DO FATO","partesEnvolvidas":[{"nome":"REGINALDO MATIAS FELISMINO","tipoEnvolvimento":"Vítima","rg":"49361272-SP","naturalidade":"S.PAULO -SP","nacionalidade":"BRASILEIRA","sexo":"Masculino","dataNascimento":"04/05/1992","idade":"22","estadoCivil":"Solteiro","instrucao":"1 Grau completo","cutis":"Parda","naturezasEnvolvidas":"Homicídio simples (art. 121)"}],"naturezas":[{"especie":"Título I - Pessoa (arts. 121 a 154)","descricao":"Homicídio simples (art. 121)"}],"categoria":"HOMICIDIO_DOLOSO"}