{"idBO":"2014-120108-819","numero":"819","idDelegacia":"120108","tipoBoletim":"Principal","dependencia":"DEL.POL.TAQUARITUBA","local":"RUA RUA 13 DE MAIO, 413 - - TAQUARITUBA - SP","tipoLocal":"Via pública","circunscricao":"DEL.POL.TAQUARITUBA","dataOcorrencia":"31/08/2014","turnoOcorrencia":"A NOITE","dataComunicacao":"31/08/2014","horaComunicacao":"21:47","dataElaboracao":"31/08/2014","horaElaboracao":"21:59","flagrante":"Não","solucao":"APRECIAÇÃO DO DELEGADO TITULAR","partesEnvolvidas":[{"nome":"GILSON ALVES BISPO","tipoEnvolvimento":"Vítima","rg":"57529633-SP","naturalidade":"PEDRA PRETA -MT","nacionalidade":"BRASILEIRA","sexo":"Masculino","dataNascimento":"29/12/1971","idade":"42","estadoCivil":"Casado","instrucao":"1 Grau completo","cutis":"Parda","naturezasEnvolvidas":"Homicídio simples (art. 121)"}],"naturezas":[{"especie":"Título I - Pessoa (arts. 121 a 154)","descricao":"Homicídio simples (art. 121)"}],"categoria":"HOMICIDIO_DOLOSO"}