{"idBO":"2014-10326-8964","numero":"8964","idDelegacia":"10326","tipoBoletim":"Principal","dependencia":"63º D.P. VILA JACUI","local":"RUA CATLEIAS, 1164 - SAO MIGUEL - S.PAULO - SP","tipoLocal":"Residência","circunscricao":"63º D.P. VILA JACUI","dataOcorrencia":"01/09/2014","turnoOcorrencia":"A TARDE","dataComunicacao":"02/09/2014","horaComunicacao":"00:34","dataElaboracao":"02/09/2014","horaElaboracao":"00:36","flagrante":"Não","solucao":"BO PARA INVESTIGAÇÃO","partesEnvolvidas":[{"nome":"AMANDA LOPES DE CASTRO","tipoEnvolvimento":"Vítima","rg":"37612406-SP","naturalidade":"TABOAO DA SERRA -SP","nacionalidade":"BRASILEIRA","sexo":"Feminino","dataNascimento":"28/04/1997","idade":"17","estadoCivil":"Solteiro","instrucao":"2 Grau completo","profissao":"VENDEDOR(A)","cutis":"Outros","naturezasEnvolvidas":"Roubo (art. 157)"}],"naturezas":[{"especie":"Título II - Patrimônio (arts. 155 a 183)","descricao":"Roubo (art. 157)","desdobramentos":"§3o. Se da violência resulta morte:"}],"categoria":"LATROCINIO"}