{"idBO":"2014-30407-4819","numero":"4819","idDelegacia":"30407","tipoBoletim":"Principal","dependencia":"DEL.POL.ITAPEVI","local":"RUA SERRA DA LAGE, 30 - JD ROSEMARY - ITAPEVI - SP","tipoLocal":"Via pública","circunscricao":"DEL.POL.ITAPEVI","dataOcorrencia":"04/09/2014","turnoOcorrencia":"DE MADRUGADA","dataComunicacao":"04/09/2014","horaComunicacao":"01:18","dataElaboracao":"04/09/2014","horaElaboracao":"01:20","flagrante":"Não","examesRequisitados":"IC-IML","solucao":"APRECIAÇÃO DO DELEGADO TITULAR","partesEnvolvidas":[{"nome":"JOELLAYNE THAYANE DOS SANTOS","tipoEnvolvimento":"Vítima","rg":"52204768-SP","naturalidade":"NATAL -RN","nacionalidade":"BRASILEIRA","sexo":"Feminino","dataNascimento":"08/02/1996","idade":"18","estadoCivil":"Solteiro","instrucao":"1 Grau completo","cutis":"Parda","naturezasEnvolvidas":"Homicídio simples (art. 121)"}],"naturezas":[{"especie":"Título I - Pessoa (arts. 121 a 154)","descricao":"Homicídio simples (art. 121)"}],"categoria":"HOMICIDIO_DOLOSO"}