{"idBO":"2014-30304-5702","numero":"5702","idDelegacia":"30304","tipoBoletim":"Principal","dependencia":"DEL.POL.ITAQUAQUECETUBA","local":"RUA BARRETOS, 77 - JD. DA ESTAÇÃO - ITAQUAQUECETUBA - SP","tipoLocal":"Via pública","circunscricao":"DEL.POL.ITAQUAQUECETUBA","dataOcorrencia":"07/09/2014","turnoOcorrencia":"DE MADRUGADA","dataComunicacao":"07/09/2014","horaComunicacao":"06:48","dataElaboracao":"07/09/2014","horaElaboracao":"06:49","flagrante":"Não","examesRequisitados":"IML","solucao":"APRECIAÇÃO DO DELEGADO TITULAR","partesEnvolvidas":[{"nome":"DANIEL LIMA GONÇALVES FERRACINI","tipoEnvolvimento":"Vítima","naturalidade":"SAO PAULO-SP","nacionalidade":"BRASILEIRA","sexo":"Masculino","dataNascimento":"05/03/1997","idade":"17","estadoCivil":"Solteiro","cutis":"Parda","naturezasEnvolvidas":"Homicídio simples (art. 121)"}],"naturezas":[{"especie":"Título I - Pessoa (arts. 121 a 154)","descricao":"Homicídio simples (art. 121)"}],"categoria":"HOMICIDIO_DOLOSO"}