{"idBO":"2014-130517-1690","numero":"1690","idDelegacia":"130517","tipoBoletim":"Principal","dependencia":"DEL.POL.PLANTÃO PINDA","local":"RUA JOSÉ MARIA DE OLIVEIRA, 727 - RESIDENCIAL VISTA ALEGRE - PINDAMONHANGABA - SP","tipoLocal":"Via pública","circunscricao":"03º D.P. PINDAMONHANGABA","dataOcorrencia":"20/07/2014","turnoOcorrencia":"A NOITE","dataComunicacao":"20/07/2014","horaComunicacao":"23:39","dataElaboracao":"20/07/2014","horaElaboracao":"23:41","flagrante":"Não","examesRequisitados":"IML","solucao":"BO PARA INVESTIGAÇÃO","partesEnvolvidas":[{"nome":"ANTONIO HENRIQUE DA SILVA","tipoEnvolvimento":"Vítima","rg":"27882250-SP","naturalidade":"S.PAULO -SP","nacionalidade":"BRASILEIRA","sexo":"Masculino","dataNascimento":"28/06/1977","idade":"37","estadoCivil":"Convivente","profissao":"MECANICO DE AUTOMOVEL","cutis":"Parda","naturezasEnvolvidas":"Homicídio simples (art. 121), Disparo de arma de fogo (Art. 15)"}],"naturezas":[{"especie":"Título I - Pessoa (arts. 121 a 154)","descricao":"Homicídio simples (art. 121)"},{"especie":"Título I - Pessoa (arts. 121 a 154)","descricao":"Lesão corporal (art. 129)"},{"especie":"L 10826/03 - Estatuto do Desarmamento","descricao":"Disparo de arma de fogo (Art. 15)"}],"categoria":"HOMICIDIO_DOLOSO"}