{"idBO":"2014-30302-3761","numero":"3761","idDelegacia":"30302","tipoBoletim":"Principal","dependencia":"DEL.POL.FERRAZ DE VASCONCELOS","local":"RUA SEBASTIÃO F DA SILVA, 10 - VILA ARBAME - CEP: 08500000 - FERRAZ DE VASCONCELOS - SP","tipoLocal":"Via pública","circunscricao":"DEL.POL.FERRAZ DE VASCONCELOS","dataOcorrencia":"29/06/2014","turnoOcorrencia":"A NOITE","dataComunicacao":"30/06/2014","horaComunicacao":"01:31","dataElaboracao":"30/06/2014","horaElaboracao":"01:35","flagrante":"Não","examesRequisitados":"IML","solucao":"BO PARA INQUÉRITO","partesEnvolvidas":[{"nome":"EVERTON SCHMIDT GARRIO","tipoEnvolvimento":"Vítima","rg":"42333642-SP","naturalidade":"S.PAULO -SP","sexo":"Masculino","dataNascimento":"05/12/1983","idade":"30","estadoCivil":"Solteiro","instrucao":"2 Grau completo","profissao":"VIDRACEIRO(A)","cutis":"Branca","naturezasEnvolvidas":"Homicídio simples (art. 121)"}],"naturezas":[{"especie":"Título I - Pessoa (arts. 121 a 154)","descricao":"Homicídio simples (art. 121)"}],"categoria":"HOMICIDIO_DOLOSO"}