{"idBO":"2014-130313-735","numero":"735","idDelegacia":"130313","tipoBoletim":"Complementar","dependencia":"04º D.P. S.JOSE DOS CAMPOS","local":"RUA CHANA BASKIN FEIGENSON, 1 - TELESPERK - S.JOSE DOS CAMPOS - SP","tipoLocal":"Via pública","circunscricao":"04º D.P. S.JOSE DOS CAMPOS","dataOcorrencia":"07/08/2014","turnoOcorrencia":"A NOITE","dataComunicacao":"08/08/2014","horaComunicacao":"16:31","dataElaboracao":"08/08/2014","horaElaboracao":"16:40","flagrante":"Não","examesRequisitados":"IC","solucao":"BO PARA ADENDO","partesEnvolvidas":[{"nome":"VALDEGLEDSON OLIVEIRA SILVA","tipoEnvolvimento":"Vítima","rg":"37183312-SP","naturalidade":"JUAZEIRO DO NORTE -CE","nacionalidade":"BRASILEIRA","sexo":"Masculino","dataNascimento":"23/11/1995","idade":"18","estadoCivil":"Solteiro","instrucao":"1 Grau completo","cutis":"Branca","naturezasEnvolvidas":"Homicídio qualificado (art. 121, §2o.)"}],"naturezas":[{"especie":"Título I - Pessoa (arts. 121 a 154)","descricao":"Homicídio qualificado (art. 121, §2o.)"}],"numeroBoPrincipal":"4291","anoBoPrincipal":"2014","nomeDelegaciaBoPrincipal":"01º D.P. S.JOSE DOS CAMPOS","categoria":"HOMICIDIO_DOLOSO"}