{"idBO":"2014-200100-1","numero":"1","idDelegacia":"200100","tipoBoletim":"Complementar","dependencia":"DHPP DIV. HOMICIDIOS","local":"R CATUMBI, 33 - BELÉM - S.PAULO - SP","tipoLocal":"Comércio e serviços","circunscricao":"81º D.P. BELEM","dataOcorrencia":"01/01/2014","turnoOcorrencia":"PELA MANHÃ","dataComunicacao":"01/01/2014","horaComunicacao":"12:06","dataElaboracao":"01/01/2014","horaElaboracao":"12:06","flagrante":"Não","examesRequisitados":"IC-IML","solucao":"BO PARA INQUÉRITO","partesEnvolvidas":[{"nome":"JOSE CARLOS FERREIRA","tipoEnvolvimento":"Vítima","rg":"16035404-SP","naturalidade":"S.PAULO -SP","nacionalidade":"BRASILEIRA","sexo":"Masculino","dataNascimento":"08/11/1961","idade":"52","estadoCivil":"Solteiro","instrucao":"1 Grau completo","profissao":"DESEMPREGADO","cutis":"Parda","naturezasEnvolvidas":"Homicídio simples (art. 121)"}],"naturezas":[{"especie":"Título I - Pessoa (arts. 121 a 154)","descricao":"Homicídio simples (art. 121)"}],"numeroBoPrincipal":"4","anoBoPrincipal":"2014","nomeDelegaciaBoPrincipal":"31º D.P. VILA CARRAO","categoria":"HOMICIDIO_DOLOSO"}