{"idBO":"2014-10326-7523","numero":"7523","idDelegacia":"10326","tipoBoletim":"Principal","dependencia":"63º D.P. VILA JACUI","local":"RUA PEDRO MIKAIL, 1 - PARQUE PAULISTANO - S.PAULO - SP","tipoLocal":"Via pública","circunscricao":"22º D.P. SAO MIGUEL PTA","dataOcorrencia":"20/07/2014","turnoOcorrencia":"PELA MANHÃ","dataComunicacao":"20/07/2014","horaComunicacao":"09:03","dataElaboracao":"20/07/2014","horaElaboracao":"09:11","flagrante":"Não","examesRequisitados":"IML","solucao":"ENCAMINHAMENTO DP ÁREA DO FATO","partesEnvolvidas":[{"nome":"LUCIANA MARIA DA SILVA","tipoEnvolvimento":"Vítima","rg":"54912858-SP","naturalidade":"S.PAULO -SP","nacionalidade":"BRASILEIRA","sexo":"Feminino","dataNascimento":"02/05/1997","idade":"17","estadoCivil":"Solteiro","instrucao":"1 Grau completo","profissao":"NAO INFORMADA","cutis":"Outros","naturezasEnvolvidas":"Homicídio simples (art. 121)"}],"naturezas":[{"especie":"Título I - Pessoa (arts. 121 a 154)","descricao":"Homicídio simples (art. 121)"}],"categoria":"HOMICIDIO_DOLOSO"}