{"idBO":"2014-200100-615","numero":"615","idDelegacia":"200100","tipoBoletim":"Complementar","dependencia":"DHPP DIV. HOMICIDIOS","local":"RUA TENENTE GODOFREDO CERQUEIRA LEITE, 1 - SAPOPEMBA - S.PAULO - SP","tipoLocal":"Via pública","circunscricao":"69º D.P. TEOTONIO VILELA","dataOcorrencia":"29/08/2014","turnoOcorrencia":"PELA MANHÃ","dataComunicacao":"29/08/2014","horaComunicacao":"09:38","dataElaboracao":"29/08/2014","horaElaboracao":"09:39","flagrante":"Não","examesRequisitados":"IC-IML","solucao":"BO PARA INQUÉRITO","partesEnvolvidas":[{"nome":"EDNEI FELIX DA SILVA","tipoEnvolvimento":"Vítima","rg":"44979389-SP","naturalidade":"S.PAULO -SP","sexo":"Masculino","dataNascimento":"07/09/1989","idade":"24","estadoCivil":"Solteiro","instrucao":"1 Grau completo","cutis":"Parda","naturezasEnvolvidas":"Homicídio simples (art. 121)"}],"naturezas":[{"especie":"Título I - Pessoa (arts. 121 a 154)","descricao":"Homicídio simples (art. 121)"}],"numeroBoPrincipal":"8720","anoBoPrincipal":"2014","nomeDelegaciaBoPrincipal":"69º D.P. TEOTONIO VILELA","categoria":"HOMICIDIO_DOLOSO"}