{"idBO":"2014-120610-3336","numero":"3336","idDelegacia":"120610","tipoBoletim":"Principal","dependencia":"DEL.POL.PLANTÃO ITU","local":"ESTRADA SERVIDÃO KM 72 CASTELO BRANCO - SENTIDO INTERIOR - ITU - SP","tipoLocal":"Via pública","circunscricao":"04º D.P. ITU","dataOcorrencia":"20/07/2014","turnoOcorrencia":"A NOITE","dataComunicacao":"21/07/2014","horaComunicacao":"01:52","dataElaboracao":"21/07/2014","horaElaboracao":"01:54","flagrante":"Não","examesRequisitados":"IC-IML","solucao":"BO PARA INVESTIGAÇÃO","partesEnvolvidas":[{"nome":"PAULO FEITOZA","tipoEnvolvimento":"Vítima","rg":"33277090-SP","naturalidade":"ITAPEVA -SP","nacionalidade":"BRASILEIRA","sexo":"Masculino","dataNascimento":"04/09/1978","idade":"35","estadoCivil":"Solteiro","instrucao":"1 Grau completo","profissao":"AUTONOMO(A)","cutis":"Branca","naturezasEnvolvidas":"Homicídio simples (art. 121)"}],"naturezas":[{"especie":"Título I - Pessoa (arts. 121 a 154)","descricao":"Homicídio simples (art. 121)"}],"categoria":"HOMICIDIO_DOLOSO"}