{"idBO":"2014-200100-477","numero":"477","idDelegacia":"200100","tipoBoletim":"Complementar","dependencia":"DHPP DIV. HOMICIDIOS","local":"RUA PROFESSOR HASEGAWA, 1995 - JOSE BONIFACIO - S.PAULO - SP","tipoLocal":"Via pública","circunscricao":"53º D.P. PARQUE DO CARMO","dataOcorrencia":"22/06/2014","turnoOcorrencia":"PELA MANHÃ","dataComunicacao":"22/06/2014","horaComunicacao":"13:00","dataElaboracao":"22/06/2014","horaElaboracao":"13:02","flagrante":"Não","examesRequisitados":"IC-IML","solucao":"BO PARA INQUÉRITO","partesEnvolvidas":[{"nome":"JOSE DE PAIVA MACEDO","tipoEnvolvimento":"Vítima","rg":"35821135-SP","naturalidade":"POCAO DE PEDRAS -MA","nacionalidade":"BRASILEIRA","sexo":"Masculino","dataNascimento":"20/08/1978","idade":"35","estadoCivil":"Solteiro","instrucao":"1 Grau completo","cutis":"Preta","naturezasEnvolvidas":"Roubo (art. 157)"}],"naturezas":[{"especie":"Título II - Patrimônio (arts. 155 a 183)","descricao":"Roubo (art. 157)","desdobramentos":"§3o. Se da violência resulta morte:"}],"numeroBoPrincipal":"4702","anoBoPrincipal":"2014","nomeDelegaciaBoPrincipal":"53º D.P. PARQUE DO CARMO","categoria":"LATROCINIO"}