{"idBO":"2014-100215-677","numero":"677","idDelegacia":"100215","tipoBoletim":"Principal","dependencia":"DEL.POL.VIRADOURO","local":"SÍTIO DOS CÂMARAS - ÁREA RURAL - CEP: 14740000 - VIRADOURO - SP","tipoLocal":"Unidade rural","circunscricao":"DEL.POL.VIRADOURO","dataOcorrencia":"06/08/2014","turnoOcorrencia":"A NOITE","dataComunicacao":"06/08/2014","horaComunicacao":"23:06","dataElaboracao":"06/08/2014","horaElaboracao":"23:09","flagrante":"Não","examesRequisitados":"IC-IML","solucao":"BO PARA INVESTIGAÇÃO","partesEnvolvidas":[{"nome":"INDIVÍDUO DESCONHECIDO","tipoEnvolvimento":"Vítima","sexo":"Masculino","idade":"0","cutis":"Branca","naturezasEnvolvidas":"Homicídio simples (art. 121)"}],"naturezas":[{"especie":"Título I - Pessoa (arts. 121 a 154)","descricao":"Homicídio simples (art. 121)"}],"categoria":"HOMICIDIO_DOLOSO"}