{"idBO":"2014-30403-2233","numero":"2233","idDelegacia":"30403","tipoBoletim":"Principal","dependencia":"DEL.POL.COTIA","local":"R ALGAS MARINHA, 171 - MONTE SANTO - COTIA - SP","tipoLocal":"Via pública","circunscricao":"DEL.POL.COTIA","dataOcorrencia":"06/04/2014","turnoOcorrencia":"A NOITE","dataComunicacao":"06/04/2014","horaComunicacao":"22:35","dataElaboracao":"06/04/2014","horaElaboracao":"22:36","flagrante":"Sim","examesRequisitados":"IC-IML","solucao":"BO PARA FLAGRANTE","partesEnvolvidas":[{"nome":"LUCIENE VIEIRA SANTOS","tipoEnvolvimento":"Vítima","rg":"50420806-SP","naturalidade":"CUMBE -SE","nacionalidade":"BRASILEIRA","sexo":"Feminino","dataNascimento":"15/04/1976","idade":"37","estadoCivil":"Convivente","instrucao":"1 Grau completo","profissao":"DOMESTICA","cutis":"Parda","naturezasEnvolvidas":"Homicídio simples (art. 121)"}],"naturezas":[{"especie":"Título I - Pessoa (arts. 121 a 154)","descricao":"Homicídio simples (art. 121)"}],"categoria":"HOMICIDIO_DOLOSO"}