{"idBO":"2014-30111-4817","numero":"4817","idDelegacia":"30111","tipoBoletim":"Principal","dependencia":"03º D.P. S.BERNARDO DO CAMPO","local":"TRAVESSA VISTA ALEGRE - DIVINEIA - S.BERNARDO DO CAMPO - SP","tipoLocal":"Via pública","circunscricao":"03º D.P. S.BERNARDO DO CAMPO","dataOcorrencia":"20/05/2014","turnoOcorrencia":"A NOITE","dataComunicacao":"21/05/2014","horaComunicacao":"02:06","dataElaboracao":"21/05/2014","horaElaboracao":"02:17","flagrante":"Não","solucao":"APRECIAÇÃO DO DELEGADO TITULAR","partesEnvolvidas":[{"nome":"EDUARDO ALEXANDRE SOUZA CAVALCANTE","tipoEnvolvimento":"Vítima","naturalidade":"CAMPINAS DO PIAUI/PI","sexo":"Masculino","dataNascimento":"22/02/1989","idade":"25","estadoCivil":"Solteiro","cutis":"Branca","naturezasEnvolvidas":"Homicídio simples (art. 121)"}],"naturezas":[{"especie":"Título I - Pessoa (arts. 121 a 154)","descricao":"Homicídio simples (art. 121)"}],"categoria":"HOMICIDIO_DOLOSO"}