{"idBO":"2014-10357-4444","numero":"4444","idDelegacia":"10357","tipoBoletim":"Principal","dependencia":"91º D.P. CEASA","local":"AVENIDA PACAEMBU, 831 - PERDIZES - S.PAULO - SP","tipoLocal":"Via pública","circunscricao":"23º D.P. PERDIZES","dataOcorrencia":"17/06/2014","turnoOcorrencia":"DE MADRUGADA","dataComunicacao":"17/06/2014","horaComunicacao":"03:06","dataElaboracao":"17/06/2014","horaElaboracao":"03:22","flagrante":"Não","solucao":"ENCAMINHAMENTO DP ÁREA DO FATO","partesEnvolvidas":[{"nome":"DESCONHECIDA AP UNS TRINTA ANOS DE IDADE","tipoEnvolvimento":"Vítima","sexo":"Masculino","idade":"0","cutis":"Preta","naturezasEnvolvidas":"Homicídio simples (art. 121)"}],"naturezas":[{"especie":"Título I - Pessoa (arts. 121 a 154)","descricao":"Homicídio simples (art. 121)"}],"categoria":"HOMICIDIO_DOLOSO"}