{"idBO":"2014-130413-640","numero":"640","idDelegacia":"130413","tipoBoletim":"Principal","dependencia":"02º D.P. PINDAMONHANGABA","local":"RUA OLÍMPIO MARCONDES AZEVEDO, 282 - - PINDAMONHANGABA - SP","tipoLocal":"Via pública","circunscricao":"02º D.P. PINDAMONHANGABA","dataOcorrencia":"17/11/2014","turnoOcorrencia":"PELA MANHÃ","dataComunicacao":"17/11/2014","horaComunicacao":"16:13","dataElaboracao":"17/11/2014","horaElaboracao":"16:15","flagrante":"Não","examesRequisitados":"IC-IML","solucao":"APRECIAÇÃO DO DELEGADO TITULAR","partesEnvolvidas":[{"nome":"GUILHERME LIMA DE SOUZA","tipoEnvolvimento":"Vítima","rg":"58564534-SP","naturalidade":"PINDAMONHANGABA-SP","nacionalidade":"BRASILEIRA","sexo":"Masculino","dataNascimento":"15/09/1998","idade":"16","estadoCivil":"Solteiro","instrucao":"1 Grau incompleto","cutis":"Branca","naturezasEnvolvidas":"Homicídio simples (art. 121)"}],"naturezas":[{"especie":"Título I - Pessoa (arts. 121 a 154)","descricao":"Homicídio simples (art. 121)"}],"categoria":"HOMICIDIO_DOLOSO"}