{"idBO":"2014-30404-1334","numero":"1334","idDelegacia":"30404","tipoBoletim":"Principal","dependencia":"DEL.POL.EMBU DAS ARTES","local":"RUA PERNAMBUCO, 97 - JARDIM SILVIA - EMBU - SP","tipoLocal":"Residência","circunscricao":"DEL.POL.EMBU DAS ARTES","dataOcorrencia":"07/04/2014","turnoOcorrencia":"PELA MANHÃ","dataComunicacao":"07/04/2014","horaComunicacao":"16:12","dataElaboracao":"07/04/2014","horaElaboracao":"16:28","flagrante":"Não","examesRequisitados":"IML","solucao":"APRECIAÇÃO DO DELEGADO TITULAR","partesEnvolvidas":[{"nome":"VALDIR RODRIGUES DE OLIVEIRA","tipoEnvolvimento":"Vítima","rg":"30642172-SP","naturalidade":"POCOES -BA","sexo":"Masculino","dataNascimento":"05/05/1975","idade":"38","estadoCivil":"Solteiro","instrucao":"Analfabeto","profissao":"DESEMPREGADO","cutis":"Branca","naturezasEnvolvidas":"Homicídio simples (art. 121)"}],"naturezas":[{"especie":"Título I - Pessoa (arts. 121 a 154)","descricao":"Homicídio simples (art. 121)"}],"categoria":"HOMICIDIO_DOLOSO"}