{"idBO":"2014-20250-3817","numero":"3817","idDelegacia":"20250","tipoBoletim":"Complementar","dependencia":"50º D.P. ITAIM PAULISTA","local":"AVENIDA MARECHAL TITO, 6035 - VILA CURUCA - S.PAULO - SP","tipoLocal":"Saúde","circunscricao":"59º D.P. JARDIM DOS IPES","dataOcorrencia":"10/04/2014","turnoOcorrencia":"DE MADRUGADA","dataComunicacao":"11/04/2014","horaComunicacao":"01:15","dataElaboracao":"11/04/2014","horaElaboracao":"01:18","flagrante":"Não","examesRequisitados":"IML","solucao":"BO PARA ADENDO","partesEnvolvidas":[{"nome":"ALEXANDRE MALESKI","tipoEnvolvimento":"Vítima","rg":"35592803-SP","naturalidade":"S.PAULO -SP","nacionalidade":"BRASILEIRA","sexo":"Masculino","dataNascimento":"15/08/1982","idade":"31","estadoCivil":"Solteiro","instrucao":"2 Grau completo","cutis":"Branca","naturezasEnvolvidas":"Homicídio simples (art. 121)"}],"naturezas":[{"especie":"Título I - Pessoa (arts. 121 a 154)","descricao":"Homicídio simples (art. 121)"},{"especie":"Título I - Pessoa (arts. 121 a 154)","descricao":"Homicídio simples (art. 121)"}],"numeroBoPrincipal":"3816","anoBoPrincipal":"2014","nomeDelegaciaBoPrincipal":"50º D.P. ITAIM PAULISTA","categoria":"HOMICIDIO_DOLOSO"}