{"idBO":"2014-30117-2310","numero":"2310","idDelegacia":"30117","tipoBoletim":"Principal","dependencia":"DEL.POL.RIBEIRAO PIRES","local":"RODOVIA INDIO TIBIRIÇÁ, 2826 - OURO FINO PAULISTA - B - RIBEIRAO PIRES - SP","tipoLocal":"Via pública","circunscricao":"DEL.POL.RIBEIRAO PIRES","dataOcorrencia":"10/05/2014","turnoOcorrencia":"A TARDE","dataComunicacao":"10/05/2014","horaComunicacao":"13:48","dataElaboracao":"10/05/2014","horaElaboracao":"13:50","flagrante":"Não","examesRequisitados":"IC-IML","solucao":"APRECIAÇÃO DO DELEGADO TITULAR","partesEnvolvidas":[{"nome":"FABIO VIEIRA MATOS","tipoEnvolvimento":"Vítima","rg":"44191745-SP","naturalidade":"RIBEIRAO PIRES -SP","nacionalidade":"BRASILEIRA","sexo":"Masculino","dataNascimento":"22/03/1988","idade":"26","estadoCivil":"Solteiro","instrucao":"1 Grau completo","profissao":"AJUDANTE","cutis":"Branca","naturezasEnvolvidas":"Homicídio simples (art. 121)"},{"nome":"VILMOS FRANZ ZACHAR","tipoEnvolvimento":"Vítima","rg":"30011051-SP","naturalidade":"SALVADOR -BA","nacionalidade":"BRASILEIRA","sexo":"Masculino","dataNascimento":"22/11/1977","idade":"36","estadoCivil":"Solteiro","instrucao":"1 Grau completo","profissao":"TORNEIRO(A) MECANICO","cutis":"Branca","naturezasEnvolvidas":"Homicídio simples (art. 121)"}],"naturezas":[{"especie":"Título I - Pessoa (arts. 121 a 154)","descricao":"Homicídio simples (art. 121)"},{"especie":"Título I - Pessoa (arts. 121 a 154)","descricao":"Homicídio simples (art. 121)"}],"categoria":"HOMICIDIO_DOLOSO"}