{"idBO":"2014-200100-166","numero":"166","idDelegacia":"200100","tipoBoletim":"Complementar","dependencia":"DHPP DIV. HOMICIDIOS","local":"AV YERVANT KISSAJIKIAN, 1218 - VILA JOANIZA - S.PAULO - SP","tipoLocal":"Via pública","circunscricao":"80º D.P. VILA JOANIZA","dataOcorrencia":"10/03/2014","turnoOcorrencia":"DE MADRUGADA","dataComunicacao":"10/03/2014","horaComunicacao":"10:45","dataElaboracao":"10/03/2014","horaElaboracao":"10:45","flagrante":"Não","examesRequisitados":"IC-IML","solucao":"BO PARA INQUÉRITO","partesEnvolvidas":[{"sexo":"Masculino","idade":"0","cutis":"Branca","naturezasEnvolvidas":"Homicídio simples (art. 121)"}],"naturezas":[{"especie":"Título I - Pessoa (arts. 121 a 154)","descricao":"Homicídio simples (art. 121)"}],"numeroBoPrincipal":"2241","anoBoPrincipal":"2014","nomeDelegaciaBoPrincipal":"98º D.P. JARDIM MIRIAM","categoria":"HOMICIDIO_DOLOSO"}