{"idBO":"2014-120608-2760","numero":"2760","idDelegacia":"120608","tipoBoletim":"Complementar","dependencia":"DEL.POL.PLANTÃO SALTO","local":"ESTRADA SERVIDÃO, 52 - PQ LAGUNA - SALTO - SP","tipoLocal":"Via pública","circunscricao":"02º D.P. SALTO","dataOcorrencia":"26/09/2014","turnoOcorrencia":"A NOITE","dataComunicacao":"29/09/2014","horaComunicacao":"10:47","dataElaboracao":"29/09/2014","horaElaboracao":"10:49","flagrante":"Não","examesRequisitados":"IC-IML","solucao":"BO PARA ADENDO","partesEnvolvidas":[{"nome":"JONATAS DOS SANTOS SILVA","tipoEnvolvimento":"Vítima","rg":"006237416-PE","naturalidade":"TIMBAUBA/PE","nacionalidade":"BRASILEIRA","sexo":"Masculino","dataNascimento":"28/09/1981","idade":"33","estadoCivil":"Convivente","cutis":"Branca","naturezasEnvolvidas":"Homicídio simples (art. 121)"}],"naturezas":[{"especie":"Título I - Pessoa (arts. 121 a 154)","descricao":"Homicídio simples (art. 121)"}],"numeroBoPrincipal":"2745","anoBoPrincipal":"2014","nomeDelegaciaBoPrincipal":"DEL.POL.PLANTÃO SALTO","categoria":"HOMICIDIO_DOLOSO"}