{"idBO":"2014-200100-176","numero":"176","idDelegacia":"200100","tipoBoletim":"Complementar","dependencia":"DHPP DIV. HOMICIDIOS","local":"AVENIDA SAO JOAO, 563 - REPUBLICA - S.PAULO - SP","tipoLocal":"Residência","circunscricao":"03º D.P. CAMPOS ELISEOS","dataOcorrencia":"14/03/2014","turnoOcorrencia":"A TARDE","dataComunicacao":"14/03/2014","horaComunicacao":"21:32","dataElaboracao":"14/03/2014","horaElaboracao":"21:33","flagrante":"Não","examesRequisitados":"IC-IML","solucao":"BO PARA INQUÉRITO","partesEnvolvidas":[{"nome":"JESUS ANDELFO TOLOZA ARDILA","tipoEnvolvimento":"Vítima","naturalidade":"COLOMBIA","sexo":"Masculino","dataNascimento":"26/03/1956","idade":"57","cutis":"Vermelha","naturezasEnvolvidas":"Homicídio simples (art. 121)"}],"naturezas":[{"especie":"Título I - Pessoa (arts. 121 a 154)","descricao":"Homicídio simples (art. 121)"}],"numeroBoPrincipal":"1420","anoBoPrincipal":"2014","nomeDelegaciaBoPrincipal":"03º D.P. CAMPOS ELISEOS","categoria":"HOMICIDIO_DOLOSO"}