{"idBO":"2014-20224-6702","numero":"6702","idDelegacia":"20224","tipoBoletim":"Complementar","dependencia":"24º D.P. PONTE RASA","local":"ALAMEDA RODRIGO DE BRUM, 1989 - ERMELINO MATARAZZO - S.PAULO - SP","tipoLocal":"Via pública","circunscricao":"62º D.P. ERMELINO MATARAZZO","dataOcorrencia":"06/07/2014","turnoOcorrencia":"A NOITE","dataComunicacao":"07/07/2014","horaComunicacao":"03:42","dataElaboracao":"07/07/2014","horaElaboracao":"03:47","flagrante":"Não","examesRequisitados":"IML","solucao":"BO PARA ADENDO","partesEnvolvidas":[{"nome":"ISAC DOS SANTOS FERNANDES SANTANA","tipoEnvolvimento":"Vítima","rg":"35659756-SP","naturalidade":"S.ANDRE -SP","nacionalidade":"BRASILEIRA","sexo":"Masculino","dataNascimento":"06/02/1990","idade":"24","estadoCivil":"Solteiro","instrucao":"2 Grau completo","profissao":"AUXILIAR DE PRODUCAO","cutis":"Branca","naturezasEnvolvidas":"Homicídio simples (art. 121)"}],"naturezas":[{"especie":"Título I - Pessoa (arts. 121 a 154)","descricao":"Homicídio simples (art. 121)"}],"numeroBoPrincipal":"6696","anoBoPrincipal":"2014","nomeDelegaciaBoPrincipal":"24º D.P. PONTE RASA","categoria":"HOMICIDIO_DOLOSO"}