{"idBO":"2014-120607-12109","numero":"12109","idDelegacia":"120607","tipoBoletim":"Principal","dependencia":"PLANTÃO DE SOROCABA - Z. NORTE","local":"LOTEAMENTO EUGENIA OLIVEIRA CIRNE, 603 - LOPES DE OLIVEIRA - SOROCABA - SP","tipoLocal":"Via pública","circunscricao":"08º D.P. SOROCABA","dataOcorrencia":"05/12/2014","turnoOcorrencia":"A TARDE","dataComunicacao":"05/12/2014","horaComunicacao":"17:12","dataElaboracao":"05/12/2014","horaElaboracao":"17:19","flagrante":"Não","solucao":"APRECIAÇÃO DO DELEGADO TITULAR","partesEnvolvidas":[{"nome":"CARLOS EDUARDO DE OLIVEIRA","tipoEnvolvimento":"Vítima","rg":"16099303-MT","sexo":"Masculino","dataNascimento":"17/09/1983","idade":"31","estadoCivil":"Ignorado","cutis":"Parda","naturezasEnvolvidas":"Homicídio simples (art. 121)"}],"naturezas":[{"especie":"Título I - Pessoa (arts. 121 a 154)","descricao":"Homicídio simples (art. 121)"}],"categoria":"HOMICIDIO_DOLOSO"}