{"idBO":"2014-20231-6597","numero":"6597","idDelegacia":"20231","tipoBoletim":"Principal","dependencia":"31º D.P. VILA CARRAO","local":"RUA JARINU, 364 - TATUAPE - S.PAULO - SP","tipoLocal":"Templo e afins","circunscricao":"30º D.P. TATUAPE","dataOcorrencia":"15/11/2014","turnoOcorrencia":"A TARDE","dataComunicacao":"15/11/2014","horaComunicacao":"14:53","dataElaboracao":"15/11/2014","horaElaboracao":"14:57","flagrante":"Não","examesRequisitados":"IC-IML","solucao":"ENCAMINHAMENTO DP ÁREA DO FATO","partesEnvolvidas":[{"nome":"DONIZETE SOUZA BRAGA","tipoEnvolvimento":"Vítima","rg":"24085806-RJ","naturalidade":"JOÃO MONLEVADE","nacionalidade":"BRASILEIRA","sexo":"Masculino","dataNascimento":"20/04/1957","idade":"57","estadoCivil":"Casado","profissao":"EMPRESARIO(A)","cutis":"Parda","naturezasEnvolvidas":"Homicídio simples (art. 121)"}],"naturezas":[{"especie":"Título I - Pessoa (arts. 121 a 154)","descricao":"Homicídio simples (art. 121)"},{"especie":"Título II - Patrimônio (arts. 155 a 183)","descricao":"Roubo (art. 157)"}],"categoria":"HOMICIDIO_DOLOSO"}