{"idBO":"2014-30124-9211","numero":"9211","idDelegacia":"30124","tipoBoletim":"Principal","dependencia":"01º D.P. MAUA","local":"RUA SÃO JOÃO, 100 - J ESTRELA - MAUA - SP","tipoLocal":"Via pública","circunscricao":"03º D.P. MAUA","dataOcorrencia":"01/12/2014","turnoOcorrencia":"A NOITE","dataComunicacao":"01/12/2014","horaComunicacao":"22:32","dataElaboracao":"01/12/2014","horaElaboracao":"22:34","flagrante":"Não","examesRequisitados":"IC-IML","solucao":"ENCAMINHAMENTO DP ÁREA DO FATO","partesEnvolvidas":[{"sexo":"Masculino","idade":"0","cutis":"Parda","naturezasEnvolvidas":"Homicídio simples (art. 121)"}],"naturezas":[{"especie":"Título I - Pessoa (arts. 121 a 154)","descricao":"Homicídio simples (art. 121)"}],"categoria":"HOMICIDIO_DOLOSO"}