{"idBO":"2014-30406-3465","numero":"3465","idDelegacia":"30406","tipoBoletim":"Principal","dependencia":"DEL.POL.ITAPECERICA DA SERRA","local":"RUA DA BANDA, 886 - PARQUE PARAISO - ITAPECERICA DA SERRA - SP","tipoLocal":"Residência","circunscricao":"DEL.POL.ITAPECERICA DA SERRA","dataOcorrencia":"28/07/2014","turnoOcorrencia":"PELA MANHÃ","dataComunicacao":"28/07/2014","horaComunicacao":"09:37","dataElaboracao":"28/07/2014","horaElaboracao":"09:41","flagrante":"Não","examesRequisitados":"IC-IML","solucao":"BO PARA INVESTIGAÇÃO","partesEnvolvidas":[{"nome":"EDMILSON MARCELINO FIUZA","tipoEnvolvimento":"Vítima","rg":"28518854-SP","naturalidade":"S.PAULO -SP","nacionalidade":"BRASILEIRA","sexo":"Masculino","dataNascimento":"21/08/1977","idade":"36","cutis":"Parda","naturezasEnvolvidas":"Homicídio simples (art. 121)"}],"naturezas":[{"especie":"Título I - Pessoa (arts. 121 a 154)","descricao":"Homicídio simples (art. 121)"}],"categoria":"HOMICIDIO_DOLOSO"}