{"idBO":"2014-30307-215","numero":"215","idDelegacia":"30307","tipoBoletim":"Principal","dependencia":"02º D.P. MOGI DAS CRUZES","local":"ESTRADA VELHA DE TAIAÇUPEBA - TAIAÇUPEBA - MOGI DAS CRUZES - SP","tipoLocal":"Area não ocupada","circunscricao":"04º D.P. MOGI DAS CRUZES","dataOcorrencia":"13/01/2014","turnoOcorrencia":"A TARDE","dataComunicacao":"14/01/2014","horaComunicacao":"01:48","dataElaboracao":"14/01/2014","horaElaboracao":"02:04","flagrante":"Não","examesRequisitados":"IC-IML","solucao":"APRECIAÇÃO DO DELEGADO TITULAR","partesEnvolvidas":[{"nome":"DESCONHECIDO","tipoEnvolvimento":"Vítima","sexo":"Masculino","idade":"0","cutis":"Branca","naturezasEnvolvidas":"Homicídio simples (art. 121)"}],"naturezas":[{"especie":"Título I - Pessoa (arts. 121 a 154)","descricao":"Homicídio simples (art. 121)"}],"categoria":"HOMICIDIO_DOLOSO"}