{"idBO":"2014-10247-5671","numero":"5671","idDelegacia":"10247","tipoBoletim":"Principal","dependencia":"47º D.P. CAPAO REDONDO","local":"RUA DA PRAIA DE MIRAMAR, 10 - JD MARIA SAMPAIO - S.PAULO - SP","tipoLocal":"Via pública","circunscricao":"47º D.P. CAPAO REDONDO","dataOcorrencia":"19/05/2014","turnoOcorrencia":"A NOITE","dataComunicacao":"20/05/2014","horaComunicacao":"01:53","dataElaboracao":"20/05/2014","horaElaboracao":"01:55","flagrante":"Não","examesRequisitados":"IC-IML","solucao":"BO PARA INVESTIGAÇÃO","partesEnvolvidas":[{"nome":"RAFAEL OLIMPIO DOS SANTOS","tipoEnvolvimento":"Vítima","rg":"46640748-SP","naturalidade":"S.PAULO -SP","nacionalidade":"BRASILEIRA","sexo":"Masculino","dataNascimento":"07/02/1990","idade":"24","cutis":"Parda","naturezasEnvolvidas":"Homicídio simples (art. 121)"}],"naturezas":[{"especie":"Título I - Pessoa (arts. 121 a 154)","descricao":"Homicídio simples (art. 121)"}],"categoria":"HOMICIDIO_DOLOSO"}