{"idBO":"2014-30117-4125","numero":"4125","idDelegacia":"30117","tipoBoletim":"Principal","dependencia":"DEL.POL.RIBEIRAO PIRES","local":"RUA ALMERINDA DOS SANTOS, 70 - VILA MARQUESA - RIBEIRAO PIRES - SP","tipoLocal":"Via pública","circunscricao":"DEL.POL.RIBEIRAO PIRES","dataOcorrencia":"03/09/2014","turnoOcorrencia":"PELA MANHÃ","dataComunicacao":"03/09/2014","horaComunicacao":"08:10","dataElaboracao":"03/09/2014","horaElaboracao":"08:12","flagrante":"Não","examesRequisitados":"IC-IML","solucao":"APRECIAÇÃO DO DELEGADO TITULAR","partesEnvolvidas":[{"nome":"FABIO APARECIDO DE LIMA","tipoEnvolvimento":"Vítima","rg":"24568787-SP","naturalidade":"RIO GRANDE DA SERRA -SP","nacionalidade":"BRASILEIRA","sexo":"Masculino","dataNascimento":"08/12/1972","idade":"41","estadoCivil":"Divorciado","instrucao":"2 Grau completo","profissao":"MOTORISTA","cutis":"Parda","naturezasEnvolvidas":"Homicídio simples (art. 121)"}],"naturezas":[{"especie":"Título I - Pessoa (arts. 121 a 154)","descricao":"Homicídio simples (art. 121)"}],"categoria":"HOMICIDIO_DOLOSO"}