{"idBO":"2014-30403-5218","numero":"5218","idDelegacia":"30403","tipoBoletim":"Principal","dependencia":"DEL.POL.COTIA","local":"RUA BENFICA, 60 - JD. SANDRA - COTIA - SP","tipoLocal":"Via pública","circunscricao":"DEL.POL.COTIA","dataOcorrencia":"20/08/2014","turnoOcorrencia":"A NOITE","dataComunicacao":"21/08/2014","horaComunicacao":"01:25","dataElaboracao":"21/08/2014","horaElaboracao":"01:28","flagrante":"Não","examesRequisitados":"IC-IML","solucao":"APRECIAÇÃO DO DELEGADO TITULAR","partesEnvolvidas":[{"nome":"PALOMINIO BATISTA RIBEIRO","tipoEnvolvimento":"Vítima","rg":"46661558-SP","naturalidade":"BOA NOVA -BA","nacionalidade":"BRASILEIRA","sexo":"Masculino","dataNascimento":"10/01/1989","idade":"25","estadoCivil":"Solteiro","instrucao":"1 Grau completo","cutis":"Parda","naturezasEnvolvidas":"Homicídio qualificado (art. 121, §2o.)"}],"naturezas":[{"especie":"Título I - Pessoa (arts. 121 a 154)","descricao":"Homicídio qualificado (art. 121, §2o.)","desdobramentos":"IV - à traição ou mediante dissimulação ou outro recurso"}],"categoria":"HOMICIDIO_DOLOSO"}