{"idBO":"2014-100449-9383","numero":"9383","idDelegacia":"100449","tipoBoletim":"Principal","dependencia":"PLANTÃO 01º RIBEIRÃO PRETO","local":"RUA CRUZ E SOUZA, 1809 - PARQUE RIBEIRÃO - RIBEIRAO PRETO - SP","tipoLocal":"Residência","circunscricao":"06º D.P. RIBEIRAO PRETO","dataOcorrencia":"23/04/2014","turnoOcorrencia":"PELA MANHÃ","dataComunicacao":"23/04/2014","horaComunicacao":"09:59","dataElaboracao":"23/04/2014","horaElaboracao":"10:02","flagrante":"Não","examesRequisitados":"IC-IML","solucao":"ENCAMINHAMENTO DP ÁREA DO FATO","partesEnvolvidas":[{"nome":"WILSON ROBSON CEZAR MACHADO DE ANDRADE","tipoEnvolvimento":"Vítima","rg":"46834246-SP","naturalidade":"RIBEIRAO PRETO -SP","sexo":"Masculino","dataNascimento":"23/08/1986","idade":"27","estadoCivil":"Solteiro","instrucao":"1 Grau completo","profissao":"PINTOR(A)","cutis":"Branca","naturezasEnvolvidas":"Homicídio simples (art. 121)"}],"naturezas":[{"especie":"Título I - Pessoa (arts. 121 a 154)","descricao":"Homicídio simples (art. 121)"}],"categoria":"HOMICIDIO_DOLOSO"}