{"idBO":"2014-10335-4","numero":"4","idDelegacia":"10335","tipoBoletim":"Principal","dependencia":"72º D.P. VILA PENTEADO","local":"R MANUEL ANTONIO FONSECA, 260 - VILA BRASILÂNDIA - S.PAULO - SP","tipoLocal":"Via pública","circunscricao":"45º D.P. V BRASILANDIA","dataOcorrencia":"01/01/2014","turnoOcorrencia":"DE MADRUGADA","dataComunicacao":"01/01/2014","horaComunicacao":"08:50","dataElaboracao":"01/01/2014","horaElaboracao":"08:54","flagrante":"Não","examesRequisitados":"IC-IML","solucao":"ENCAMINHAMENTO DP ÁREA DO FATO","partesEnvolvidas":[{"nome":"PAULO ROGERIO MEIRELES RODRIGUES","tipoEnvolvimento":"Vítima","rg":"43841230-SP","naturalidade":"S.PAULO -SP","nacionalidade":"BRASILEIRA","sexo":"Masculino","dataNascimento":"02/02/1984","idade":"29","estadoCivil":"Solteiro","instrucao":"1 Grau completo","profissao":"AJUDANTE","cutis":"Parda","naturezasEnvolvidas":"Homicídio simples (art. 121)"}],"naturezas":[{"especie":"Título I - Pessoa (arts. 121 a 154)","descricao":"Homicídio simples (art. 121)"}],"categoria":"HOMICIDIO_DOLOSO"}