{"idBO":"2014-30124-740","numero":"740","idDelegacia":"30124","tipoBoletim":"Principal","dependencia":"01º D.P. MAUA","local":"R ISABEL RODRIGUES FERNANDES, 75 - JD SILVIA - CEP: 09340741 - MAUA - SP","tipoLocal":"Residência","circunscricao":"01º D.P. MAUA","dataOcorrencia":"29/01/2014","turnoOcorrencia":"DE MADRUGADA","dataComunicacao":"29/01/2014","horaComunicacao":"05:40","dataElaboracao":"29/01/2014","horaElaboracao":"05:50","flagrante":"Não","examesRequisitados":"IC-IML","solucao":"BO PARA INQUÉRITO","partesEnvolvidas":[{"nome":"CLOVIS LOURENCO","tipoEnvolvimento":"Vítima","rg":"6920749-SP","naturalidade":"S.CAETANO DO SUL -SP","sexo":"Masculino","dataNascimento":"03/05/1954","idade":"59","estadoCivil":"Casado","instrucao":"1 Grau completo","profissao":"MOTORISTA","cutis":"Branca","naturezasEnvolvidas":"Homicídio qualificado (art. 121, §2o.)"}],"naturezas":[{"especie":"Título I - Pessoa (arts. 121 a 154)","descricao":"Homicídio qualificado (art. 121, §2o.)","desdobramentos":"II - por motivo fútil"}],"categoria":"HOMICIDIO_DOLOSO"}