{"idBO":"2014-10371-2100","numero":"2100","idDelegacia":"10371","tipoBoletim":"Principal","dependencia":"98º D.P. JARDIM MIRIAM","local":"R MARGUERITA ALVAREZ, 150 - AMERICANOPOLIS - S.PAULO - SP","tipoLocal":"Via pública","circunscricao":"98º D.P. JARDIM MIRIAM","dataOcorrencia":"05/03/2014","turnoOcorrencia":"A NOITE","dataComunicacao":"05/03/2014","horaComunicacao":"22:27","dataElaboracao":"05/03/2014","horaElaboracao":"22:37","flagrante":"Não","examesRequisitados":"IC-IML","solucao":"ENCAMINHAMENTO DP ÁREA DO FATO","partesEnvolvidas":[{"sexo":"Masculino","idade":"0","cutis":"Branca","naturezasEnvolvidas":"Homicídio simples (art. 121)"}],"naturezas":[{"especie":"Título I - Pessoa (arts. 121 a 154)","descricao":"Homicídio simples (art. 121)"}],"categoria":"HOMICIDIO_DOLOSO"}