{"idBO":"2014-120607-8198","numero":"8198","idDelegacia":"120607","tipoBoletim":"Complementar","dependencia":"PLANTÃO DE SOROCABA - Z. NORTE","local":"RUA FERNANDO DE MELO VIANA, 54 - VILA EROS - CEP: 00000000 - SOROCABA - SP","tipoLocal":"Residência","circunscricao":"08º D.P. SOROCABA","dataOcorrencia":"19/08/2014","turnoOcorrencia":"A NOITE","dataComunicacao":"20/08/2014","horaComunicacao":"02:58","dataElaboracao":"20/08/2014","horaElaboracao":"03:03","flagrante":"Não","examesRequisitados":"IC-IML","solucao":"BO PARA ADENDO","partesEnvolvidas":[{"nome":"MARCIA CRISTINA FERREIRA FILGUEIRAS","tipoEnvolvimento":"Vítima","rg":"36839124-SP","naturalidade":"GOIO-ERE-PR","nacionalidade":"BRASILEIRA","sexo":"Feminino","dataNascimento":"31/01/1981","idade":"33","estadoCivil":"Casado","profissao":"DO LAR","cutis":"Branca","naturezasEnvolvidas":"Homicídio simples (art. 121)"}],"naturezas":[{"especie":"Título I - Pessoa (arts. 121 a 154)","descricao":"Homicídio simples (art. 121)"}],"numeroBoPrincipal":"8197","anoBoPrincipal":"2014","nomeDelegaciaBoPrincipal":"PLANTÃO DE SOROCABA","categoria":"HOMICIDIO_DOLOSO"}