{"idBO":"2014-30403-5687","numero":"5687","idDelegacia":"30403","tipoBoletim":"Principal","dependencia":"DEL.POL.COTIA","local":"RUA ROSALINA DE MORÃES SILVA, 48 - JD STELLA MARIS - COTIA - SP","tipoLocal":"Via pública","circunscricao":"DEL.POL.COTIA","dataOcorrencia":"13/09/2014","turnoOcorrencia":"PELA MANHÃ","dataComunicacao":"13/09/2014","horaComunicacao":"10:09","dataElaboracao":"13/09/2014","horaElaboracao":"10:12","flagrante":"Não","examesRequisitados":"IC-IML","solucao":"AGUARDANDO LAUDOS","partesEnvolvidas":[{"nome":"ROBERTO FERNANDO SAENZ DE TEJADA","tipoEnvolvimento":"Vítima","rg":"40402341-SP","naturalidade":"S.PAULO -SP","nacionalidade":"BRASILEIRA","sexo":"Masculino","dataNascimento":"07/07/1988","idade":"26","estadoCivil":"Solteiro","instrucao":"2 Grau completo","cutis":"Parda","naturezasEnvolvidas":"Homicídio simples (art. 121)"}],"naturezas":[{"especie":"Título I - Pessoa (arts. 121 a 154)","descricao":"Homicídio simples (art. 121)"}],"categoria":"HOMICIDIO_DOLOSO"}