{"idBO":"2014-10374-7402","numero":"7402","idDelegacia":"10374","tipoBoletim":"Principal","dependencia":"101º D.P. JDIM IMBUIAS","local":"RUA MARIA DA COSTA BEZERRA, 200 - PARELHEIROS - S.PAULO - SP","tipoLocal":"Via pública","circunscricao":"25º D.P. PARELHEIROS","dataOcorrencia":"08/08/2014","turnoOcorrencia":"A NOITE","dataComunicacao":"09/08/2014","horaComunicacao":"01:51","dataElaboracao":"09/08/2014","horaElaboracao":"01:53","flagrante":"Não","examesRequisitados":"IML","solucao":"ENCAMINHAMENTO DP ÁREA DO FATO","partesEnvolvidas":[{"nome":"REGINALDO OLIVEIRA DE JESUS","tipoEnvolvimento":"Vítima","rg":"14089088-SP","naturalidade":"S.ESTEVAO -BA","nacionalidade":"BRASILEIRA","sexo":"Masculino","dataNascimento":"25/03/1959","idade":"55","estadoCivil":"Solteiro","instrucao":"1 Grau completo","profissao":"COMERCIANTE","cutis":"Parda","naturezasEnvolvidas":"Homicídio simples (art. 121)"}],"naturezas":[{"especie":"Título I - Pessoa (arts. 121 a 154)","descricao":"Homicídio simples (art. 121)"}],"categoria":"HOMICIDIO_DOLOSO"}