{"idBO":"2014-100908-4335","numero":"4335","idDelegacia":"100908","tipoBoletim":"Principal","dependencia":"DEL.SEC.ARARAQUARA PLANTÃO","local":"RUA JOSE NIGRO - VILA CERQUEIRA - AMERICO BRASILIENSE - SP","tipoLocal":"Area não ocupada","circunscricao":"DEL.POL.AMÉRICO BRASILIENSE","dataOcorrencia":"05/12/2014","turnoOcorrencia":"A NOITE","dataComunicacao":"05/12/2014","horaComunicacao":"23:31","dataElaboracao":"05/12/2014","horaElaboracao":"23:33","flagrante":"Sim","examesRequisitados":"IC-IML","solucao":"ENCAMINHAMENTO DP ÁREA DO FATO","partesEnvolvidas":[{"nome":"GABRIEL APOLINÁRIO DA SILVA","tipoEnvolvimento":"Vítima","naturalidade":"MATÃO","nacionalidade":"BRASILEIRA","sexo":"Masculino","dataNascimento":"19/08/1985","idade":"29","estadoCivil":"Solteiro","cutis":"Parda","naturezasEnvolvidas":"Homicídio simples (art. 121)"}],"naturezas":[{"especie":"Título I - Pessoa (arts. 121 a 154)","descricao":"Homicídio simples (art. 121)"}],"categoria":"HOMICIDIO_DOLOSO"}