{"idBO":"2014-30304-2202","numero":"2202","idDelegacia":"30304","tipoBoletim":"Principal","dependencia":"DEL.POL.ITAQUAQUECETUBA","local":"RUA NAZARÉ PAULISTA - ARACARE - ITAQUAQUECETUBA - SP","tipoLocal":"Via pública","circunscricao":"DEL.POL.ITAQUAQUECETUBA","dataOcorrencia":"15/04/2014","turnoOcorrencia":"DE MADRUGADA","dataComunicacao":"15/04/2014","horaComunicacao":"08:46","dataElaboracao":"15/04/2014","horaElaboracao":"08:49","flagrante":"Não","examesRequisitados":"IC-IML","solucao":"ENCAMINHAMENTO DP ÁREA DO FATO","partesEnvolvidas":[{"nome":"LEVI PEREIRA ALVES","tipoEnvolvimento":"Vítima","rg":"11697712-SP","naturalidade":"CARUARU -PE","nacionalidade":"BRASILEIRA","sexo":"Masculino","dataNascimento":"11/05/1950","idade":"63","estadoCivil":"Divorciado","instrucao":"1 Grau completo","profissao":"MOTORISTA","cutis":"Branca","naturezasEnvolvidas":"Homicídio simples (art. 121)"}],"naturezas":[{"especie":"Título I - Pessoa (arts. 121 a 154)","descricao":"Homicídio simples (art. 121)"}],"categoria":"HOMICIDIO_DOLOSO"}