{"idBO":"2014-30124-456","numero":"456","idDelegacia":"30124","tipoBoletim":"Principal","dependencia":"01º D.P. MAUA","local":"R PORTO ALEGRE, 245 - JD. ORATORIO - MAUA - SP","tipoLocal":"Restaurante e afins","circunscricao":"01º D.P. MAUA","dataOcorrencia":"19/01/2014","turnoOcorrencia":"A TARDE","dataComunicacao":"19/01/2014","horaComunicacao":"15:37","dataElaboracao":"19/01/2014","horaElaboracao":"15:39","flagrante":"Não","examesRequisitados":"IC-IML","solucao":"BO PARA INQUÉRITO","partesEnvolvidas":[{"nome":"JOSE DELINO DA SILVA","tipoEnvolvimento":"Vítima","rg":"54468315-SP","naturalidade":"NOVA RUSSAS -CE","sexo":"Masculino","dataNascimento":"17/01/1965","idade":"49","estadoCivil":"Solteiro","instrucao":"1 Grau completo","profissao":"PEDREIRO","cutis":"Parda","naturezasEnvolvidas":"Homicídio qualificado (art. 121, §2o.)"},{"nome":"JOSE FLORENTINO DOS ANJOS","tipoEnvolvimento":"Vítima","rg":"23026009-SP","naturalidade":"CUMARU -PE","nacionalidade":"BRASILEIRA","sexo":"Masculino","dataNascimento":"08/07/1970","idade":"43","estadoCivil":"Casado","instrucao":"1 Grau completo","profissao":"VIGILANTE","cutis":"Branca","naturezasEnvolvidas":"Homicídio qualificado (art. 121, §2o.)"}],"naturezas":[{"especie":"Título I - Pessoa (arts. 121 a 154)","descricao":"Homicídio qualificado (art. 121, §2o.)","desdobramentos":"III - com emprego de meio insidioso ou cruel, ou de que resulte perigo comum"},{"especie":"Título I - Pessoa (arts. 121 a 154)","descricao":"Homicídio qualificado (art. 121, §2o.)","desdobramentos":"III - com emprego de meio insidioso ou cruel, ou de que resulte perigo comum"}],"categoria":"HOMICIDIO_DOLOSO"}