{"idBO":"2014-100449-927","numero":"927","idDelegacia":"100449","tipoBoletim":"Principal","dependencia":"PLANTÃO 01º RIBEIRÃO PRETO","local":"AV MARIO COVAS - QUINTINO II - RIBEIRAO PRETO - SP","tipoLocal":"Via pública","circunscricao":"05º D.P. RIBEIRAO PRETO","dataOcorrencia":"12/01/2014","turnoOcorrencia":"DE MADRUGADA","dataComunicacao":"12/01/2014","horaComunicacao":"12:05","dataElaboracao":"12/01/2014","horaElaboracao":"12:20","flagrante":"Não","examesRequisitados":"IC-IML","solucao":"ENCAMINHAMENTO DP ÁREA DO FATO","partesEnvolvidas":[{"sexo":"Masculino","idade":"0","cutis":"Parda","naturezasEnvolvidas":"Homicídio simples (art. 121)"}],"naturezas":[{"especie":"Título I - Pessoa (arts. 121 a 154)","descricao":"Homicídio simples (art. 121)"}],"categoria":"HOMICIDIO_DOLOSO"}