{"idBO":"2014-30111-2450","numero":"2450","idDelegacia":"30111","tipoBoletim":"Principal","dependencia":"03º D.P. S.BERNARDO DO CAMPO","local":"R PAULO MONTE SERRAT, 15 - JD.CALUX - S.BERNARDO DO CAMPO - SP","tipoLocal":"Via pública","circunscricao":"03º D.P. S.BERNARDO DO CAMPO","dataOcorrencia":"15/03/2014","turnoOcorrencia":"DE MADRUGADA","dataComunicacao":"15/03/2014","horaComunicacao":"08:30","dataElaboracao":"15/03/2014","horaElaboracao":"08:33","flagrante":"Não","examesRequisitados":"IML","solucao":"BO PARA FLAGRANTE","partesEnvolvidas":[{"nome":"JOSE EVANDRO CARNEIRO LIMA","tipoEnvolvimento":"Vítima","rg":"23892935-SP","naturalidade":"BOA VIAGEM -CE","nacionalidade":"BRASILEIRA","sexo":"Masculino","dataNascimento":"10/07/1962","idade":"51","estadoCivil":"Solteiro","instrucao":"1 Grau completo","profissao":"COMERCIANTE","cutis":"Branca","naturezasEnvolvidas":"Homicídio simples (art. 121)"}],"naturezas":[{"especie":"Título I - Pessoa (arts. 121 a 154)","descricao":"Homicídio simples (art. 121)"}],"categoria":"HOMICIDIO_DOLOSO"}