{"idBO":"2014-10339-3118","numero":"3118","idDelegacia":"10339","tipoBoletim":"Principal","dependencia":"75º D.P. JARDIM ARPOADOR","local":"RUA DOS PIEMONTESES - RAPOSO TAVARES - S.PAULO - SP","tipoLocal":"Via pública","circunscricao":"75º D.P. JARDIM ARPOADOR","dataOcorrencia":"08/09/2014","turnoOcorrencia":"A NOITE","dataComunicacao":"09/09/2014","horaComunicacao":"08:52","dataElaboracao":"09/09/2014","horaElaboracao":"08:56","flagrante":"Não","examesRequisitados":"IC-IML","solucao":"APRECIAÇÃO DO DELEGADO TITULAR","partesEnvolvidas":[{"nome":"LUCAS JOSE DE SANTANA","tipoEnvolvimento":"Vítima","rg":"52634474-SP","naturalidade":"OSASCO -SP","nacionalidade":"BRASILEIRA","sexo":"Masculino","dataNascimento":"14/05/1997","idade":"17","estadoCivil":"Solteiro","instrucao":"1 Grau completo","cutis":"Parda","naturezasEnvolvidas":"Homicídio simples (art. 121)"}],"naturezas":[{"especie":"Ato infracional","descricao":"A.I.-Roubo (art. 157)"},{"especie":"Título I - Pessoa (arts. 121 a 154)","descricao":"Homicídio simples (art. 121)"},{"especie":"Localização e/ou Devolução","descricao":"Localização/Apreensão de veículo"}],"categoria":"HOMICIDIO_DOLOSO"}