{"idBO":"2014-20224-10420","numero":"10420","idDelegacia":"20224","tipoBoletim":"Principal","dependencia":"24º D.P. PONTE RASA","local":"RUA CANDEAL, 215 - ERMELINO MATARAZZO - S.PAULO - SP","tipoLocal":"Via pública","circunscricao":"62º D.P. ERMELINO MATARAZZO","dataOcorrencia":"27/10/2014","turnoOcorrencia":"A NOITE","dataComunicacao":"27/10/2014","horaComunicacao":"23:17","dataElaboracao":"27/10/2014","horaElaboracao":"23:23","flagrante":"Não","examesRequisitados":"IC-IML","solucao":"ENCAMINHAMENTO DP ÁREA DO FATO","partesEnvolvidas":[{"nome":"CLAUDIO ANTONIO BOTELHO DE ALMEIDA","tipoEnvolvimento":"Vítima","rg":"32494662-SP","naturalidade":"RIACHO DOS CAVALOS -PB","nacionalidade":"BRASILEIRA","sexo":"Masculino","dataNascimento":"15/03/1977","idade":"37","estadoCivil":"Casado","instrucao":"2 Grau completo","profissao":"ACOUGUEIRO(A)","cutis":"Branca","naturezasEnvolvidas":"Homicídio simples (art. 121)"}],"naturezas":[{"especie":"Título I - Pessoa (arts. 121 a 154)","descricao":"Homicídio simples (art. 121)"}],"categoria":"HOMICIDIO_DOLOSO"}