{"idBO":"2014-120211-1710","numero":"1710","idDelegacia":"120211","tipoBoletim":"Principal","dependencia":"DEL.POL.SÃO MANUEL","local":"RUA RUA DOS ANDRADAS, 971 - CENTRO - CEP: 18650000 - S.MANUEL - SP","tipoLocal":"Residência","circunscricao":"DEL.POL.SÃO MANUEL","dataOcorrencia":"20/12/2014","turnoOcorrencia":"A NOITE","dataComunicacao":"21/12/2014","horaComunicacao":"00:07","dataElaboracao":"21/12/2014","horaElaboracao":"00:12","flagrante":"Sim","examesRequisitados":"IC-IML","solucao":"BO PARA FLAGRANTE","partesEnvolvidas":[{"nome":"DESCONHECIDO","tipoEnvolvimento":"Autor/Vitima","sexo":"Masculino","idade":"0","cutis":"Parda","naturezasEnvolvidas":"Roubo (art. 157), Homicídio simples (art. 121)"}],"naturezas":[{"especie":"Título II - Patrimônio (arts. 155 a 183)","descricao":"Roubo (art. 157)"},{"especie":"Título I - Pessoa (arts. 121 a 154)","descricao":"Homicídio simples (art. 121)"},{"especie":"L 10826/03 - Estatuto do Desarmamento","descricao":"Posse irregular de arma de fogo de uso permitido (Art.12)"}],"categoria":"HOMICIDIO_DOLOSO"}