{"idBO":"2014-30406-4782","numero":"4782","idDelegacia":"30406","tipoBoletim":"Principal","dependencia":"DEL.POL.ITAPECERICA DA SERRA","local":"ESTRADA DA CACHOEIRINHA, 200 - SOARES - JUQUITIBA - SP","tipoLocal":"Unidade rural","circunscricao":"DEL.POL.JUQUITIBA","dataOcorrencia":"12/10/2014","turnoOcorrencia":"DE MADRUGADA","dataComunicacao":"12/10/2014","horaComunicacao":"09:06","dataElaboracao":"12/10/2014","horaElaboracao":"09:09","flagrante":"Não","examesRequisitados":"IC-IML","solucao":"ENCAMINHAMENTO DP ÁREA DO FATO","partesEnvolvidas":[{"nome":"ANTONIO CAPATI FATAL","tipoEnvolvimento":"Vítima","rg":"12449663-SP","naturalidade":"S.PAULO -SP","nacionalidade":"BRASILEIRA","sexo":"Masculino","dataNascimento":"18/11/1959","idade":"54","estadoCivil":"Casado","instrucao":"1 Grau completo","profissao":"EMPRESARIO(A)","cutis":"Branca","naturezasEnvolvidas":"Roubo (art. 157)"}],"naturezas":[{"especie":"Título II - Patrimônio (arts. 155 a 183)","descricao":"Roubo (art. 157)","desdobramentos":"§3o. Se da violência resulta morte:"}],"categoria":"LATROCINIO"}