{"idBO":"2014-100908-2903","numero":"2903","idDelegacia":"100908","tipoBoletim":"Complementar","dependencia":"DEL.SEC.ARARAQUARA PLANTÃO","local":"AVENIDA JOSE BONIFACIO, 794 - ELVIO LUPO - ARARAQUARA - SP","tipoLocal":"Saúde","circunscricao":"02º D.P. ARARAQUARA","dataOcorrencia":"01/08/2014","turnoOcorrencia":"A NOITE","dataComunicacao":"02/08/2014","horaComunicacao":"00:08","dataElaboracao":"02/08/2014","horaElaboracao":"00:12","flagrante":"Não","examesRequisitados":"IML","solucao":"BO PARA ADENDO","partesEnvolvidas":[{"nome":"MARIA ANGELITA DE OLIVEIRA","tipoEnvolvimento":"Vítima","rg":"1913966-PE","naturalidade":"TEREZINHA-PE","nacionalidade":"BRASILEIRA","sexo":"Feminino","dataNascimento":"25/02/1952","idade":"62","estadoCivil":"Viuvo","instrucao":"1 Grau completo","profissao":"DO LAR","cutis":"Branca","naturezasEnvolvidas":"Homicídio simples (art. 121)"}],"naturezas":[{"especie":"Título I - Pessoa (arts. 121 a 154)","descricao":"Homicídio simples (art. 121)"}],"numeroBoPrincipal":"109","anoBoPrincipal":"2014","nomeDelegaciaBoPrincipal":"DEL.POL.DOBRADA","categoria":"HOMICIDIO_DOLOSO"}