{"idBO":"2014-10357-1149","numero":"1149","idDelegacia":"10357","tipoBoletim":"Principal","dependencia":"91º D.P. CEASA","local":"R ARISTIDES VIADANA, 100 - LAPA - S.PAULO - SP","tipoLocal":"Via pública","circunscricao":"07º D.P. LAPA","dataOcorrencia":"11/02/2014","turnoOcorrencia":"A NOITE","dataComunicacao":"12/02/2014","horaComunicacao":"00:24","dataElaboracao":"12/02/2014","horaElaboracao":"00:27","flagrante":"Não","examesRequisitados":"IC-IML","solucao":"ENCAM FEBEM/V.INFAN.JUVENTUDE","partesEnvolvidas":[{"nome":"RODRIGO DA SILVA ESPERANCA","tipoEnvolvimento":"Vítima","rg":"33760423-SP","naturalidade":"S.PAULO -SP","nacionalidade":"BRASILEIRA","sexo":"Masculino","dataNascimento":"28/05/1985","idade":"28","estadoCivil":"Casado","instrucao":"2 Grau completo","profissao":"POLICIAL MILITAR","cutis":"Parda","naturezasEnvolvidas":"A.I.-Roubo (art. 157)"},{"nome":"ELISANGELA FERNANDES MARQUES","tipoEnvolvimento":"Vítima","rg":"25701640-SP","naturalidade":"S.PAULO -SP","nacionalidade":"BRASILEIRA","sexo":"Feminino","dataNascimento":"30/09/1975","idade":"38","estadoCivil":"Solteiro","instrucao":"2 Grau completo","profissao":"POLICIAL MILITAR","cutis":"Branca","naturezasEnvolvidas":"A.I.-Roubo (art. 157)"},{"nome":"FERNANDO PINHEIRO REIS","tipoEnvolvimento":"Vítima","rg":"24887132-SP","naturalidade":"GUARULHOS -SP","nacionalidade":"BRASILEIRA","sexo":"Masculino","dataNascimento":"22/01/1981","idade":"33","estadoCivil":"Casado","instrucao":"2 Grau completo","profissao":"POLICIAL MILITAR","cutis":"Parda","naturezasEnvolvidas":"A.I.-Roubo (art. 157)"}],"naturezas":[{"especie":"Ato infracional","descricao":"A.I.-Roubo (art. 157)","desdobramentos":"§3o. Se da violência resulta morte"},{"especie":"Título XI - Administração pública (arts. 312 a 359-H)","descricao":"Resistência (art. 329)"},{"especie":"Título I - Pessoa (arts. 121 a 154)","descricao":"Lesão corporal (art. 129)","desdobramentos":"Lesão corporal decorrente de intervenção policial (RES. SSP 05 - 07/01/2013)"},{"especie":"Título XI - Administração pública (arts. 312 a 359-H)","descricao":"Favorecimento pessoal (art. 348)"}],"categoria":"LATROCINIO"}