{"idBO":"2014-200100-437","numero":"437","idDelegacia":"200100","tipoBoletim":"Complementar","dependencia":"DHPP DIV. HOMICIDIOS","local":"RUA SEBASTIAO FRANCISCO - MORUMBI - S.PAULO - SP","tipoLocal":"Residência","circunscricao":"89º D.P. JARDIM TABOAO","dataOcorrencia":"09/06/2014","turnoOcorrencia":"A NOITE","dataComunicacao":"10/06/2014","horaComunicacao":"23:45","dataElaboracao":"10/06/2014","horaElaboracao":"23:50","flagrante":"Sim","solucao":"BO PARA ADENDO","partesEnvolvidas":[{"nome":"EFIGENIA MARTINS OLIVEIRA","tipoEnvolvimento":"Vítima","rg":"36845939-SP","naturalidade":"UBAI -MG","nacionalidade":"BRASILEIRA","sexo":"Feminino","dataNascimento":"05/02/1979","idade":"35","estadoCivil":"Solteiro","instrucao":"1 Grau completo","profissao":"DOMESTICA","cutis":"Parda","naturezasEnvolvidas":"Homicídio qualificado (art. 121, §2o.), Destruição, subtração ou ocultação de cadáver (art. 211)"}],"naturezas":[{"especie":"Título I - Pessoa (arts. 121 a 154)","descricao":"Homicídio qualificado (art. 121, §2o.)","desdobramentos":"II - por motivo fútil"},{"especie":"Título V - Sentimento religioso e respeito aos mortos (arts. 208 a 212)","descricao":"Destruição, subtração ou ocultação de cadáver (art. 211)"},{"especie":"Título I - Pessoa (arts. 121 a 154)","descricao":"Abandono de incapaz (art. 133)"},{"especie":"Captura procurado","descricao":"Captura de procurado"}],"numeroBoPrincipal":"435","anoBoPrincipal":"2014","nomeDelegaciaBoPrincipal":"DHPP DIV. HOMICIDIOS","categoria":"HOMICIDIO_DOLOSO"}