{"idBO":"2014-120526-826","numero":"826","idDelegacia":"120526","tipoBoletim":"Complementar","dependencia":"01º D.P. ITU","local":"EST. DA SERVIDAO (CASTELO BRANCO KM 63), 1 - - ITU - SP","tipoLocal":"Via pública","circunscricao":"04º D.P. ITU","dataOcorrencia":"06/03/2014","turnoOcorrencia":"A NOITE","dataComunicacao":"25/03/2014","horaComunicacao":"14:48","dataElaboracao":"25/03/2014","horaElaboracao":"14:50","flagrante":"Não","examesRequisitados":"IC-IML","solucao":"BO PARA ADENDO","partesEnvolvidas":[{"nome":"FABIANO MENDES DE QUEIROS","tipoEnvolvimento":"Vítima","rg":"48529921-SP","naturalidade":"MAIRINQUE -SP","nacionalidade":"BRASILEIRA","sexo":"Masculino","dataNascimento":"05/12/1991","idade":"22","estadoCivil":"Solteiro","instrucao":"1 Grau completo","cutis":"Parda","naturezasEnvolvidas":"Roubo (art. 157)"}],"naturezas":[{"especie":"Título II - Patrimônio (arts. 155 a 183)","descricao":"Roubo (art. 157)","desdobramentos":"§3o. Se da violência resulta morte:"}],"numeroBoPrincipal":"1127","anoBoPrincipal":"2014","nomeDelegaciaBoPrincipal":"DEL.POL.PLANTÃO ITU","categoria":"LATROCINIO"}