{"idBO":"2014-30124-5260","numero":"5260","idDelegacia":"30124","tipoBoletim":"Principal","dependencia":"01º D.P. MAUA","local":"RUA NATAL - JD ORATÓRIO - MAUA - SP","tipoLocal":"Via pública","circunscricao":"01º D.P. MAUA","dataOcorrencia":"07/07/2014","turnoOcorrencia":"A TARDE","dataComunicacao":"07/07/2014","horaComunicacao":"18:23","dataElaboracao":"07/07/2014","horaElaboracao":"18:43","flagrante":"Não","solucao":"BO PARA INVESTIGAÇÃO","partesEnvolvidas":[{"nome":"EDMILSON DOS ANJOS PEREIRA","tipoEnvolvimento":"Vítima","rg":"40905360-SP","naturalidade":"DELMIRO GOUVEIA -AL","nacionalidade":"BRASILEIRA","sexo":"Masculino","dataNascimento":"22/01/1981","idade":"33","cutis":"Parda","naturezasEnvolvidas":"Homicídio simples (art. 121)"}],"naturezas":[{"especie":"Título I - Pessoa (arts. 121 a 154)","descricao":"Homicídio simples (art. 121)"}],"categoria":"HOMICIDIO_DOLOSO"}