{"idBO":"2014-30408-734","numero":"734","idDelegacia":"30408","tipoBoletim":"Principal","dependencia":"DEL.POL.JANDIRA","local":"R FERNANDO PESSOA, 596 - MONTE CARLO - JANDIRA - SP","tipoLocal":"Via pública","circunscricao":"DEL.POL.JANDIRA","dataOcorrencia":"02/03/2014","turnoOcorrencia":"A NOITE","dataComunicacao":"02/03/2014","horaComunicacao":"20:12","dataElaboracao":"02/03/2014","horaElaboracao":"20:13","flagrante":"Não","examesRequisitados":"IC-IML","solucao":"BO PARA INQUÉRITO","partesEnvolvidas":[{"nome":"ANA KALINE VICENTE DE LIMA","tipoEnvolvimento":"Vítima","naturalidade":"SAPE-PB","sexo":"Feminino","dataNascimento":"25/05/1984","idade":"29","estadoCivil":"Casado","instrucao":"1 Grau incompleto","profissao":"BALCONISTA","cutis":"Branca","naturezasEnvolvidas":"Roubo (art. 157)"},{"nome":"OSVALDINO CARDOSO DUCA","tipoEnvolvimento":"Vítima","rg":"27856082-SP","naturalidade":"CAETITE -BA","nacionalidade":"BRASILEIRA","sexo":"Masculino","dataNascimento":"09/04/1949","idade":"64","estadoCivil":"Casado","instrucao":"1 Grau incompleto","profissao":"COMERCIANTE","cutis":"Branca","naturezasEnvolvidas":"Roubo (art. 157)"},{"nome":"ISMAEL LUCAS BASILIO","tipoEnvolvimento":"Autor/Vitima","rg":"46453769-SP","naturalidade":"CARAPICUIBA -SP","nacionalidade":"BRASILEIRA","sexo":"Masculino","dataNascimento":"25/09/1989","idade":"24","estadoCivil":"Casado","instrucao":"1 Grau incompleto","profissao":"SEGURANCA","cutis":"Parda","naturezasEnvolvidas":"Homicídio simples (art. 121)"},{"nome":"EULALIO FAUSTINO DE OLIVEIRA","tipoEnvolvimento":"Vítima","rg":"9057129-SP","naturalidade":"PAULISTANA -PI","nacionalidade":"BRASILEIRA","sexo":"Masculino","dataNascimento":"11/02/1955","idade":"59","estadoCivil":"Casado","instrucao":"1 Grau completo","cutis":"Branca","naturezasEnvolvidas":"Roubo (art. 157)"}],"naturezas":[{"especie":"Título I - Pessoa (arts. 121 a 154)","descricao":"Homicídio simples (art. 121)"},{"especie":"Título II - Patrimônio (arts. 155 a 183)","descricao":"Roubo (art. 157)"}],"categoria":"HOMICIDIO_DOLOSO"}