{"idBO":"2014-20250-13848","numero":"13848","idDelegacia":"20250","tipoBoletim":"Principal","dependencia":"50º D.P. ITAIM PAULISTA","local":"RUA PLACIDO PARREIRA LIMA, 780 - SAO MIGUEL PTA - S.PAULO - SP","tipoLocal":"Via pública","circunscricao":"67º D.P. JARDIM ROBRU","dataOcorrencia":"29/12/2014","turnoOcorrencia":"A NOITE","dataComunicacao":"29/12/2014","horaComunicacao":"23:47","dataElaboracao":"29/12/2014","horaElaboracao":"23:54","flagrante":"Não","examesRequisitados":"IC-IML","solucao":"ENCAMINHAMENTO DP ÁREA DO FATO","partesEnvolvidas":[{"nome":"MARCELO DA SILVA AGUIAR","tipoEnvolvimento":"Vítima","naturalidade":"SAO PAULO-SP","nacionalidade":"BRASILEIRA","sexo":"Masculino","dataNascimento":"03/12/1980","idade":"34","estadoCivil":"Convivente","profissao":"ENTREGADOR DE PIZZA","cutis":"Parda","naturezasEnvolvidas":"Homicídio simples (art. 121)"},{"nome":"GEILSON DE SOUZA BASILIO","tipoEnvolvimento":"Vítima","naturalidade":"SAO PAULO-SP","nacionalidade":"BRASILEIRA","sexo":"Masculino","idade":"0","estadoCivil":"Solteiro","profissao":"ENTREGADOR DE PIZZA","cutis":"Parda","naturezasEnvolvidas":"Homicídio simples (art. 121)"}],"naturezas":[{"especie":"Título I - Pessoa (arts. 121 a 154)","descricao":"Homicídio simples (art. 121)"}],"categoria":"HOMICIDIO_DOLOSO"}