{"idBO":"2014-130516-1347","numero":"1347","idDelegacia":"130516","tipoBoletim":"Principal","dependencia":"DEL.SEC.TAUBATE PLANTÃO","local":"ESTRADA MUNICIPAL DO PINHAL - SANTA LUZIA RURAL BAIRRO DO PINHAL - TAUBATE - SP","tipoLocal":"Unidade rural","circunscricao":"03º D.P. TAUBATE","dataOcorrencia":"09/03/2014","turnoOcorrencia":"PELA MANHÃ","dataComunicacao":"09/03/2014","horaComunicacao":"12:31","dataElaboracao":"09/03/2014","horaElaboracao":"12:46","flagrante":"Não","examesRequisitados":"IC-IML","solucao":"ENCAMINHAMENTO DP ÁREA DO FATO","partesEnvolvidas":[{"nome":"DESCONHECIDA","tipoEnvolvimento":"Vítima","cutis":"Outros","naturezasEnvolvidas":"Homicídio qualificado (art. 121, §2o.)"}],"naturezas":[{"especie":"Título I - Pessoa (arts. 121 a 154)","descricao":"Homicídio qualificado (art. 121, §2o.)","desdobramentos":"III - com emprego de meio insidioso ou cruel, ou de que resulte perigo comum"}],"categoria":"HOMICIDIO_DOLOSO"}