{"idBO":"2014-10374-379","numero":"379","idDelegacia":"10374","tipoBoletim":"Principal","dependencia":"101º D.P. JDIM IMBUIAS","local":"R FORTE DE TRINDADE, 97 - JD IPORA - S.PAULO - SP","tipoLocal":"Via pública","circunscricao":"25º D.P. PARELHEIROS","dataOcorrencia":"11/01/2014","turnoOcorrencia":"A NOITE","dataComunicacao":"12/01/2014","horaComunicacao":"02:58","dataElaboracao":"12/01/2014","horaElaboracao":"03:01","flagrante":"Não","examesRequisitados":"IC-IML","solucao":"ENCAMINHAMENTO DP ÁREA DO FATO","partesEnvolvidas":[{"nome":"CICERO ANGELO DOS SANTOS","tipoEnvolvimento":"Vítima","sexo":"Masculino","idade":"0","cutis":"Parda","naturezasEnvolvidas":"Homicídio simples (art. 121)"},{"nome":"ROGERIO CICERO ANGELO DOS SANTOS","tipoEnvolvimento":"Vítima","sexo":"Masculino","idade":"0","cutis":"Parda","naturezasEnvolvidas":"Homicídio simples (art. 121)"}],"naturezas":[{"especie":"Título I - Pessoa (arts. 121 a 154)","descricao":"Homicídio simples (art. 121)"}],"categoria":"HOMICIDIO_DOLOSO"}