{"idBO":"2014-30217-5922","numero":"5922","idDelegacia":"30217","tipoBoletim":"Principal","dependencia":"07º D.P. GUARULHOS","local":"RUA MANUEL DE FREITAS - JARDIM ALAMO - GUARULHOS - SP","tipoLocal":"Via pública","circunscricao":"07º D.P. GUARULHOS","dataOcorrencia":"15/08/2014","turnoOcorrencia":"DE MADRUGADA","dataComunicacao":"15/08/2014","horaComunicacao":"02:40","dataElaboracao":"15/08/2014","horaElaboracao":"02:49","flagrante":"Não","examesRequisitados":"IC-IML","solucao":"APRECIAÇÃO DO DELEGADO TITULAR","partesEnvolvidas":[{"nome":"IGOR MARCIANO DOS SANTOS","tipoEnvolvimento":"Vítima","rg":"48824084-SP","naturalidade":"VITORIA DA CONQUISTA -BA","nacionalidade":"BRASILEIRA","sexo":"Masculino","dataNascimento":"26/01/1993","idade":"21","estadoCivil":"Solteiro","instrucao":"1 Grau completo","profissao":"AJUDANTE","cutis":"Branca","naturezasEnvolvidas":"Homicídio simples (art. 121)"},{"nome":"JOEL DA CRUZ ALMEIDA JUNIOR","tipoEnvolvimento":"Vítima","rg":"30206008-SP","naturalidade":"S.PAULO -SP","nacionalidade":"BRASILEIRA","sexo":"Masculino","dataNascimento":"20/08/1977","idade":"36","estadoCivil":"Solteiro","instrucao":"2 Grau completo","cutis":"Branca","naturezasEnvolvidas":"Homicídio simples (art. 121)"}],"naturezas":[{"especie":"Título I - Pessoa (arts. 121 a 154)","descricao":"Homicídio simples (art. 121)"}],"categoria":"HOMICIDIO_DOLOSO"}