{"idBO":"2014-200100-575","numero":"575","idDelegacia":"200100","tipoBoletim":"Complementar","dependencia":"DHPP DIV. HOMICIDIOS","local":"RUA MIRIAM LICETTE, 70 - JD MONTE LIBANO - S.PAULO - SP","tipoLocal":"Via pública","circunscricao":"98º D.P. JARDIM MIRIAM","dataOcorrencia":"03/08/2014","turnoOcorrencia":"A TARDE","dataComunicacao":"03/08/2014","horaComunicacao":"18:22","dataElaboracao":"03/08/2014","horaElaboracao":"18:24","flagrante":"Não","examesRequisitados":"IC-IML","solucao":"BO PARA INQUÉRITO","partesEnvolvidas":[{"nome":"JOEL SEVERINO DE ANDRADE","tipoEnvolvimento":"Vítima","rg":"56951767-SP","naturalidade":"MACHADOS -PE","nacionalidade":"BRASILEIRA","sexo":"Masculino","dataNascimento":"07/12/1977","idade":"36","estadoCivil":"Solteiro","instrucao":"1 Grau completo","profissao":"PEDREIRO","cutis":"Parda","naturezasEnvolvidas":"Homicídio simples (art. 121)"}],"naturezas":[{"especie":"Título I - Pessoa (arts. 121 a 154)","descricao":"Homicídio simples (art. 121)"}],"numeroBoPrincipal":"6971","anoBoPrincipal":"2014","nomeDelegaciaBoPrincipal":"98º D.P. JARDIM MIRIAM","categoria":"HOMICIDIO_DOLOSO"}