{"idBO":"2014-10247-5379","numero":"5379","idDelegacia":"10247","tipoBoletim":"Principal","dependencia":"47º D.P. CAPAO REDONDO","local":"RUA ANTIGO CONTINENTE, 39 - PARQUE BOLOGNE - CEP: 04941080 - S.PAULO - SP","tipoLocal":"Via pública","circunscricao":"100º D.P. JDIM HERCULANO","dataOcorrencia":"11/05/2014","turnoOcorrencia":"DE MADRUGADA","dataComunicacao":"11/05/2014","horaComunicacao":"03:14","dataElaboracao":"11/05/2014","horaElaboracao":"03:16","flagrante":"Não","solucao":"ENCAMINHAMENTO DP ÁREA DO FATO","partesEnvolvidas":[{"nome":"GUILHERME GONCALVES DE SANTANA","tipoEnvolvimento":"Vítima","rg":"49175907-SP","naturalidade":"S.PAULO -SP","nacionalidade":"BRASILEIRA","sexo":"Masculino","dataNascimento":"05/09/1991","idade":"22","estadoCivil":"Solteiro","instrucao":"1 Grau completo","profissao":"AJUDANTE DE PINTOR","cutis":"Parda","naturezasEnvolvidas":"Homicídio simples (art. 121)"}],"naturezas":[{"especie":"Título I - Pessoa (arts. 121 a 154)","descricao":"Homicídio simples (art. 121)"}],"categoria":"HOMICIDIO_DOLOSO"}