{"idBO":"2014-30207-6940","numero":"6940","idDelegacia":"30207","tipoBoletim":"Principal","dependencia":"02º D.P. GUARULHOS","local":"RUA OLÍMPIO MARTINS, 59 - JD. PALMIRA - GUARULHOS - SP","tipoLocal":"Via pública","circunscricao":"02º D.P. GUARULHOS","dataOcorrencia":"20/11/2014","turnoOcorrencia":"A NOITE","dataComunicacao":"20/11/2014","horaComunicacao":"22:30","dataElaboracao":"20/11/2014","horaElaboracao":"22:32","flagrante":"Não","examesRequisitados":"IC-IML","solucao":"APRECIAÇÃO DO DELEGADO TITULAR","partesEnvolvidas":[{"nome":"LUCAS OLIVEIRA SILVA GONCALVES","tipoEnvolvimento":"Vítima","rg":"46988020-SP","naturalidade":"MOGI DAS CRUZES -SP","sexo":"Masculino","dataNascimento":"18/10/1985","idade":"29","estadoCivil":"Solteiro","instrucao":"1 Grau completo","profissao":"ESTUDANTE","cutis":"Branca","naturezasEnvolvidas":"Homicídio simples (art. 121)"}],"naturezas":[{"especie":"Título I - Pessoa (arts. 121 a 154)","descricao":"Homicídio simples (art. 121)"}],"categoria":"HOMICIDIO_DOLOSO"}