{"idBO":"2014-10353-1352","numero":"1352","idDelegacia":"10353","tipoBoletim":"Principal","dependencia":"53º D.P. PARQUE DO CARMO","local":"R ARRAIAL DA ANTA, 376 - VILA CARMOSINA - S.PAULO - SP","tipoLocal":"Residência","circunscricao":"53º D.P. PARQUE DO CARMO","dataOcorrencia":"17/02/2014","turnoOcorrencia":"DE MADRUGADA","dataComunicacao":"17/02/2014","horaComunicacao":"04:37","dataElaboracao":"17/02/2014","horaElaboracao":"04:39","flagrante":"Não","examesRequisitados":"IC-IML","solucao":"BO PARA INVESTIGAÇÃO","partesEnvolvidas":[{"nome":"ELLEN GONCALVES AMORIM","tipoEnvolvimento":"Vítima","rg":"46636058-SP","naturalidade":"S.PAULO -SP","nacionalidade":"BRASILEIRA","sexo":"Feminino","dataNascimento":"16/09/1989","idade":"24","estadoCivil":"Solteiro","instrucao":"2 Grau completo","cutis":"Branca"},{"nome":"MANOEL DA SILVA AMORIM","tipoEnvolvimento":"Vítima","rg":"27318655-SP","naturalidade":"S.BENTO DO UNA -PE","nacionalidade":"BRASILEIRA","sexo":"Masculino","dataNascimento":"21/10/1962","idade":"51","estadoCivil":"Casado","instrucao":"2 Grau completo","cutis":"Parda"},{"nome":"VILMA GONÇALVES PIRES AMORIM","tipoEnvolvimento":"Vítima","sexo":"Feminino","dataNascimento":"06/11/1964","idade":"49","cutis":"Branca"},{"nome":"YASMIM GONÇALVES AMORIM","tipoEnvolvimento":"Vítima","sexo":"Feminino","dataNascimento":"25/02/1994","idade":"19","cutis":"Branca"}],"naturezas":[{"especie":"Título II - Patrimônio (arts. 155 a 183)","descricao":"Roubo (art. 157)","desdobramentos":"§3o. Se da violência resulta morte:"}],"categoria":"LATROCINIO"}