{"idBO":"2014-30126-1637","numero":"1637","idDelegacia":"30126","tipoBoletim":"Principal","dependencia":"06º D.P. S.BERNARDO DO CAMPO","local":"ESTRADA DO MONTANHÃO, 2440 - MONTANHÃO - S.BERNARDO DO CAMPO - SP","tipoLocal":"Via pública","circunscricao":"06º D.P. S.BERNARDO DO CAMPO","dataOcorrencia":"02/07/2014","turnoOcorrencia":"PELA MANHÃ","dataComunicacao":"02/07/2014","horaComunicacao":"11:52","dataElaboracao":"02/07/2014","horaElaboracao":"12:01","flagrante":"Não","examesRequisitados":"IC-IML","solucao":"APRECIAÇÃO DO DELEGADO TITULAR","partesEnvolvidas":[{"nome":"D E S C O N H E C I D O","tipoEnvolvimento":"Vítima","sexo":"Masculino","idade":"0","cutis":"Branca","naturezasEnvolvidas":"Homicídio simples (art. 121)"}],"naturezas":[{"especie":"Título I - Pessoa (arts. 121 a 154)","descricao":"Homicídio simples (art. 121)"}],"categoria":"HOMICIDIO_DOLOSO"}