{"idBO":"2014-30404-897","numero":"897","idDelegacia":"30404","tipoBoletim":"Principal","dependencia":"DEL.POL.EMBU DAS ARTES","local":"R URUGUAI, 38 - JD DOS MORAES - EMBU - SP","tipoLocal":"Via pública","circunscricao":"01º D.P. EMBU DAS ARTES","dataOcorrencia":"05/03/2014","turnoOcorrencia":"A NOITE","dataComunicacao":"06/03/2014","horaComunicacao":"00:32","dataElaboracao":"06/03/2014","horaElaboracao":"00:45","flagrante":"Não","examesRequisitados":"IML","solucao":"ENCAMINHAMENTO DP ÁREA DO FATO","partesEnvolvidas":[{"sexo":"Masculino","idade":"0","cutis":"Branca","naturezasEnvolvidas":"Homicídio simples (art. 121)"}],"naturezas":[{"especie":"Título I - Pessoa (arts. 121 a 154)","descricao":"Homicídio simples (art. 121)"}],"categoria":"HOMICIDIO_DOLOSO"}