{"idBO":"2014-30440-1580","numero":"1580","idDelegacia":"30440","tipoBoletim":"Principal","dependencia":"10º D.P. OSASCO","local":"RUA NITERÓI, 30 - ROCHDALE - OSASCO - SP","tipoLocal":"Via pública","circunscricao":"04º D.P. OSASCO","dataOcorrencia":"30/03/2014","turnoOcorrencia":"DE MADRUGADA","dataComunicacao":"30/03/2014","horaComunicacao":"08:46","dataElaboracao":"30/03/2014","horaElaboracao":"08:47","flagrante":"Não","examesRequisitados":"IML","solucao":"ENCAMINHAMENTO DP ÁREA DO FATO","partesEnvolvidas":[{"nome":"JULIO GOMES DA SILVA","tipoEnvolvimento":"Vítima","rg":"28789601-SP","naturalidade":"CANDIBA -BA","sexo":"Masculino","dataNascimento":"15/11/1975","idade":"38","estadoCivil":"Solteiro","instrucao":"1 Grau completo","profissao":"SERVENTE","cutis":"Parda","naturezasEnvolvidas":"Homicídio simples (art. 121)"}],"naturezas":[{"especie":"Título I - Pessoa (arts. 121 a 154)","descricao":"Homicídio simples (art. 121)"}],"categoria":"HOMICIDIO_DOLOSO"}