{"idBO":"2014-10356-10722","numero":"10722","idDelegacia":"10356","tipoBoletim":"Principal","dependencia":"89º D.P. JARDIM TABOAO","local":"AVENIDA LEITAO DA CUNHA, 800 - CAMPO LIMPO - S.PAULO - SP","tipoLocal":"Via pública","circunscricao":"37º D.P. CAMPO LIMPO","dataOcorrencia":"13/12/2014","turnoOcorrencia":"A NOITE","dataComunicacao":"14/12/2014","horaComunicacao":"00:17","dataElaboracao":"14/12/2014","horaElaboracao":"00:21","flagrante":"Não","examesRequisitados":"IC-IML","solucao":"ENCAMINHAMENTO DP ÁREA DO FATO","partesEnvolvidas":[{"nome":"BRUNO CUSTODIO GIL","tipoEnvolvimento":"Vítima","rg":"40529647-SP","naturalidade":"S.PAULO -SP","sexo":"Masculino","dataNascimento":"15/09/1985","idade":"29","estadoCivil":"Solteiro","instrucao":"2 Grau completo","profissao":"GRAFICO(A)","cutis":"Branca","naturezasEnvolvidas":"Homicídio qualificado (art. 121, §2o.)"}],"naturezas":[{"especie":"Título I - Pessoa (arts. 121 a 154)","descricao":"Homicídio qualificado (art. 121, §2o.)"}],"categoria":"HOMICIDIO_DOLOSO"}