{"idBO":"2014-120500-3329","numero":"3329","idDelegacia":"120500","tipoBoletim":"Principal","dependencia":"DEL.SEC.SOROCABA","local":"RODOVIA SP 270, 107 - IPANEMA DO MEIO - SOROCABA - SP","tipoLocal":"Rodovia/Estrada","circunscricao":"09º D.P. SOROCABA","dataOcorrencia":"06/04/2014","turnoOcorrencia":"PELA MANHÃ","dataComunicacao":"06/04/2014","horaComunicacao":"09:32","dataElaboracao":"06/04/2014","horaElaboracao":"09:59","flagrante":"Não","examesRequisitados":"IC-IML","solucao":"BO PARA FLAGRANTE","partesEnvolvidas":[{"nome":"LEO WAGNER RIBEIRO DAS NEVES","tipoEnvolvimento":"Vítima","rg":"44307941-SP","naturalidade":"SOROCABA -SP","nacionalidade":"BRASILEIRA","sexo":"Masculino","dataNascimento":"20/04/1994","idade":"19","estadoCivil":"Solteiro","instrucao":"1 Grau completo","cutis":"Branca","naturezasEnvolvidas":"Homicídio simples (art. 121)"},{"nome":"GIOVANNI CARTEZANO INOCENCIO","tipoEnvolvimento":"Vítima","rg":"57146973-SP","naturalidade":"SOROCABA -SP","nacionalidade":"BRASILEIRA","sexo":"Masculino","dataNascimento":"11/11/1996","idade":"17","estadoCivil":"Solteiro","instrucao":"2 Grau completo","cutis":"Branca","naturezasEnvolvidas":"Homicídio simples (art. 121)"},{"nome":"GUILHERME DOS SANTOS MODESTO","tipoEnvolvimento":"Vítima","rg":"36772059-SP","naturalidade":"SOROCABA -SP","nacionalidade":"BRASILEIRA","sexo":"Masculino","dataNascimento":"08/01/1996","idade":"18","estadoCivil":"Solteiro","instrucao":"2 Grau completo","cutis":"Branca","naturezasEnvolvidas":"Homicídio simples (art. 121)"},{"nome":"AMANDA OLIVEIRA ALQUATI","tipoEnvolvimento":"Vítima","rg":"41706751-SP","naturalidade":"SOROCABA -SP","nacionalidade":"BRASILEIRA","sexo":"Feminino","dataNascimento":"27/08/1996","idade":"17","estadoCivil":"Solteiro","instrucao":"1 Grau completo","cutis":"Branca","naturezasEnvolvidas":"Homicídio simples (art. 121)"},{"nome":"LUCAS ALEXANDRE VIEIRA","tipoEnvolvimento":"Vítima","sexo":"Masculino","idade":"0","cutis":"Branca","naturezasEnvolvidas":"Homicídio simples (art. 121)"}],"naturezas":[{"especie":"Título I - Pessoa (arts. 121 a 154)","descricao":"Homicídio simples (art. 121)"},{"especie":"L 9503/97 - Código de Trânsito Brasileiro","descricao":"Embriaguez ao volante (Art. 306)"},{"especie":"Título I - Pessoa (arts. 121 a 154)","descricao":"Homicídio simples (art. 121)"}],"categoria":"HOMICIDIO_DOLOSO"}