{"idBO":"2014-200100-121","numero":"121","idDelegacia":"200100","tipoBoletim":"Principal","dependencia":"DHPP DIV. HOMICIDIOS","local":"R VASCO DE SANDIM, 3 - - S.PAULO - SP","tipoLocal":"Via pública","circunscricao":"24º D.P. PONTE RASA","dataOcorrencia":"18/02/2014","turnoOcorrencia":"DE MADRUGADA","dataComunicacao":"19/02/2014","horaComunicacao":"03:29","dataElaboracao":"19/02/2014","horaElaboracao":"03:35","flagrante":"Sim","examesRequisitados":"IC-IML","solucao":"BO PARA INQUÉRITO","partesEnvolvidas":[{"nome":"ANDRE MAKOTO HAMAZAKI","tipoEnvolvimento":"Vítima","rg":"18418509-SP","naturalidade":"SÃO PAULO","nacionalidade":"BRASILEIRA","sexo":"Masculino","dataNascimento":"12/04/1970","idade":"43","estadoCivil":"Solteiro","instrucao":"Superior completo","profissao":"POLICIAL CIVIL","cutis":"Branca"}],"naturezas":[{"especie":"Título II - Patrimônio (arts. 155 a 183)","descricao":"Roubo (art. 157)","desdobramentos":"§3o. Se da violência resulta morte:"}],"categoria":"LATROCINIO"}