{"idBO":"2014-120200-792","numero":"792","idDelegacia":"120200","tipoBoletim":"Principal","dependencia":"DEL.SEC.BOTUCATU","local":"AVENIDA CAMILO MAZONI - VILA DOS LAVRADORES - BOTUCATU - SP","tipoLocal":"Unidade rural","circunscricao":"02º D.P. BOTUCATU","dataOcorrencia":"27/04/2014","turnoOcorrencia":"A TARDE","dataComunicacao":"27/04/2014","horaComunicacao":"20:44","dataElaboracao":"27/04/2014","horaElaboracao":"20:52","flagrante":"Não","examesRequisitados":"IC-IML","solucao":"ENCAMINHAMENTO DP ÁREA DO FATO","partesEnvolvidas":[{"nome":"LAURINDO PIRES MARQUES","tipoEnvolvimento":"Vítima","naturalidade":"LISBOA","sexo":"Masculino","dataNascimento":"22/03/1946","idade":"68","estadoCivil":"Separado","profissao":"CORRETOR(A)","cutis":"Branca","naturezasEnvolvidas":"Homicídio qualificado (art. 121, §2o.)"}],"naturezas":[{"especie":"Título I - Pessoa (arts. 121 a 154)","descricao":"Homicídio qualificado (art. 121, §2o.)"}],"categoria":"HOMICIDIO_DOLOSO"}