{"idBO":"2014-130504-80","numero":"80","idDelegacia":"130504","tipoBoletim":"Principal","dependencia":"DEL.INV.GER. JACAREI","local":"RUA CLAUDIO EGIDIO DE SANTANA - PARQUE DOS SINOS - JACAREI - SP","tipoLocal":"Via pública","circunscricao":"03º D.P. JACAREI","dataOcorrencia":"11/06/2014","turnoOcorrencia":"A TARDE","dataComunicacao":"11/06/2014","horaComunicacao":"17:04","dataElaboracao":"11/06/2014","horaElaboracao":"17:11","flagrante":"Não","examesRequisitados":"IC-IML","solucao":"BO PARA INQUÉRITO","partesEnvolvidas":[{"nome":"VAGNER ALEXANDRE JORG","tipoEnvolvimento":"Vítima","rg":"29451569-SP","naturalidade":"SUZANO -SP","nacionalidade":"BRASILEIRA","sexo":"Masculino","dataNascimento":"19/12/1976","idade":"37","estadoCivil":"Solteiro","instrucao":"2 Grau completo","cutis":"Branca","naturezasEnvolvidas":"Homicídio simples (art. 121)"}],"naturezas":[{"especie":"Título I - Pessoa (arts. 121 a 154)","descricao":"Homicídio simples (art. 121)"}],"categoria":"HOMICIDIO_DOLOSO"}