{"idBO":"2014-30401-857","numero":"857","idDelegacia":"30401","tipoBoletim":"Principal","dependencia":"DEL.POL.BARUERI","local":"R GLORIA, 94 - PQ.DOS CAMARGOS - BARUERI - SP","tipoLocal":"Residência","circunscricao":"01º D.P. BARUERI","dataOcorrencia":"09/02/2014","turnoOcorrencia":"A TARDE","dataComunicacao":"09/02/2014","horaComunicacao":"13:21","dataElaboracao":"09/02/2014","horaElaboracao":"13:24","flagrante":"Não","examesRequisitados":"IC-IML","solucao":"APRECIAÇÃO DO DELEGADO TITULAR","partesEnvolvidas":[{"nome":"MARIA IRANDY LOPES DE SOUSA","tipoEnvolvimento":"Vítima","rg":"23664900-SP","naturalidade":"BONITO DE SANTA FE -PB","nacionalidade":"BRASILEIRA","sexo":"Feminino","dataNascimento":"06/11/1965","idade":"48","estadoCivil":"Solteiro","instrucao":"1 Grau completo","cutis":"Branca","naturezasEnvolvidas":"Homicídio qualificado (art. 121, §2o.)"}],"naturezas":[{"especie":"Título I - Pessoa (arts. 121 a 154)","descricao":"Homicídio qualificado (art. 121, §2o.)"}],"categoria":"HOMICIDIO_DOLOSO"}