{"idBO":"2014-200100-106","numero":"106","idDelegacia":"200100","tipoBoletim":"Complementar","dependencia":"DHPP DIV. HOMICIDIOS","local":"RUA MICHEL SILVA, 329 - HELIOPOLIS - S.PAULO - SP","tipoLocal":"Via pública","circunscricao":"95º D.P. HELIÓPOLIS","dataOcorrencia":"10/02/2014","turnoOcorrencia":"PELA MANHÃ","dataComunicacao":"10/02/2014","horaComunicacao":"11:17","dataElaboracao":"10/02/2014","horaElaboracao":"11:18","flagrante":"Não","examesRequisitados":"IC-IML","solucao":"BO PARA INQUÉRITO","partesEnvolvidas":[{"nome":"GILVAN VIEIRA CAVALCANTE","tipoEnvolvimento":"Vítima","rg":"39206071-SP","naturalidade":"S.FRANCISCO DO PIAUI -PI","nacionalidade":"BRASILEIRA","sexo":"Masculino","dataNascimento":"02/04/1967","idade":"46","estadoCivil":"Separado","instrucao":"1 Grau completo","cutis":"Branca","naturezasEnvolvidas":"Homicídio simples (art. 121)"}],"naturezas":[{"especie":"Título I - Pessoa (arts. 121 a 154)","descricao":"Homicídio simples (art. 121)"}],"numeroBoPrincipal":"579","anoBoPrincipal":"2014","nomeDelegaciaBoPrincipal":"95º D.P. HELIÓPOLIS","categoria":"HOMICIDIO_DOLOSO"}