{"idBO":"2014-130517-2705","numero":"2705","idDelegacia":"130517","tipoBoletim":"Principal","dependencia":"DEL.POL.PLANTÃO PINDA","local":"RUA EDUARDO PRATES DA FONSECA, 518 - SAO BENEDITO - PINDAMONHANGABA - SP","tipoLocal":"Via pública","circunscricao":"01º D.P. PINDAMONHANGABA","dataOcorrencia":"21/11/2014","turnoOcorrencia":"DE MADRUGADA","dataComunicacao":"21/11/2014","horaComunicacao":"02:43","dataElaboracao":"21/11/2014","horaElaboracao":"02:45","flagrante":"Não","examesRequisitados":"IML","solucao":"APRECIAÇÃO DO DELEGADO TITULAR","partesEnvolvidas":[{"nome":"MAURO FERREIRA ROSA","tipoEnvolvimento":"Vítima","rg":"23806853-SP","naturalidade":"PINDAMONHANGABA -SP","sexo":"Masculino","dataNascimento":"14/10/1968","idade":"46","estadoCivil":"Solteiro","instrucao":"1 Grau completo","profissao":"VENDEDOR(A) AMBULANTE","cutis":"Branca","naturezasEnvolvidas":"Homicídio simples (art. 121)"}],"naturezas":[{"especie":"Título I - Pessoa (arts. 121 a 154)","descricao":"Homicídio simples (art. 121)"}],"categoria":"HOMICIDIO_DOLOSO"}