{"idBO":"2014-30320-820","numero":"820","idDelegacia":"30320","tipoBoletim":"Complementar","dependencia":"01º D.P. SUZANO","local":"ESTRADA VARIANT DA SP31 - PALMEIRAS - SUZANO - SP","tipoLocal":"Area não ocupada","circunscricao":"01º D.P. SUZANO","dataOcorrencia":"24/06/2014","turnoOcorrencia":"PELA MANHÃ","dataComunicacao":"24/06/2014","horaComunicacao":"13:56","dataElaboracao":"24/06/2014","horaElaboracao":"13:58","flagrante":"Não","examesRequisitados":"IC-IML","solucao":"BO PARA ADENDO","partesEnvolvidas":[{"nome":"RODRIGO DE LUCCA DA FONSECA","tipoEnvolvimento":"Vítima","rg":"33380816-SP","naturalidade":"MOGI DAS CRUZES -SP","nacionalidade":"BRASILEIRA","sexo":"Masculino","dataNascimento":"22/04/1986","idade":"28","estadoCivil":"Solteiro","instrucao":"Superior completo","profissao":"POLICIAL MILITAR","cutis":"Branca","naturezasEnvolvidas":"Homicídio qualificado (art. 121, §2o.)"}],"naturezas":[{"especie":"Título I - Pessoa (arts. 121 a 154)","descricao":"Homicídio qualificado (art. 121, §2o.)"}],"numeroBoPrincipal":"3627","anoBoPrincipal":"2014","nomeDelegaciaBoPrincipal":"DEL.POL.SUZANO","categoria":"HOMICIDIO_DOLOSO"}