{"idBO":"2014-30217-6953","numero":"6953","idDelegacia":"30217","tipoBoletim":"Principal","dependencia":"07º D.P. GUARULHOS","local":"ESTRADA ITAVERAVA, 1 - BONSUCESSO - GUARULHOS - SP","tipoLocal":"Via pública","circunscricao":"07º D.P. GUARULHOS","dataOcorrencia":"25/09/2014","turnoOcorrencia":"PELA MANHÃ","dataComunicacao":"25/09/2014","horaComunicacao":"11:45","dataElaboracao":"25/09/2014","horaElaboracao":"11:48","flagrante":"Não","examesRequisitados":"IC-IML","solucao":"APRECIAÇÃO DO DELEGADO TITULAR","partesEnvolvidas":[{"nome":"DESCONHECIDO","tipoEnvolvimento":"Vítima","sexo":"Masculino","idade":"0","cutis":"Branca","naturezasEnvolvidas":"Homicídio simples (art. 121)"}],"naturezas":[{"especie":"Título I - Pessoa (arts. 121 a 154)","descricao":"Homicídio simples (art. 121)"}],"categoria":"HOMICIDIO_DOLOSO"}