{"idBO":"2014-200100-561","numero":"561","idDelegacia":"200100","tipoBoletim":"Complementar","dependencia":"DHPP DIV. HOMICIDIOS","local":"AVENIDA ARICANDUVA, 5555 - JD ARICANDUVA - S.PAULO - SP","tipoLocal":"Area não ocupada","circunscricao":"66º D.P. JDIM ARICANDUVA","dataOcorrencia":"28/07/2014","turnoOcorrencia":"EM HORA INCERTA","dataComunicacao":"28/07/2014","horaComunicacao":"21:09","dataElaboracao":"28/07/2014","horaElaboracao":"21:10","flagrante":"Não","examesRequisitados":"IC-IML","solucao":"BO PARA INQUÉRITO","partesEnvolvidas":[{"cutis":"Outros","naturezasEnvolvidas":"Homicídio simples (art. 121)"}],"naturezas":[{"especie":"Título I - Pessoa (arts. 121 a 154)","descricao":"Homicídio simples (art. 121)"}],"numeroBoPrincipal":"2462","anoBoPrincipal":"2014","nomeDelegaciaBoPrincipal":"66º D.P. JDIM ARICANDUVA","categoria":"HOMICIDIO_DOLOSO"}