{"idBO":"2014-30614-3649","numero":"3649","idDelegacia":"30614","tipoBoletim":"Principal","dependencia":"01º D.P. TABOÃO DA SERRA","local":"RUA JOÃO DEL PÔRTO, 158 - JD.LEME - TABOAO DA SERRA - SP","tipoLocal":"Via pública","circunscricao":"DEL.SEC.TABOÃO DA SERRA","dataOcorrencia":"07/05/2014","turnoOcorrencia":"A TARDE","dataComunicacao":"07/05/2014","horaComunicacao":"20:25","dataElaboracao":"07/05/2014","horaElaboracao":"20:26","flagrante":"Não","examesRequisitados":"IC-IML","solucao":"BO PARA INVESTIGAÇÃO","partesEnvolvidas":[{"nome":"PEDRO ALVES DE ABREU","tipoEnvolvimento":"Vítima","rg":"32784596-SP","naturalidade":"FLORESTA","nacionalidade":"BRASILEIRA","sexo":"Masculino","dataNascimento":"21/09/1960","idade":"53","estadoCivil":"Solteiro","instrucao":"2 Grau completo","profissao":"PINTOR(A)","cutis":"Parda","naturezasEnvolvidas":"Homicídio simples (art. 121)"}],"naturezas":[{"especie":"Título I - Pessoa (arts. 121 a 154)","descricao":"Homicídio simples (art. 121)"}],"categoria":"HOMICIDIO_DOLOSO"}