{"idBO":"2014-30411-6279","numero":"6279","idDelegacia":"30411","tipoBoletim":"Principal","dependencia":"01º D.P. OSASCO","local":"RUA ELÍAS ASSAF, 19 - JD. SÃO PEDRO - OSASCO - SP","tipoLocal":"Area não ocupada","circunscricao":"01º D.P. OSASCO","dataOcorrencia":"01/11/2014","turnoOcorrencia":"A NOITE","dataComunicacao":"02/11/2014","horaComunicacao":"00:06","dataElaboracao":"02/11/2014","horaElaboracao":"00:10","flagrante":"Não","examesRequisitados":"IC-IML","solucao":"APRECIAÇÃO DO DELEGADO TITULAR","partesEnvolvidas":[{"nome":"MARIZA APARECIDA DOS SANTOS","tipoEnvolvimento":"Vítima","rg":"37776477-SP","naturalidade":"OSASCO","nacionalidade":"BRASILEIRA","sexo":"Feminino","dataNascimento":"03/08/1997","idade":"17","estadoCivil":"Solteiro","instrucao":"1 Grau completo","profissao":"ESTUDANTE","cutis":"Outros","naturezasEnvolvidas":"Homicídio simples (art. 121)"}],"naturezas":[{"especie":"Título I - Pessoa (arts. 121 a 154)","descricao":"Homicídio simples (art. 121)"}],"categoria":"HOMICIDIO_DOLOSO"}