{"idBO":"2014-100401-951","numero":"951","idDelegacia":"100401","tipoBoletim":"Complementar","dependencia":"DEL.POL.ALTINOPOLIS","local":"VICINAL JOÃO ROSSI - MOJOLINHO - CEP: 14350000 - ALTINOPOLIS - SP","tipoLocal":"Via pública","circunscricao":"DEL.POL.ALTINOPOLIS","dataOcorrencia":"13/10/2014","turnoOcorrencia":"DE MADRUGADA","dataComunicacao":"30/10/2014","horaComunicacao":"15:14","dataElaboracao":"30/10/2014","horaElaboracao":"15:18","flagrante":"Não","examesRequisitados":"IC-IML","solucao":"BO PARA ADENDO","partesEnvolvidas":[{"nome":"ANTONIO GILBERTO DE ALMEIDA","tipoEnvolvimento":"Vítima","rg":"9089844-SP","naturalidade":"ALTINOPOLIS-SP","nacionalidade":"BRASILEIRA","sexo":"Masculino","dataNascimento":"07/08/1957","idade":"57","estadoCivil":"Casado","instrucao":"1 Grau completo","profissao":"MECANICO(A)","cutis":"Branca","naturezasEnvolvidas":"Homicídio simples (art. 121)"}],"naturezas":[{"especie":"Título I - Pessoa (arts. 121 a 154)","descricao":"Homicídio simples (art. 121)"}],"numeroBoPrincipal":"890","anoBoPrincipal":"2014","nomeDelegaciaBoPrincipal":"DEL.POL.ALTINOPOLIS","categoria":"HOMICIDIO_DOLOSO"}