{"idBO":"2014-30440-1218","numero":"1218","idDelegacia":"30440","tipoBoletim":"Principal","dependencia":"10º D.P. OSASCO","local":"AV BRASIL, 10 - ROCHDALLE - OSASCO - SP","tipoLocal":"Via pública","circunscricao":"03º D.P. OSASCO","dataOcorrencia":"08/03/2014","turnoOcorrencia":"PELA MANHÃ","dataComunicacao":"08/03/2014","horaComunicacao":"08:56","dataElaboracao":"08/03/2014","horaElaboracao":"09:13","flagrante":"Não","examesRequisitados":"IC-IML","solucao":"ENCAMINHAMENTO DP ÁREA DO FATO","partesEnvolvidas":[{"nome":"JOSE ALVES DA SILVA","tipoEnvolvimento":"Vítima","rg":"38272399-SP","naturalidade":"PORTO REAL COLEGIO -AL","nacionalidade":"BRASILEIRA","sexo":"Masculino","dataNascimento":"30/05/1963","idade":"50","estadoCivil":"Casado","instrucao":"Analfabeto","cutis":"Branca","naturezasEnvolvidas":"Homicídio simples (art. 121)"}],"naturezas":[{"especie":"Título I - Pessoa (arts. 121 a 154)","descricao":"Homicídio simples (art. 121)"}],"categoria":"HOMICIDIO_DOLOSO"}