{"idBO":"2014-10004-2896","numero":"2896","idDelegacia":"10004","tipoBoletim":"Principal","dependencia":"06º D.P. METROPOLITANO","local":"ESTAÇÃO REPUBLICA DO METRO - CENTRO-ACESSO RUA AROUCHE - S.PAULO - SP","tipoLocal":"Terminal/Estação","circunscricao":"03º D.P. CAMPOS ELISEOS","dataOcorrencia":"24/12/2014","turnoOcorrencia":"A NOITE","dataComunicacao":"25/12/2014","horaComunicacao":"01:35","dataElaboracao":"25/12/2014","horaElaboracao":"01:38","flagrante":"Não","examesRequisitados":"IC-IML","solucao":"APRECIAÇÃO DO DELEGADO TITULAR","partesEnvolvidas":[{"nome":"REINALDO DOS ANJOS DA SILVA","tipoEnvolvimento":"Vítima","rg":"45027572-SP","naturalidade":"GUARULHOS -SP","nacionalidade":"BRASILEIRA","sexo":"Masculino","dataNascimento":"04/10/1988","idade":"26","estadoCivil":"Solteiro","instrucao":"2 Grau completo","cutis":"Branca","naturezasEnvolvidas":"Homicídio simples (art. 121)"}],"naturezas":[{"especie":"Título I - Pessoa (arts. 121 a 154)","descricao":"Homicídio simples (art. 121)"}],"categoria":"HOMICIDIO_DOLOSO"}