{"idBO":"2014-10353-4534","numero":"4534","idDelegacia":"10353","tipoBoletim":"Principal","dependencia":"53º D.P. PARQUE DO CARMO","local":"RUA SILVESTRE DA CONCEICAO, 130 - GUAIANASES - S.PAULO - SP","tipoLocal":"Via pública","circunscricao":"44º D.P. GUAIANAZES","dataOcorrencia":"14/06/2014","turnoOcorrencia":"DE MADRUGADA","dataComunicacao":"15/06/2014","horaComunicacao":"10:47","dataElaboracao":"15/06/2014","horaElaboracao":"10:54","flagrante":"Não","examesRequisitados":"IML","solucao":"ENCAMINHAMENTO DP ÁREA DO FATO","partesEnvolvidas":[{"sexo":"Masculino","idade":"0","cutis":"Parda","naturezasEnvolvidas":"Homicídio simples (art. 121)"}],"naturezas":[{"especie":"Título I - Pessoa (arts. 121 a 154)","descricao":"Homicídio simples (art. 121)"}],"categoria":"HOMICIDIO_DOLOSO"}