{"idBO":"2014-30415-3724","numero":"3724","idDelegacia":"30415","tipoBoletim":"Principal","dependencia":"DEL.POL.SANTANA DE PARNAIBA","local":"AVENIDA ALAOR VEIGAS, 442 - BOM JESUS - PIRAPORA BOM JESUS - SP","tipoLocal":"Comércio e serviços","circunscricao":"DEL.POL.PIRAPORA DO BOM JESUS","dataOcorrencia":"18/11/2014","turnoOcorrencia":"A NOITE","dataComunicacao":"18/11/2014","horaComunicacao":"22:12","dataElaboracao":"18/11/2014","horaElaboracao":"22:16","flagrante":"Não","examesRequisitados":"IC-IML","solucao":"ENCAMINHAMENTO DP ÁREA DO FATO","partesEnvolvidas":[{"nome":"ARMANDO DE LIMA BONFIM","tipoEnvolvimento":"Vítima","rg":"26017392-SP","naturalidade":"S.PAULO -SP","sexo":"Masculino","dataNascimento":"10/03/1970","idade":"44","estadoCivil":"Solteiro","instrucao":"1 Grau completo","profissao":"SERVENTE","cutis":"Parda","naturezasEnvolvidas":"Homicídio simples (art. 121)"}],"naturezas":[{"especie":"Título I - Pessoa (arts. 121 a 154)","descricao":"Homicídio simples (art. 121)"}],"categoria":"HOMICIDIO_DOLOSO"}