{"idBO":"2014-10217-3048","numero":"3048","idDelegacia":"10217","tipoBoletim":"Principal","dependencia":"17º D.P. DOUTOR ALDO GALIANO","local":"RUA DOS PATRIOTAS - IPIRANGA - S.PAULO - SP","tipoLocal":"Via pública","circunscricao":"17º D.P. DOUTOR ALDO GALIANO","dataOcorrencia":"04/08/2014","turnoOcorrencia":"A NOITE","dataComunicacao":"05/08/2014","horaComunicacao":"14:09","dataElaboracao":"05/08/2014","horaElaboracao":"14:35","flagrante":"Não","examesRequisitados":"IML","solucao":"APRECIAÇÃO DO DELEGADO TITULAR","partesEnvolvidas":[{"nome":"MANOEL NARCISO VIANA DOS SANTOS","tipoEnvolvimento":"Vítima","rg":"0005993286-PE","naturalidade":"OLINDA-PE","nacionalidade":"BRASILEIRA","sexo":"Masculino","dataNascimento":"23/02/1979","idade":"35","estadoCivil":"Convivente","instrucao":"1 Grau completo","profissao":"COMERCIANTE","cutis":"Branca","naturezasEnvolvidas":"Homicídio simples (art. 121)"}],"naturezas":[{"especie":"Título I - Pessoa (arts. 121 a 154)","descricao":"Homicídio simples (art. 121)"}],"categoria":"HOMICIDIO_DOLOSO"}