{"idBO":"2014-30304-4554","numero":"4554","idDelegacia":"30304","tipoBoletim":"Principal","dependencia":"DEL.POL.ITAQUAQUECETUBA","local":"ESTRADA SAO JOAQUIM DA BARRA - PQ. PIRATININGA - ITAQUAQUECETUBA - SP","tipoLocal":"Area não ocupada","circunscricao":"01º D.P. ITAQUAQUECETUBA","dataOcorrencia":"25/07/2014","turnoOcorrencia":"A NOITE","dataComunicacao":"26/07/2014","horaComunicacao":"16:06","dataElaboracao":"26/07/2014","horaElaboracao":"16:09","flagrante":"Não","examesRequisitados":"IC-IML","solucao":"APRECIAÇÃO DO DELEGADO TITULAR","partesEnvolvidas":[{"nome":"ABRAAO BEZERRA DOS SANTOS","tipoEnvolvimento":"Vítima","rg":"28460712-SP","naturalidade":"RECIFE -PE","sexo":"Masculino","dataNascimento":"05/04/1966","idade":"48","estadoCivil":"Separado","profissao":"VIGILANTE","cutis":"Parda","naturezasEnvolvidas":"Homicídio simples (art. 121)"}],"naturezas":[{"especie":"Título I - Pessoa (arts. 121 a 154)","descricao":"Homicídio simples (art. 121)"}],"categoria":"HOMICIDIO_DOLOSO"}