{"idBO":"2014-120409-3750","numero":"3750","idDelegacia":"120409","tipoBoletim":"Complementar","dependencia":"DEL.POL.ITARARE","local":"RUA SÃO PEDRO, 6015 - JARDIM PAULICEIA - CEP: 18460000 - ITARARE - SP","tipoLocal":"Via pública","circunscricao":"01º D.P. ITARARE","dataOcorrencia":"07/12/2014","turnoOcorrencia":"A NOITE","dataComunicacao":"15/12/2014","horaComunicacao":"19:37","dataElaboracao":"15/12/2014","horaElaboracao":"19:41","flagrante":"Não","solucao":"BO PARA ADENDO","partesEnvolvidas":[{"nome":"MARCIA CONCEICAO BATISTA","tipoEnvolvimento":"Vítima","rg":"28868984-SP","naturalidade":"ITARARE -SP","nacionalidade":"BRASILEIRA","sexo":"Feminino","dataNascimento":"08/12/1975","idade":"38","estadoCivil":"Convivente","profissao":"EMPREGADO DOMESTICO","cutis":"Branca","naturezasEnvolvidas":"Homicídio simples (art. 121)"}],"naturezas":[{"especie":"Título I - Pessoa (arts. 121 a 154)","descricao":"Homicídio simples (art. 121)"},{"especie":"Localização e/ou Devolução","descricao":"Localização/Apreensão de objeto"}],"numeroBoPrincipal":"3672","anoBoPrincipal":"2014","nomeDelegaciaBoPrincipal":"DEL.POL.ITARARE","categoria":"HOMICIDIO_DOLOSO"}