{"idBO":"2014-30304-8484","numero":"8484","idDelegacia":"30304","tipoBoletim":"Principal","dependencia":"DEL.POL.ITAQUAQUECETUBA","local":"RUA TEOFILO BRAGA, 195 - PQ. PIRATININGA - ITAQUAQUECETUBA - SP","tipoLocal":"Restaurante e afins","circunscricao":"01º D.P. ITAQUAQUECETUBA","dataOcorrencia":"18/12/2014","turnoOcorrencia":"A TARDE","dataComunicacao":"18/12/2014","horaComunicacao":"21:46","dataElaboracao":"18/12/2014","horaElaboracao":"21:48","flagrante":"Não","examesRequisitados":"IC-IML","solucao":"ENCAMINHAMENTO DP ÁREA DO FATO","partesEnvolvidas":[{"nome":"ANDRE FELIPE RODRIGUES SANTOS","tipoEnvolvimento":"Vítima","rg":"47038141-SP","naturalidade":"BOM JESUS -PI","nacionalidade":"BRASILEIRA","sexo":"Masculino","dataNascimento":"05/06/1989","idade":"25","estadoCivil":"Solteiro","instrucao":"2 Grau completo","profissao":"POLICIAL MILITAR","cutis":"Branca","naturezasEnvolvidas":"Homicídio qualificado (art. 121, §2o.), Roubo (art. 157), Homicídio simples (art. 121)"}],"naturezas":[{"especie":"Título I - Pessoa (arts. 121 a 154)","descricao":"Homicídio qualificado (art. 121, §2o.)","desdobramentos":"II - por motivo fútil, IV - à traição ou mediante dissimulação ou outro recurso"},{"especie":"Título XI - Administração pública (arts. 312 a 359-H)","descricao":"Resistência (art. 329)"},{"especie":"Localização e/ou Devolução","descricao":"Localização/Apreensão de veículo"},{"especie":"Título I - Pessoa (arts. 121 a 154)","descricao":"Homicídio simples (art. 121)","desdobramentos":"Morte decorrente de intervenção policial (RES. SSP 05 - 07/01/2013)"},{"especie":"Título IX - Paz pública (arts. 286 a 288)","descricao":"Associação Criminosa (art. 288)"},{"especie":"Título II - Patrimônio (arts. 155 a 183)","descricao":"Roubo (art. 157)","desdobramentos":"§3o. Se da violência resulta morte:"}],"categoria":"LATROCINIO"}