{"idBO":"2014-10108-2990","numero":"2990","idDelegacia":"10108","tipoBoletim":"Principal","dependencia":"08º D.P. BRAS","local":"RUA DOUTOR ALMEIDA LIMA, 159 - BRAS - S.PAULO - SP","tipoLocal":"Hospedagem","circunscricao":"08º D.P. BRAS","dataOcorrencia":"12/04/2014","turnoOcorrencia":"PELA MANHÃ","dataComunicacao":"12/04/2014","horaComunicacao":"08:19","dataElaboracao":"12/04/2014","horaElaboracao":"08:28","flagrante":"Sim","examesRequisitados":"IC-IML","solucao":"BO PARA FLAGRANTE","partesEnvolvidas":[{"nome":"JOAO HELENO VENTURA SOUZA","tipoEnvolvimento":"Vítima","rg":"22634013-SP","naturalidade":"S.PAULO -SP","sexo":"Masculino","dataNascimento":"03/08/1974","idade":"39","estadoCivil":"Convivente","instrucao":"1 Grau completo","profissao":"VIGILANTE","cutis":"Branca","naturezasEnvolvidas":"Homicídio simples (art. 121)"}],"naturezas":[{"especie":"Título I - Pessoa (arts. 121 a 154)","descricao":"Homicídio simples (art. 121)"}],"categoria":"HOMICIDIO_DOLOSO"}