{"idBO":"2014-30304-478","numero":"478","idDelegacia":"30304","tipoBoletim":"Principal","dependencia":"DEL.POL.ITAQUAQUECETUBA","local":"AV UBERABA - VILA VIRGINIA - ITAQUAQUECETUBA - SP","tipoLocal":"Via pública","circunscricao":"DEL.POL.ITAQUAQUECETUBA","dataOcorrencia":"24/01/2014","turnoOcorrencia":"PELA MANHÃ","dataComunicacao":"24/01/2014","horaComunicacao":"15:42","dataElaboracao":"24/01/2014","horaElaboracao":"15:45","flagrante":"Sim","examesRequisitados":"IC-IML","solucao":"BO PARA FLAGRANTE","partesEnvolvidas":[{"nome":"MOISES CARVALHO DA SILVA","tipoEnvolvimento":"Vítima","rg":"33636343-SP","naturalidade":"S.PAULO -SP","nacionalidade":"BRASILEIRA","sexo":"Masculino","dataNascimento":"28/12/1982","idade":"31","estadoCivil":"Casado","instrucao":"1 Grau incompleto","profissao":"SERRALHEIRO(A)","cutis":"Branca","naturezasEnvolvidas":"Homicídio qualificado (art. 121, §2o.)"}],"naturezas":[{"especie":"Título I - Pessoa (arts. 121 a 154)","descricao":"Homicídio qualificado (art. 121, §2o.)"}],"categoria":"HOMICIDIO_DOLOSO"}