{"idBO":"2014-200100-603","numero":"603","idDelegacia":"200100","tipoBoletim":"Complementar","dependencia":"DHPP DIV. HOMICIDIOS","local":"RUA KEICHI MATSUMOTO, 446 - COLONIA JAPONESA - S.PAULO - SP","tipoLocal":"Via pública","circunscricao":"53º D.P. PARQUE DO CARMO","dataOcorrencia":"18/08/2014","turnoOcorrencia":"A TARDE","dataComunicacao":"18/08/2014","horaComunicacao":"21:53","dataElaboracao":"18/08/2014","horaElaboracao":"21:54","flagrante":"Não","examesRequisitados":"IC-IML","solucao":"BO PARA INQUÉRITO","partesEnvolvidas":[{"cutis":"Outros","naturezasEnvolvidas":"Homicídio qualificado (art. 121, §2o.), Incêndio (art. 250, caput)"}],"naturezas":[{"especie":"Título I - Pessoa (arts. 121 a 154)","descricao":"Homicídio qualificado (art. 121, §2o.)"},{"especie":"Título VIII - Incolumidade pública (arts. 250 a 285)","descricao":"Incêndio (art. 250, caput)"},{"especie":"Localização e/ou Devolução","descricao":"Localização/Apreensão de veículo"}],"numeroBoPrincipal":"6084","anoBoPrincipal":"2014","nomeDelegaciaBoPrincipal":"53º D.P. PARQUE DO CARMO","categoria":"HOMICIDIO_DOLOSO"}