{"idBO":"2014-20222-1634","numero":"1634","idDelegacia":"20222","tipoBoletim":"Principal","dependencia":"22º D.P. SAO MIGUEL PTA","local":"RUA JUSTINOPOLIS, 85 - JARDIM HELENA - S.PAULO - SP","tipoLocal":"Residência","circunscricao":"22º D.P. SAO MIGUEL PTA","dataOcorrencia":"12/05/2014","turnoOcorrencia":"A TARDE","dataComunicacao":"12/05/2014","horaComunicacao":"15:46","dataElaboracao":"12/05/2014","horaElaboracao":"15:49","flagrante":"Não","examesRequisitados":"IC-IML","solucao":"ENCAMINHAMENTO DP ÁREA DO FATO","partesEnvolvidas":[{"nome":"MARIA DE LOURDES DE OLIVEIRA","tipoEnvolvimento":"Vítima","rg":"2059807-SP","naturalidade":"AVARE -SP","nacionalidade":"BRASILEIRA","sexo":"Feminino","dataNascimento":"19/03/1930","idade":"84","estadoCivil":"Casado","instrucao":"1 Grau completo","profissao":"APOSENTADO(A)","cutis":"Parda","naturezasEnvolvidas":"Homicídio simples (art. 121)"}],"naturezas":[{"especie":"Título I - Pessoa (arts. 121 a 154)","descricao":"Homicídio simples (art. 121)"}],"categoria":"HOMICIDIO_DOLOSO"}