{"idBO":"2014-100111-819","numero":"819","idDelegacia":"100111","tipoBoletim":"Principal","dependencia":"DEL.POL.MATÃO","local":"RUA EDUARDO SILVA MATOS, 213 - JD. PRIMAVERA - MATAO - SP","tipoLocal":"Residência","circunscricao":"01º D.P. MATÃO","dataOcorrencia":"10/04/2014","turnoOcorrencia":"A NOITE","dataComunicacao":"10/04/2014","horaComunicacao":"21:47","dataElaboracao":"10/04/2014","horaElaboracao":"21:49","flagrante":"Não","solucao":"APRECIAÇÃO DO DELEGADO TITULAR","partesEnvolvidas":[{"nome":"ROMILDO DE ALMEIDA SAMPAIO","tipoEnvolvimento":"Vítima","rg":"24231916-SP","naturalidade":"ALVARES FLORENCE -SP","nacionalidade":"BRASILEIRA","sexo":"Masculino","dataNascimento":"06/04/1971","idade":"43","estadoCivil":"Casado","instrucao":"1 Grau completo","profissao":"SERVENTE","cutis":"Preta","naturezasEnvolvidas":"Homicídio simples (art. 121)"}],"naturezas":[{"especie":"Título I - Pessoa (arts. 121 a 154)","descricao":"Homicídio simples (art. 121)"}],"categoria":"HOMICIDIO_DOLOSO"}