{"idBO":"2014-10336-1449","numero":"1449","idDelegacia":"10336","tipoBoletim":"Principal","dependencia":"73º D.P. JACANA","local":"PC LUPERCIO BASSETTO MORELATTO, 52 - VILA SABRINA - S.PAULO - SP","tipoLocal":"Via pública","circunscricao":"90º D.P. PQ. NOVO MUNDO","dataOcorrencia":"07/02/2014","turnoOcorrencia":"A NOITE","dataComunicacao":"07/02/2014","horaComunicacao":"23:40","dataElaboracao":"07/02/2014","horaElaboracao":"22:01","flagrante":"Não","examesRequisitados":"IML","solucao":"ENCAMINHAMENTO DP ÁREA DO FATO","partesEnvolvidas":[{"nome":"EUCLIDES CALDEIRA PAIVA NETO","tipoEnvolvimento":"Vítima","rg":"7834275-SP","naturalidade":"UBERLANDIA -MG","sexo":"Masculino","dataNascimento":"04/10/1947","idade":"66","cutis":"Branca","naturezasEnvolvidas":"Homicídio simples (art. 121)"}],"naturezas":[{"especie":"Título I - Pessoa (arts. 121 a 154)","descricao":"Homicídio simples (art. 121)"}],"categoria":"HOMICIDIO_DOLOSO"}