{"idBO":"2014-10346-4610","numero":"4610","idDelegacia":"10346","tipoBoletim":"Principal","dependencia":"46º D.P. PERUS","local":"ESTRADA JOAO GAVA - PERUS - S.PAULO - SP","tipoLocal":"Via pública","circunscricao":"46º D.P. PERUS","dataOcorrencia":"01/12/2014","turnoOcorrencia":"PELA MANHÃ","dataComunicacao":"01/12/2014","horaComunicacao":"09:02","dataElaboracao":"01/12/2014","horaElaboracao":"09:17","flagrante":"Não","examesRequisitados":"IML","solucao":"APRECIAÇÃO DO DELEGADO TITULAR","partesEnvolvidas":[{"nome":"JACKSON GERALDO","tipoEnvolvimento":"Vítima","rg":"43954932-SP","naturalidade":"S.PAULO -SP","nacionalidade":"BRASILEIRA","sexo":"Masculino","dataNascimento":"17/12/1993","idade":"20","estadoCivil":"Solteiro","instrucao":"1 Grau completo","cutis":"Parda","naturezasEnvolvidas":"Homicídio qualificado (art. 121, §2o.)"}],"naturezas":[{"especie":"Título I - Pessoa (arts. 121 a 154)","descricao":"Homicídio qualificado (art. 121, §2o.)"}],"categoria":"HOMICIDIO_DOLOSO"}