{"idBO":"2014-30127-6632","numero":"6632","idDelegacia":"30127","tipoBoletim":"Principal","dependencia":"03º D.P. DIADEMA","local":"RUA SÃO LEOPOLDO, 104 - CASA GRANDE - DIADEMA - SP","tipoLocal":"Restaurante e afins","circunscricao":"02º D.P. DIADEMA","dataOcorrencia":"18/12/2014","turnoOcorrencia":"A NOITE","dataComunicacao":"19/12/2014","horaComunicacao":"02:29","dataElaboracao":"19/12/2014","horaElaboracao":"02:32","flagrante":"Não","examesRequisitados":"IC-IML","solucao":"APRECIAÇÃO DO DELEGADO TITULAR","partesEnvolvidas":[{"nome":"ARLINDO FELIX DE LIMA","tipoEnvolvimento":"Vítima","rg":"17152579-SP","naturalidade":"EST DE PERNAMBUCO","nacionalidade":"BRASILEIRA","sexo":"Masculino","dataNascimento":"25/05/1947","idade":"67","estadoCivil":"Casado","profissao":"AUTONOMO(A)","cutis":"Branca","naturezasEnvolvidas":"Homicídio simples (art. 121)"}],"naturezas":[{"especie":"Título I - Pessoa (arts. 121 a 154)","descricao":"Homicídio simples (art. 121)"}],"categoria":"HOMICIDIO_DOLOSO"}