{"idBO":"2014-10371-7599","numero":"7599","idDelegacia":"10371","tipoBoletim":"Principal","dependencia":"98º D.P. JARDIM MIRIAM","local":"RUA DOS CALANGOS, 573 - PEDREIRA - S.PAULO - SP","tipoLocal":"Residência","circunscricao":"98º D.P. JARDIM MIRIAM","dataOcorrencia":"24/08/2014","turnoOcorrencia":"DE MADRUGADA","dataComunicacao":"24/08/2014","horaComunicacao":"06:27","dataElaboracao":"24/08/2014","horaElaboracao":"06:30","flagrante":"Não","examesRequisitados":"IC-IML","solucao":"APRECIAÇÃO DO DELEGADO TITULAR","partesEnvolvidas":[{"nome":"MARIO LUIZ BISPO DOS SANTOS JUNIOR","tipoEnvolvimento":"Vítima","rg":"43757906-SP","naturalidade":"S.PAULO -SP","nacionalidade":"BRASILEIRA","sexo":"Masculino","dataNascimento":"12/09/1993","idade":"20","estadoCivil":"Solteiro","profissao":"MOTO-BOY","cutis":"Preta","naturezasEnvolvidas":"Roubo (art. 157)"}],"naturezas":[{"especie":"Título II - Patrimônio (arts. 155 a 183)","descricao":"Roubo (art. 157)","desdobramentos":"§3o. Se da violência resulta morte:"}],"categoria":"LATROCINIO"}