{"idBO":"2014-10326-4118","numero":"4118","idDelegacia":"10326","tipoBoletim":"Principal","dependencia":"63º D.P. VILA JACUI","local":"AVENIDA LARANJA DA CHINA, 583 - JD DAS CAMELIAS - S.PAULO - SP","tipoLocal":"Via pública","circunscricao":"63º D.P. VILA JACUI","dataOcorrencia":"17/04/2014","turnoOcorrencia":"A NOITE","dataComunicacao":"18/04/2014","horaComunicacao":"01:47","dataElaboracao":"18/04/2014","horaElaboracao":"01:50","flagrante":"Não","examesRequisitados":"IC-IML","solucao":"BO PARA INVESTIGAÇÃO","partesEnvolvidas":[{"nome":"HAKEEN ALVES SILVA","tipoEnvolvimento":"Vítima","rg":"37817725-SP","naturalidade":"S.PAULO -SP","nacionalidade":"BRASILEIRA","sexo":"Masculino","dataNascimento":"02/05/1993","idade":"20","estadoCivil":"Solteiro","instrucao":"2 Grau completo","profissao":"AJUDANTE","cutis":"Preta","naturezasEnvolvidas":"Homicídio simples (art. 121)"}],"naturezas":[{"especie":"Título I - Pessoa (arts. 121 a 154)","descricao":"Homicídio simples (art. 121)"}],"categoria":"HOMICIDIO_DOLOSO"}