{"idBO":"2014-10247-11025","numero":"11025","idDelegacia":"10247","tipoBoletim":"Principal","dependencia":"47º D.P. CAPAO REDONDO","local":"RUA GREGORIO DOS REIS MELLO, 442 - JARDIM NAKAMURA - S.PAULO - SP","tipoLocal":"Via pública","circunscricao":"100º D.P. JDIM HERCULANO","dataOcorrencia":"05/10/2014","turnoOcorrencia":"A TARDE","dataComunicacao":"05/10/2014","horaComunicacao":"18:28","dataElaboracao":"05/10/2014","horaElaboracao":"18:35","flagrante":"Não","examesRequisitados":"IC-IML","solucao":"BO PARA INVESTIGAÇÃO","partesEnvolvidas":[{"nome":"NEILSON LISBOA DE JESUS","tipoEnvolvimento":"Vítima","rg":"41975488-SP","naturalidade":"S.PAULO -SP","nacionalidade":"BRASILEIRA","sexo":"Masculino","dataNascimento":"07/04/1984","idade":"30","estadoCivil":"Solteiro","instrucao":"1 Grau completo","profissao":"APOSENTADO(A)","cutis":"Parda","naturezasEnvolvidas":"Homicídio simples (art. 121)"}],"naturezas":[{"especie":"Título I - Pessoa (arts. 121 a 154)","descricao":"Homicídio simples (art. 121)"}],"categoria":"HOMICIDIO_DOLOSO"}