{"idBO":"2014-10371-5","numero":"5","idDelegacia":"10371","tipoBoletim":"Principal","dependencia":"98º D.P. JARDIM MIRIAM","local":"R GALIANO MASINI, 252 - VILA JOANIZA - S.PAULO - SP","tipoLocal":"Via pública","circunscricao":"80º D.P. VILA JOANIZA","dataOcorrencia":"31/12/2013","turnoOcorrencia":"A NOITE","dataComunicacao":"01/01/2014","horaComunicacao":"02:09","dataElaboracao":"01/01/2014","horaElaboracao":"02:14","flagrante":"Não","solucao":"ENCAMINHAMENTO DP ÁREA DO FATO","partesEnvolvidas":[{"nome":"FLAVIO FRANCISCO DA SILVA","tipoEnvolvimento":"Vítima","rg":"22044133-SP","naturalidade":"TEIXEIRAS -MG","nacionalidade":"BRASILEIRA","sexo":"Masculino","dataNascimento":"23/08/1965","idade":"48","estadoCivil":"Solteiro","instrucao":"1 Grau completo","profissao":"BORRACHEIRO(A)","cutis":"Branca","naturezasEnvolvidas":"Homicídio simples (art. 121)"}],"naturezas":[{"especie":"Título I - Pessoa (arts. 121 a 154)","descricao":"Homicídio simples (art. 121)"}],"categoria":"HOMICIDIO_DOLOSO"}