{"idBO":"2014-30228-630","numero":"630","idDelegacia":"30228","tipoBoletim":"Principal","dependencia":"01º D.P. MAIRIPORÃ","local":"RUA PENSILVANIA - TERRA PRETA - MAIRIPORA - SP","tipoLocal":"Area não ocupada","circunscricao":"01º D.P. MAIRIPORÃ","dataOcorrencia":"29/08/2014","turnoOcorrencia":"A TARDE","dataComunicacao":"29/08/2014","horaComunicacao":"16:22","dataElaboracao":"29/08/2014","horaElaboracao":"16:26","flagrante":"Não","examesRequisitados":"IC-IML","solucao":"BO PARA INVESTIGAÇÃO","partesEnvolvidas":[{"nome":"DESCONHECIDO","tipoEnvolvimento":"Vítima","sexo":"Feminino","idade":"0","cutis":"Branca","naturezasEnvolvidas":"Homicídio qualificado (art. 121, §2o.)"}],"naturezas":[{"especie":"Título I - Pessoa (arts. 121 a 154)","descricao":"Homicídio qualificado (art. 121, §2o.)"}],"categoria":"HOMICIDIO_DOLOSO"}