{"idBO":"2014-20221-782","numero":"782","idDelegacia":"20221","tipoBoletim":"Complementar","dependencia":"21º D.P. VILA MATILDE","local":"AV CONDE DE FRONTIN - JARDIM ARICANDUVA - S.PAULO - SP","tipoLocal":"Saúde","circunscricao":"21º D.P. VILA MATILDE","dataOcorrencia":"23/02/2014","turnoOcorrencia":"A NOITE","dataComunicacao":"24/02/2014","horaComunicacao":"17:24","dataElaboracao":"24/02/2014","horaElaboracao":"17:25","flagrante":"Não","solucao":"BO PARA ADENDO","partesEnvolvidas":[{"nome":"MARCIO BARRETO DE TOLEDO","tipoEnvolvimento":"Vítima","rg":"44608399-SP","naturalidade":"S.PAULO -SP","nacionalidade":"BRASILEIRA","sexo":"Masculino","dataNascimento":"06/02/1980","idade":"34","estadoCivil":"Convivente","instrucao":"2 Grau completo","profissao":"SEGURANCA","cutis":"Branca","naturezasEnvolvidas":"Homicídio qualificado (art. 121, §2o.)"}],"naturezas":[{"especie":"Título I - Pessoa (arts. 121 a 154)","descricao":"Homicídio qualificado (art. 121, §2o.)","desdobramentos":"II - por motivo fútil, IV - à traição ou mediante dissimulação ou outro recurso"}],"numeroBoPrincipal":"2049","anoBoPrincipal":"2014","nomeDelegaciaBoPrincipal":"10º D.P. PENHA DE FRANCA","categoria":"HOMICIDIO_DOLOSO"}