{"idBO":"2014-110429-7179","numero":"7179","idDelegacia":"110429","tipoBoletim":"Principal","dependencia":"DEL.SEC.S.J RIO PRETO PLANTÃO","local":"AVENIDA ANTONIO MARQUES DOS SANTOS, 860 - JD CAPARROZ - S.JOSE DO RIO PRETO - SP","tipoLocal":"Centro Comerc./Empresarial","circunscricao":"03º D.P. S.JOSE RIO PRETO","dataOcorrencia":"16/05/2014","turnoOcorrencia":"A NOITE","dataComunicacao":"16/05/2014","horaComunicacao":"23:55","dataElaboracao":"16/05/2014","horaElaboracao":"23:58","flagrante":"Não","solucao":"ENCAMINHAMENTO DP ÁREA DO FATO","partesEnvolvidas":[{"nome":"MILLER HENRIQUE FERREIRA DA COSTA","tipoEnvolvimento":"Vítima","rg":"44891034-SP","naturalidade":"S.JOSE DO RIO PRETO -SP","sexo":"Masculino","dataNascimento":"30/09/1988","idade":"25","estadoCivil":"Solteiro","instrucao":"1 Grau completo","profissao":"SERVENTE","cutis":"Branca","naturezasEnvolvidas":"Homicídio simples (art. 121)"}],"naturezas":[{"especie":"Título I - Pessoa (arts. 121 a 154)","descricao":"Homicídio simples (art. 121)"},{"especie":"Título I - Pessoa (arts. 121 a 154)","descricao":"Homicídio simples (art. 121)"}],"categoria":"HOMICIDIO_DOLOSO"}