{"idBO":"2014-30401-6184","numero":"6184","idDelegacia":"30401","tipoBoletim":"Principal","dependencia":"DEL.POL.BARUERI","local":"RUA GONÇALVES DIAS, 432 - JD TUPÃ - BARUERI - SP","tipoLocal":"Residência","circunscricao":"01º D.P. BARUERI","dataOcorrencia":"21/09/2014","turnoOcorrencia":"A TARDE","dataComunicacao":"21/09/2014","horaComunicacao":"16:34","dataElaboracao":"21/09/2014","horaElaboracao":"16:36","flagrante":"Sim","examesRequisitados":"IC-IML","solucao":"BO PARA FLAGRANTE","partesEnvolvidas":[{"nome":"GILDENEDY CAVALCANTE MOUSINHO","tipoEnvolvimento":"Vítima","rg":"37193198-SP","naturalidade":"MARCOS PARENTE -PI","nacionalidade":"BRASILEIRA","sexo":"Masculino","dataNascimento":"08/06/1976","idade":"38","estadoCivil":"Solteiro","instrucao":"2 Grau completo","profissao":"SERVENTE","cutis":"Parda","naturezasEnvolvidas":"Homicídio simples (art. 121)"}],"naturezas":[{"especie":"Título I - Pessoa (arts. 121 a 154)","descricao":"Homicídio simples (art. 121)"}],"categoria":"HOMICIDIO_DOLOSO"}