{"idBO":"2014-200100-595","numero":"595","idDelegacia":"200100","tipoBoletim":"Complementar","dependencia":"DHPP DIV. HOMICIDIOS","local":"RUA PADRE VIRGILIO CAMPELLO, 284 - ITAIM PAULISTA - S.PAULO - SP","tipoLocal":"Area não ocupada","circunscricao":"50º D.P. ITAIM PAULISTA","dataOcorrencia":"15/08/2014","turnoOcorrencia":"PELA MANHÃ","dataComunicacao":"15/08/2014","horaComunicacao":"13:37","dataElaboracao":"15/08/2014","horaElaboracao":"13:39","flagrante":"Não","examesRequisitados":"IC-IML","solucao":"BO PARA INQUÉRITO","partesEnvolvidas":[{"nome":"DESCONHECIDA","tipoEnvolvimento":"Vítima","cutis":"Outros","naturezasEnvolvidas":"Homicídio simples (art. 121)"}],"naturezas":[{"especie":"Título I - Pessoa (arts. 121 a 154)","descricao":"Homicídio simples (art. 121)"}],"numeroBoPrincipal":"8630","anoBoPrincipal":"2014","nomeDelegaciaBoPrincipal":"50º D.P. ITAIM PAULISTA","categoria":"HOMICIDIO_DOLOSO"}