{"idBO":"2014-10353-7639","numero":"7639","idDelegacia":"10353","tipoBoletim":"Principal","dependencia":"53º D.P. PARQUE DO CARMO","local":"RUA GENERAL SILVA BRAGA, 250 - ITAIM PAULISTA - S.PAULO - SP","tipoLocal":"Via pública","circunscricao":"50º D.P. ITAIM PAULISTA","dataOcorrencia":"16/10/2014","turnoOcorrencia":"DE MADRUGADA","dataComunicacao":"18/10/2014","horaComunicacao":"13:45","dataElaboracao":"18/10/2014","horaElaboracao":"13:58","flagrante":"Não","solucao":"ENCAMINHAMENTO DP ÁREA DO FATO","partesEnvolvidas":[{"nome":"WASHINGTON DA CUNHA","tipoEnvolvimento":"Vítima","rg":"42352872-SP","naturalidade":"S.PAULO -SP","sexo":"Masculino","dataNascimento":"13/03/1983","idade":"31","estadoCivil":"Solteiro","instrucao":"1 Grau completo","cutis":"Branca","naturezasEnvolvidas":"Homicídio simples (art. 121)"}],"naturezas":[{"especie":"Título I - Pessoa (arts. 121 a 154)","descricao":"Homicídio simples (art. 121)"}],"categoria":"HOMICIDIO_DOLOSO"}