{"idBO":"2014-30124-1820","numero":"1820","idDelegacia":"30124","tipoBoletim":"Principal","dependencia":"01º D.P. MAUA","local":"ESTRADA NOSSA SENHORA APARECIDA, 574 - CAPIBURGO - MAUA - SP","tipoLocal":"Via pública","circunscricao":"03º D.P. MAUA","dataOcorrencia":"04/03/2014","turnoOcorrencia":"A TARDE","dataComunicacao":"04/03/2014","horaComunicacao":"16:02","dataElaboracao":"04/03/2014","horaElaboracao":"16:05","flagrante":"Não","examesRequisitados":"IC-IML","solucao":"ENCAMINHAMENTO DP ÁREA DO FATO","partesEnvolvidas":[{"nome":"MARINHO GONZAGA DOS SANTOS","tipoEnvolvimento":"Vítima","rg":"11183277-SP","naturalidade":"PADRE VIEIRA-MG","nacionalidade":"BRASILEIRA","sexo":"Masculino","dataNascimento":"15/03/1955","idade":"58","estadoCivil":"Separado","profissao":"APOSENTADO(A)","cutis":"Preta","naturezasEnvolvidas":"Roubo (art. 157)"}],"naturezas":[{"especie":"Título II - Patrimônio (arts. 155 a 183)","descricao":"Roubo (art. 157)","desdobramentos":"§3o. Se da violência resulta morte:"}],"categoria":"LATROCINIO"}