{"idBO":"2014-100121-2970","numero":"2970","idDelegacia":"100121","tipoBoletim":"Principal","dependencia":"DEL.POL.IBITINGA","local":"RUA JOSÉAUGUSTO MASSOLA, 2039 - NOVA IBITINGA - IBITINGA - SP","tipoLocal":"Via pública","circunscricao":"DEL.POL.IBITINGA","dataOcorrencia":"24/08/2014","turnoOcorrencia":"DE MADRUGADA","dataComunicacao":"24/08/2014","horaComunicacao":"03:25","dataElaboracao":"24/08/2014","horaElaboracao":"03:27","flagrante":"Sim","examesRequisitados":"IC","solucao":"BO PARA FLAGRANTE","partesEnvolvidas":[{"nome":"RODRIGO APARECIDO SANTOS","tipoEnvolvimento":"Vítima","rg":"21465586-SP","naturalidade":"IBITINGA -SP","sexo":"Masculino","dataNascimento":"28/05/1978","idade":"36","estadoCivil":"Solteiro","instrucao":"1 Grau completo","profissao":"ELETRICISTA","cutis":"Parda","naturezasEnvolvidas":"Homicídio simples (art. 121)"}],"naturezas":[{"especie":"Título I - Pessoa (arts. 121 a 154)","descricao":"Homicídio simples (art. 121)"}],"categoria":"HOMICIDIO_DOLOSO"}