{"idBO":"2014-30124-3735","numero":"3735","idDelegacia":"30124","tipoBoletim":"Principal","dependencia":"01º D.P. MAUA","local":"RUA KALIL FILHO, 200 - JARDIM SÍLVIA MARIA - MAUA - SP","tipoLocal":"Via pública","circunscricao":"01º D.P. MAUA","dataOcorrencia":"12/05/2014","turnoOcorrencia":"PELA MANHÃ","dataComunicacao":"12/05/2014","horaComunicacao":"08:35","dataElaboracao":"12/05/2014","horaElaboracao":"08:37","flagrante":"Não","examesRequisitados":"IC-IML","solucao":"APRECIAÇÃO DO DELEGADO TITULAR","partesEnvolvidas":[{"sexo":"Feminino","idade":"0","cutis":"Parda","naturezasEnvolvidas":"Homicídio simples (art. 121)"}],"naturezas":[{"especie":"Título I - Pessoa (arts. 121 a 154)","descricao":"Homicídio simples (art. 121)"}],"categoria":"HOMICIDIO_DOLOSO"}