{"idBO":"2014-30302-1642","numero":"1642","idDelegacia":"30302","tipoBoletim":"Principal","dependencia":"DEL.POL.FERRAZ DE VASCONCELOS","local":"ESTRADA DA PRAINHA, 80 - CAMBIRI - FERRAZ DE VASCONCELOS - SP","tipoLocal":"Via pública","circunscricao":"DEL.POL.FERRAZ DE VASCONCELOS","dataOcorrencia":"15/03/2014","turnoOcorrencia":"A NOITE","dataComunicacao":"16/03/2014","horaComunicacao":"03:15","dataElaboracao":"16/03/2014","horaElaboracao":"03:18","flagrante":"Não","examesRequisitados":"IC-IML","solucao":"BO PARA INQUÉRITO","partesEnvolvidas":[{"nome":"CARLOS JOSE GONCALVES PEREIRA","tipoEnvolvimento":"Vítima","rg":"50387735-SP","naturalidade":"IRAUCUBA -CE","sexo":"Masculino","dataNascimento":"18/04/1986","idade":"27","estadoCivil":"Solteiro","instrucao":"1 Grau completo","cutis":"Branca","naturezasEnvolvidas":"Homicídio simples (art. 121)"}],"naturezas":[{"especie":"Título I - Pessoa (arts. 121 a 154)","descricao":"Homicídio simples (art. 121)"}],"categoria":"HOMICIDIO_DOLOSO"}