{"idBO":"2014-30105-3575","numero":"3575","idDelegacia":"30105","tipoBoletim":"Principal","dependencia":"04º D.P. SANTO ANDRÉ","local":"ESTRADA CATA PRETA - VILA JOÃO RAMALHO - S.ANDRE - SP","tipoLocal":"Via pública","circunscricao":"06º D.P. SANTO ANDRÉ","dataOcorrencia":"11/06/2014","turnoOcorrencia":"DE MADRUGADA","dataComunicacao":"11/06/2014","horaComunicacao":"04:38","dataElaboracao":"11/06/2014","horaElaboracao":"04:47","flagrante":"Não","examesRequisitados":"IC-IML","solucao":"APRECIAÇÃO DO DELEGADO TITULAR","partesEnvolvidas":[{"nome":"DESCONHECIDO APARENTANDO 35 ANOS","tipoEnvolvimento":"Vítima","sexo":"Masculino","idade":"0","cutis":"Parda","naturezasEnvolvidas":"Homicídio simples (art. 121)"}],"naturezas":[{"especie":"Título I - Pessoa (arts. 121 a 154)","descricao":"Homicídio simples (art. 121)"}],"categoria":"HOMICIDIO_DOLOSO"}