{"idBO":"2014-10356-8599","numero":"8599","idDelegacia":"10356","tipoBoletim":"Principal","dependencia":"89º D.P. JARDIM TABOAO","local":"ESTRADA DO CAMPO LIMPO, 5299 - CAMPO LIMPO - S.PAULO - SP","tipoLocal":"Via pública","circunscricao":"37º D.P. CAMPO LIMPO","dataOcorrencia":"03/10/2014","turnoOcorrencia":"DE MADRUGADA","dataComunicacao":"03/10/2014","horaComunicacao":"05:43","dataElaboracao":"03/10/2014","horaElaboracao":"06:00","flagrante":"Não","solucao":"ENCAMINHAMENTO DP ÁREA DO FATO","partesEnvolvidas":[{"sexo":"Masculino","idade":"0","cutis":"Preta","naturezasEnvolvidas":"Homicídio simples (art. 121)"}],"naturezas":[{"especie":"Título I - Pessoa (arts. 121 a 154)","descricao":"Homicídio simples (art. 121)"}],"categoria":"HOMICIDIO_DOLOSO"}