{"idBO":"2014-100434-972","numero":"972","idDelegacia":"100434","tipoBoletim":"Complementar","dependencia":"DEL.POL.GUARIBA","local":"AVENIDA ARTUR RODRIGUES, 478 - JARDIM MONTE ALEGRE - GUARIBA - SP","tipoLocal":"Restaurante e afins","circunscricao":"DEL.POL.GUARIBA","dataOcorrencia":"03/08/2014","turnoOcorrencia":"A NOITE","dataComunicacao":"04/08/2014","horaComunicacao":"01:03","dataElaboracao":"04/08/2014","horaElaboracao":"01:04","flagrante":"Não","examesRequisitados":"IML","solucao":"BO PARA ADENDO","partesEnvolvidas":[{"nome":"MIGUEL GOMES BATISTA","tipoEnvolvimento":"Vítima","rg":"12234588-SP","naturalidade":"CRISTALIA -MG","nacionalidade":"BRASILEIRA","sexo":"Masculino","dataNascimento":"07/05/1961","idade":"53","estadoCivil":"Casado","instrucao":"1 Grau completo","profissao":"COMERCIANTE","cutis":"Parda","naturezasEnvolvidas":"Homicídio simples (art. 121)"}],"naturezas":[{"especie":"Título I - Pessoa (arts. 121 a 154)","descricao":"Homicídio simples (art. 121)"}],"numeroBoPrincipal":"971","anoBoPrincipal":"2014","nomeDelegaciaBoPrincipal":"DEL.POL.GUARIBA","categoria":"HOMICIDIO_DOLOSO"}