{"idBO":"2014-110429-16156","numero":"16156","idDelegacia":"110429","tipoBoletim":"Principal","dependencia":"DEL.SEC.S.J RIO PRETO PLANTÃO","local":"RUA CORONEL SPÍNOLA CASTRO, 3621 - CENTRO - S.JOSE DO RIO PRETO - SP","tipoLocal":"Via pública","circunscricao":"01º D.P. S.JOSE DO RIO PRETO","dataOcorrencia":"08/11/2014","turnoOcorrencia":"A NOITE","dataComunicacao":"09/11/2014","horaComunicacao":"00:24","dataElaboracao":"09/11/2014","horaElaboracao":"00:27","flagrante":"Sim","examesRequisitados":"IML","solucao":"ENCAMINHAMENTO DP ÁREA DO FATO","partesEnvolvidas":[{"nome":"ALFREDO LUIZ VITIELLO","tipoEnvolvimento":"Vítima","rg":"7662335-SP","naturalidade":"NAO INFORMADA(MOT\u003dACERVO)","nacionalidade":"BRASILEIRA","sexo":"Masculino","dataNascimento":"26/11/1961","idade":"52","estadoCivil":"Divorciado","profissao":"EMPRESARIO(A)","cutis":"Branca","naturezasEnvolvidas":"Homicídio simples (art. 121)"}],"naturezas":[{"especie":"Título I - Pessoa (arts. 121 a 154)","descricao":"Homicídio simples (art. 121)"}],"categoria":"HOMICIDIO_DOLOSO"}