{"idBO":"2014-30212-5564","numero":"5564","idDelegacia":"30212","tipoBoletim":"Principal","dependencia":"04º D.P. GUARULHOS","local":"RUA SÃO FRANCISCO CONDÉ, 382 - JARDIM GUARACY - GUARULHOS - SP","tipoLocal":"Via pública","circunscricao":"04º D.P. GUARULHOS","dataOcorrencia":"29/07/2014","turnoOcorrencia":"A NOITE","dataComunicacao":"29/07/2014","horaComunicacao":"19:14","dataElaboracao":"29/07/2014","horaElaboracao":"19:17","flagrante":"Não","examesRequisitados":"IC-IML","solucao":"APRECIAÇÃO DO DELEGADO TITULAR","partesEnvolvidas":[{"nome":"WALTER LUCIO FERREIRA LINS","tipoEnvolvimento":"Vítima","rg":"18311425-SP","naturalidade":"RECIFE -PE","nacionalidade":"BRASILEIRA","sexo":"Masculino","dataNascimento":"01/03/1968","idade":"46","estadoCivil":"Casado","instrucao":"2 Grau completo","profissao":"SEGURANCA","cutis":"Parda","naturezasEnvolvidas":"Homicídio simples (art. 121)"}],"naturezas":[{"especie":"Título I - Pessoa (arts. 121 a 154)","descricao":"Homicídio simples (art. 121)"}],"categoria":"HOMICIDIO_DOLOSO"}