{"idBO":"2014-10362-3366","numero":"3366","idDelegacia":"10362","tipoBoletim":"Principal","dependencia":"69º D.P. TEOTONIO VILELA","local":"AVENIDA DO ORATORIO, 5800 - SAO LUCAS - S.PAULO - SP","tipoLocal":"Residência","circunscricao":"DEL.POL.NOVA GRANADA","dataOcorrencia":"31/03/2014","turnoOcorrencia":"A NOITE","dataComunicacao":"31/03/2014","horaComunicacao":"23:41","dataElaboracao":"31/03/2014","horaElaboracao":"23:49","flagrante":"Não","solucao":"BO PARA INQUÉRITO","partesEnvolvidas":[{"nome":"MARIA FERNANDA AZEVEDO","tipoEnvolvimento":"Vítima","rg":"4506318-SP","naturalidade":"NAO INFORMADA(MOT\u003dACERVO)","nacionalidade":"BRASILEIRA","sexo":"Feminino","dataNascimento":"10/01/1950","idade":"64","estadoCivil":"Desquitado","instrucao":"1 Grau completo","profissao":"DO LAR","cutis":"Branca","naturezasEnvolvidas":"Homicídio simples (art. 121)"}],"naturezas":[{"especie":"Título I - Pessoa (arts. 121 a 154)","descricao":"Homicídio simples (art. 121)"}],"categoria":"HOMICIDIO_DOLOSO"}