{"idBO":"2014-10326-70","numero":"70","idDelegacia":"10326","tipoBoletim":"Complementar","dependencia":"63º D.P. VILA JACUI","local":"R IRMAO FABIANO, 72 - JDIM SÃO PEDRO - S.PAULO - SP","tipoLocal":"Via pública","circunscricao":"103º D.P. COHABII/ITAQU.","dataOcorrencia":"01/01/2014","turnoOcorrencia":"DE MADRUGADA","dataComunicacao":"02/01/2014","horaComunicacao":"16:32","dataElaboracao":"02/01/2014","horaElaboracao":"16:33","flagrante":"Sim","examesRequisitados":"IML","solucao":"BO PARA ADENDO","partesEnvolvidas":[{"nome":"DERCILENE CASSIANO DA SILVA","tipoEnvolvimento":"Vítima","rg":"38395880-SP","naturalidade":"ITAQUAQUECETUBA -SP","nacionalidade":"BRASILEIRA","sexo":"Feminino","dataNascimento":"01/07/1995","idade":"18","estadoCivil":"Solteiro","instrucao":"Analfabeto","profissao":"NAO INFORMADA","cutis":"Branca","naturezasEnvolvidas":"Homicídio simples (art. 121)"}],"naturezas":[{"especie":"Título I - Pessoa (arts. 121 a 154)","descricao":"Homicídio simples (art. 121)"}],"numeroBoPrincipal":"12","anoBoPrincipal":"2014","nomeDelegaciaBoPrincipal":"63º D.P. VILA JACUI","categoria":"HOMICIDIO_DOLOSO"}