{"idBO":"2014-20139-3755","numero":"3755","idDelegacia":"20139","tipoBoletim":"Principal","dependencia":"39º D.P. VILA GUSTAVO","local":"RUA JOAQUIM FARIA, 51 - VILA MEDEIROS - S.PAULO - SP","tipoLocal":"Via pública","circunscricao":"39º D.P. VILA GUSTAVO","dataOcorrencia":"17/09/2014","turnoOcorrencia":"DE MADRUGADA","dataComunicacao":"17/09/2014","horaComunicacao":"08:31","dataElaboracao":"17/09/2014","horaElaboracao":"08:38","flagrante":"Não","examesRequisitados":"IC-IML","solucao":"APRECIAÇÃO DO DELEGADO TITULAR","partesEnvolvidas":[{"nome":"FELIPE PEREIRA VILARINO","tipoEnvolvimento":"Vítima","rg":"26262704-SP","naturalidade":"S.PAULO -SP","nacionalidade":"BRASILEIRA","sexo":"Masculino","dataNascimento":"01/02/1982","idade":"32","estadoCivil":"Casado","instrucao":"2 Grau completo","profissao":"COMERCIANTE","cutis":"Parda","naturezasEnvolvidas":"Homicídio simples (art. 121)"}],"naturezas":[{"especie":"Título I - Pessoa (arts. 121 a 154)","descricao":"Homicídio simples (art. 121)"}],"categoria":"HOMICIDIO_DOLOSO"}