{"idBO":"2014-30203-1704","numero":"1704","idDelegacia":"30203","tipoBoletim":"Complementar","dependencia":"DEL.POL.FRANCISCO MORATO","local":"RUA JOÃO MENDES JÚNIOR, 366 - JD PROFESSOR MORATO - FRANCISCO MORATO - SP","tipoLocal":"Restaurante e afins","circunscricao":"DEL.POL.FRANCISCO MORATO","dataOcorrencia":"22/05/2014","turnoOcorrencia":"A NOITE","dataComunicacao":"23/05/2014","horaComunicacao":"01:05","dataElaboracao":"23/05/2014","horaElaboracao":"01:06","flagrante":"Sim","examesRequisitados":"IC-IML","solucao":"BO PARA ADENDO","partesEnvolvidas":[{"nome":"ALEX CAMPOS PERCILIANO","tipoEnvolvimento":"Autor/Vitima","rg":"34310740-SP","naturalidade":"S.PAULO -SP","sexo":"Masculino","dataNascimento":"01/11/1992","idade":"21","estadoCivil":"Solteiro","instrucao":"1 Grau completo","profissao":"DESEMPREGADO","cutis":"Parda","naturezasEnvolvidas":"Homicídio simples (art. 121)"}],"naturezas":[{"especie":"Título II - Patrimônio (arts. 155 a 183)","descricao":"Roubo (art. 157)"},{"especie":"Título I - Pessoa (arts. 121 a 154)","descricao":"Homicídio simples (art. 121)"},{"especie":"Título XI - Administração pública (arts. 312 a 359-H)","descricao":"Resistência (art. 329)"}],"numeroBoPrincipal":"1703","anoBoPrincipal":"2014","nomeDelegaciaBoPrincipal":"DEL.POL.FRANCISCO MORATO","categoria":"HOMICIDIO_DOLOSO"}