{"idBO":"2014-10374-10347","numero":"10347","idDelegacia":"10374","tipoBoletim":"Principal","dependencia":"101º D.P. JDIM IMBUIAS","local":"RUA LOPEZ FREIRE, 91 - PQ RESIDENCIAL COCAIA - S.PAULO - SP","tipoLocal":"Residência","circunscricao":"101º D.P. JDIM IMBUIAS","dataOcorrencia":"05/11/2014","turnoOcorrencia":"A NOITE","dataComunicacao":"06/11/2014","horaComunicacao":"00:38","dataElaboracao":"06/11/2014","horaElaboracao":"00:49","flagrante":"Não","examesRequisitados":"IC-IML","solucao":"BO PARA INVESTIGAÇÃO","partesEnvolvidas":[{"nome":"GERALDO SERCUNDES DOS SANTOS JUNIOR","tipoEnvolvimento":"Vítima","rg":"43833624-SP","naturalidade":"PALMARES -PE","nacionalidade":"BRASILEIRA","sexo":"Masculino","dataNascimento":"18/11/1984","idade":"29","estadoCivil":"Solteiro","instrucao":"1 Grau completo","profissao":"PINTOR(A)","cutis":"Branca","naturezasEnvolvidas":"Homicídio simples (art. 121)"}],"naturezas":[{"especie":"Título I - Pessoa (arts. 121 a 154)","descricao":"Homicídio simples (art. 121)"}],"categoria":"HOMICIDIO_DOLOSO"}