{"idBO":"2014-30306-5410","numero":"5410","idDelegacia":"30306","tipoBoletim":"Principal","dependencia":"01º D.P. MOGI DAS CRUZES","local":"RUA JOSE OSWALDO J. DE AZEVEDO - VL SÃO SEBASTIÃO - MOGI DAS CRUZES - SP","tipoLocal":"Via pública","circunscricao":"02º D.P. MOGI DAS CRUZES","dataOcorrencia":"15/10/2014","turnoOcorrencia":"DE MADRUGADA","dataComunicacao":"15/10/2014","horaComunicacao":"03:11","dataElaboracao":"15/10/2014","horaElaboracao":"03:41","flagrante":"Não","examesRequisitados":"IC-IML","solucao":"ENCAMINHAMENTO DP ÁREA DO FATO","partesEnvolvidas":[{"nome":"LARSON CAUA BATISTA FLORENCIO","tipoEnvolvimento":"Vítima","rg":"56186785-SP","naturalidade":"MOGI DAS CRUZES -SP","nacionalidade":"BRASILEIRA","sexo":"Masculino","dataNascimento":"22/07/1996","idade":"18","estadoCivil":"Solteiro","instrucao":"1 Grau completo","profissao":"ESTUDANTE","cutis":"Branca","naturezasEnvolvidas":"Homicídio simples (art. 121)"}],"naturezas":[{"especie":"Título I - Pessoa (arts. 121 a 154)","descricao":"Homicídio simples (art. 121)"},{"especie":"Título I - Pessoa (arts. 121 a 154)","descricao":"Homicídio simples (art. 121)"}],"categoria":"HOMICIDIO_DOLOSO"}