{"idBO":"2014-20249-1983","numero":"1983","idDelegacia":"20249","tipoBoletim":"Principal","dependencia":"49º D.P. SAO MATEUS","local":"R MARIA GARCIA BETIM, 135 - JARDIM DAS LARANJEIRAS - S.PAULO - SP","tipoLocal":"Via pública","circunscricao":"49º D.P. SAO MATEUS","dataOcorrencia":"14/02/2014","turnoOcorrencia":"DE MADRUGADA","dataComunicacao":"14/02/2014","horaComunicacao":"08:47","dataElaboracao":"14/02/2014","horaElaboracao":"08:55","flagrante":"Não","examesRequisitados":"IC","solucao":"BO PARA INQUÉRITO","partesEnvolvidas":[{"nome":"WELLINGTON MARTINS VIDAL DA SILVA","tipoEnvolvimento":"Vítima","rg":"43230426-SP","naturalidade":"S.PAULO -SP","nacionalidade":"BRASILEIRA","sexo":"Masculino","dataNascimento":"25/08/1994","idade":"19","estadoCivil":"Solteiro","instrucao":"1 Grau completo","profissao":"AJUDANTE GERAL","cutis":"Parda","naturezasEnvolvidas":"Roubo (art. 157)"},{"nome":"VILMA MITSUCO FUKUYAMA MARTHA","tipoEnvolvimento":"Vítima","rg":"17556409-SP","naturalidade":"SUZANO -SP","nacionalidade":"BRASILEIRA","sexo":"Feminino","dataNascimento":"22/09/1966","idade":"47","estadoCivil":"Casado","instrucao":"2 Grau completo","cutis":"Branca","naturezasEnvolvidas":"Homicídio simples (art. 121)"}],"naturezas":[{"especie":"Título II - Patrimônio (arts. 155 a 183)","descricao":"Roubo (art. 157)"},{"especie":"Título I - Pessoa (arts. 121 a 154)","descricao":"Homicídio simples (art. 121)"}],"categoria":"HOMICIDIO_DOLOSO"}