{"idBO":"2014-10374-2967","numero":"2967","idDelegacia":"10374","tipoBoletim":"Principal","dependencia":"101º D.P. JDIM IMBUIAS","local":"ESTRADA ITAQUAQUECETUBA, 8153 - ILHA DE BORORE - S.PAULO - SP","tipoLocal":"Via pública","circunscricao":"25º D.P. PARELHEIROS","dataOcorrencia":"30/03/2014","turnoOcorrencia":"A NOITE","dataComunicacao":"30/03/2014","horaComunicacao":"20:54","dataElaboracao":"30/03/2014","horaElaboracao":"20:57","flagrante":"Não","examesRequisitados":"IC-IML","solucao":"ENCAMINHAMENTO DP ÁREA DO FATO","partesEnvolvidas":[{"nome":"VALMIR SALES DOS SANTOS","tipoEnvolvimento":"Vítima","rg":"34135273-SP","naturalidade":"IPIAU -BA","sexo":"Masculino","dataNascimento":"19/03/1978","idade":"36","estadoCivil":"Solteiro","instrucao":"1 Grau completo","profissao":"PEDREIRO","cutis":"Parda","naturezasEnvolvidas":"Homicídio simples (art. 121)"},{"nome":"ANDERSON LOPES DE ALMEIDA","tipoEnvolvimento":"Vítima","rg":"55680691-SP","naturalidade":"IPIAU -BA","nacionalidade":"BRASILEIRA","sexo":"Masculino","dataNascimento":"23/04/1994","idade":"19","estadoCivil":"Solteiro","instrucao":"1 Grau completo","cutis":"Preta","naturezasEnvolvidas":"Homicídio simples (art. 121)"}],"naturezas":[{"especie":"Título I - Pessoa (arts. 121 a 154)","descricao":"Homicídio simples (art. 121)"}],"categoria":"HOMICIDIO_DOLOSO"}