{"idBO":"2014-120511-1761","numero":"1761","idDelegacia":"120511","tipoBoletim":"Complementar","dependencia":"DEL.POL.PORTO FELIZ","local":"RUA DOUTOR JULIEN FOUQUE, 341 - JARDIM EXCELSIOR - PORTO FELIZ - SP","tipoLocal":"Centro Comerc./Empresarial","circunscricao":"DEL.POL.PORTO FELIZ","dataOcorrencia":"03/11/2014","turnoOcorrencia":"A TARDE","dataComunicacao":"04/11/2014","horaComunicacao":"11:20","dataElaboracao":"04/11/2014","horaElaboracao":"11:23","flagrante":"Não","examesRequisitados":"IC-IML","solucao":"BO PARA INQUÉRITO","partesEnvolvidas":[{"nome":"SAMUEL MARCELO DIAS STEINER","tipoEnvolvimento":"Vítima","rg":"49088760-SP","naturalidade":"PORTO FELIZ -SP","nacionalidade":"BRASILEIRA","sexo":"Masculino","dataNascimento":"24/05/1993","idade":"21","estadoCivil":"Solteiro","instrucao":"2 Grau completo","profissao":"TATUADOR","cutis":"Branca","naturezasEnvolvidas":"Homicídio qualificado (art. 121, §2o.)"}],"naturezas":[{"especie":"Título I - Pessoa (arts. 121 a 154)","descricao":"Homicídio qualificado (art. 121, §2o.)"}],"numeroBoPrincipal":"10651","anoBoPrincipal":"2014","nomeDelegaciaBoPrincipal":"DEL.SEC.SOROCABA","categoria":"HOMICIDIO_DOLOSO"}