{"idBO":"2014-130515-2065","numero":"2065","idDelegacia":"130515","tipoBoletim":"Principal","dependencia":"DEL.SEC.JACAREI PLANTÃO","local":"AVENIDA PRESIDENTE HUMBERTO DE ALENÇAR C, 3710 - VILA MACHADO - JACAREI - SP","tipoLocal":"Via pública","circunscricao":"02º D.P. JACAREI","dataOcorrencia":"22/06/2014","turnoOcorrencia":"A NOITE","dataComunicacao":"22/06/2014","horaComunicacao":"22:11","dataElaboracao":"22/06/2014","horaElaboracao":"22:35","flagrante":"Não","examesRequisitados":"IC","solucao":"BO PARA INVESTIGAÇÃO","partesEnvolvidas":[{"nome":"MARCIO BARBOSA DE SIQUEIRA","tipoEnvolvimento":"Vítima","rg":"33160413-SP","naturalidade":"JACAREI -SP","sexo":"Masculino","dataNascimento":"08/08/1980","idade":"33","estadoCivil":"Solteiro","instrucao":"2 Grau completo","profissao":"OPERADOR(A)","cutis":"Branca","naturezasEnvolvidas":"Homicídio qualificado (art. 121, §2o.)"}],"naturezas":[{"especie":"Título I - Pessoa (arts. 121 a 154)","descricao":"Homicídio qualificado (art. 121, §2o.)"},{"especie":"Localização e/ou Devolução","descricao":"Localização/Apreensão de objeto"}],"categoria":"HOMICIDIO_DOLOSO"}