{"idBO":"2014-130310-5764","numero":"5764","idDelegacia":"130310","tipoBoletim":"Complementar","dependencia":"01º D.P. S.JOSE DOS CAMPOS","local":"ESTRADA SERTAOZINHO, 6000 - SERTAOZINHO - S.JOSE DOS CAMPOS - SP","tipoLocal":"Unidade rural","circunscricao":"04º D.P. S.JOSE DOS CAMPOS","dataOcorrencia":"21/10/2014","turnoOcorrencia":"A TARDE","dataComunicacao":"21/10/2014","horaComunicacao":"20:11","dataElaboracao":"21/10/2014","horaElaboracao":"20:21","flagrante":"Não","examesRequisitados":"IML","solucao":"BO PARA ADENDO","partesEnvolvidas":[{"nome":"ANDERSON COUTINHO DA SILVA","tipoEnvolvimento":"Vítima","rg":"47932929-SP","naturalidade":"S.JOSE DOS CAMPOS -SP","nacionalidade":"BRASILEIRA","sexo":"Masculino","dataNascimento":"14/10/1991","idade":"23","estadoCivil":"Solteiro","instrucao":"1 Grau completo","profissao":"PEIXEIRO","cutis":"Preta","naturezasEnvolvidas":"Homicídio simples (art. 121)"}],"naturezas":[{"especie":"Título I - Pessoa (arts. 121 a 154)","descricao":"Homicídio simples (art. 121)"}],"numeroBoPrincipal":"949","anoBoPrincipal":"2014","nomeDelegaciaBoPrincipal":"04º D.P. S.JOSE DOS CAMPOS","categoria":"HOMICIDIO_DOLOSO"}