{"idBO":"2014-200100-617","numero":"617","idDelegacia":"200100","tipoBoletim":"Complementar","dependencia":"DHPP DIV. HOMICIDIOS","local":"RUA MARGINAL DIREITA - - S.PAULO - SP","tipoLocal":"Area não ocupada","circunscricao":"95º D.P. HELIÓPOLIS","dataOcorrencia":"29/08/2014","turnoOcorrencia":"A TARDE","dataComunicacao":"29/08/2014","horaComunicacao":"17:05","dataElaboracao":"29/08/2014","horaElaboracao":"17:06","flagrante":"Não","examesRequisitados":"IC-IML","solucao":"BO PARA INQUÉRITO","partesEnvolvidas":[{"nome":"RAFAEL RODRIGO BARBOZA","tipoEnvolvimento":"Vítima","rg":"30783395-SP","naturalidade":"S.CAETANO DO SUL -SP","nacionalidade":"BRASILEIRA","sexo":"Masculino","dataNascimento":"14/11/1979","idade":"34","estadoCivil":"Solteiro","instrucao":"1 Grau completo","cutis":"Parda","naturezasEnvolvidas":"Homicídio simples (art. 121)"}],"naturezas":[{"especie":"Título I - Pessoa (arts. 121 a 154)","descricao":"Homicídio simples (art. 121)"}],"numeroBoPrincipal":"3177","anoBoPrincipal":"2014","nomeDelegaciaBoPrincipal":"95º D.P. HELIÓPOLIS","categoria":"HOMICIDIO_DOLOSO"}