{"idBO":"2014-110711-507","numero":"507","idDelegacia":"110711","tipoBoletim":"Principal","dependencia":"DEL.SEC.VOTUPORANGA PLANTÃO","local":"R. ITALIA, 1917 - PQ. DAS NAÇOES - VOTUPORANGA - SP","tipoLocal":"Residência","circunscricao":"02º D.P. VOTUPORANGA","dataOcorrencia":"16/02/2014","turnoOcorrencia":"A TARDE","dataComunicacao":"16/02/2014","horaComunicacao":"15:00","dataElaboracao":"16/02/2014","horaElaboracao":"15:13","flagrante":"Não","examesRequisitados":"IC-IML","solucao":"ENCAMINHAMENTO DP ÁREA DO FATO","partesEnvolvidas":[{"nome":"ALINE CAMILA DA SILVA BARBOSA","tipoEnvolvimento":"Vítima","rg":"46159604-SP","naturalidade":"VOTUPORANGA -SP","nacionalidade":"BRASILEIRA","sexo":"Feminino","dataNascimento":"18/05/1990","idade":"23","estadoCivil":"Solteiro","instrucao":"2 Grau completo","cutis":"Branca","naturezasEnvolvidas":"Homicídio simples (art. 121)"}],"naturezas":[{"especie":"Título I - Pessoa (arts. 121 a 154)","descricao":"Homicídio simples (art. 121)"}],"categoria":"HOMICIDIO_DOLOSO"}