{"idBO":"2014-110429-11039","numero":"11039","idDelegacia":"110429","tipoBoletim":"Complementar","dependencia":"DEL.SEC.S.J RIO PRETO PLANTÃO","local":"RUA DO ANGICO, 46 - ESTANCIA STA MARIA - S.JOSE DO RIO PRETO - SP","tipoLocal":"Via pública","circunscricao":"05º D.P. S.JOSE RIO PRETO","dataOcorrencia":"01/08/2014","turnoOcorrencia":"DE MADRUGADA","dataComunicacao":"01/08/2014","horaComunicacao":"23:29","dataElaboracao":"01/08/2014","horaElaboracao":"23:49","flagrante":"Não","examesRequisitados":"IC-IML","solucao":"BO PARA ADENDO","partesEnvolvidas":[{"sexo":"Masculino","idade":"0","cutis":"Branca","naturezasEnvolvidas":"Homicídio simples (art. 121)"}],"naturezas":[{"especie":"Título I - Pessoa (arts. 121 a 154)","descricao":"Homicídio simples (art. 121)"}],"numeroBoPrincipal":"10999","anoBoPrincipal":"2014","nomeDelegaciaBoPrincipal":"DEL.SEC.S.J RIO PRETO PLANTÃO","categoria":"HOMICIDIO_DOLOSO"}