{"idBO":"2014-20224-5615","numero":"5615","idDelegacia":"20224","tipoBoletim":"Principal","dependencia":"24º D.P. PONTE RASA","local":"RUA FLOR DE CERA, 24 - PONTE RASA - S.PAULO - SP","tipoLocal":"Residência","circunscricao":"24º D.P. PONTE RASA","dataOcorrencia":"09/06/2014","turnoOcorrencia":"DE MADRUGADA","dataComunicacao":"09/06/2014","horaComunicacao":"04:11","dataElaboracao":"09/06/2014","horaElaboracao":"04:23","flagrante":"Não","solucao":"APRECIAÇÃO DO DELEGADO TITULAR","partesEnvolvidas":[{"nome":"MARCOS DE TAL","tipoEnvolvimento":"Vítima","sexo":"Masculino","idade":"0","cutis":"Preta","naturezasEnvolvidas":"Homicídio simples (art. 121)"}],"naturezas":[{"especie":"Título I - Pessoa (arts. 121 a 154)","descricao":"Homicídio simples (art. 121)"}],"categoria":"HOMICIDIO_DOLOSO"}