{"idBO":"2014-130411-1547","numero":"1547","idDelegacia":"130411","tipoBoletim":"Principal","dependencia":"DEL.POL.TREMEMBE","local":"AVENIDA PERIMETRAL DOS IBERIS - VALE DAS FLORES - CEP: 12120000 - TREMEMBE - SP","tipoLocal":"Via pública","circunscricao":"DEL.POL.TREMEMBE","dataOcorrencia":"05/08/2014","turnoOcorrencia":"A TARDE","dataComunicacao":"05/08/2014","horaComunicacao":"17:52","dataElaboracao":"05/08/2014","horaElaboracao":"17:55","flagrante":"Não","examesRequisitados":"IC-IML","solucao":"BO PARA FLAGRANTE","partesEnvolvidas":[{"nome":"CASSIANO REGIS GERALDO DE ALQUIMIM","tipoEnvolvimento":"Vítima","rg":"45762922-SP","naturalidade":"FERRAZ DE VASCONCELOS -SP","nacionalidade":"BRASILEIRA","sexo":"Masculino","dataNascimento":"08/05/1989","idade":"25","estadoCivil":"Solteiro","instrucao":"1 Grau completo","cutis":"Preta","naturezasEnvolvidas":"Homicídio qualificado (art. 121, §2o.)"}],"naturezas":[{"especie":"Título I - Pessoa (arts. 121 a 154)","descricao":"Homicídio qualificado (art. 121, §2o.)"}],"categoria":"HOMICIDIO_DOLOSO"}