{"idBO":"2014-10362-4644","numero":"4644","idDelegacia":"10362","tipoBoletim":"Principal","dependencia":"69º D.P. TEOTONIO VILELA","local":"RUA HAMILTON PRADO, 278 - CHÁCARA BELENZINHO - S.PAULO - SP","tipoLocal":"Residência","circunscricao":"58º D.P. VILA FORMOSA","dataOcorrencia":"04/05/2014","turnoOcorrencia":"A NOITE","dataComunicacao":"05/05/2014","horaComunicacao":"01:39","dataElaboracao":"05/05/2014","horaElaboracao":"01:41","flagrante":"Sim","examesRequisitados":"IC-IML","solucao":"BO PARA FLAGRANTE","partesEnvolvidas":[{"nome":"JESSICA DE DEUS TOBIAS","tipoEnvolvimento":"Vítima","rg":"44515526-SP","naturalidade":"SÃO PAULO","nacionalidade":"BRASILEIRA","sexo":"Feminino","dataNascimento":"16/07/1989","idade":"24","estadoCivil":"Solteiro","instrucao":"2 Grau incompleto","profissao":"AUXILIAR DE PRODUCAO","cutis":"Parda","naturezasEnvolvidas":"Homicídio simples (art. 121)"}],"naturezas":[{"especie":"Título I - Pessoa (arts. 121 a 154)","descricao":"Homicídio simples (art. 121)"},{"especie":"Localização e/ou Devolução","descricao":"Localização/Apreensão de objeto"}],"categoria":"HOMICIDIO_DOLOSO"}