{"idBO":"2014-10328-4549","numero":"4549","idDelegacia":"10328","tipoBoletim":"Principal","dependencia":"64º D.P. CID.AE CARVALHO","local":"RUA JOSE FRANCISCO DA CUNHA, 3 - PONTE RASA - VILA SAO FRANCISCO - S.PAULO - SP","tipoLocal":"Residência","circunscricao":"64º D.P. CID.AE CARVALHO","dataOcorrencia":"30/06/2014","turnoOcorrencia":"A TARDE","dataComunicacao":"30/06/2014","horaComunicacao":"17:55","dataElaboracao":"30/06/2014","horaElaboracao":"17:58","flagrante":"Não","solucao":"APRECIAÇÃO DO DELEGADO TITULAR","partesEnvolvidas":[{"nome":"DONIZETE TAVARES DE REZENDE","tipoEnvolvimento":"Vítima","rg":"9187776-SP","naturalidade":"PEDREGULHO -SP","sexo":"Masculino","dataNascimento":"24/06/1956","idade":"58","estadoCivil":"Solteiro","profissao":"VENDEDOR(A)","cutis":"Branca","naturezasEnvolvidas":"Homicídio simples (art. 121)"}],"naturezas":[{"especie":"Título I - Pessoa (arts. 121 a 154)","descricao":"Homicídio simples (art. 121)"}],"categoria":"HOMICIDIO_DOLOSO"}