{"idBO":"2014-130516-4392","numero":"4392","idDelegacia":"130516","tipoBoletim":"Principal","dependencia":"DEL.SEC.TAUBATE PLANTÃO","local":"AVENIDA ENGENHEIRO MILTON DE ALVARENGA P, 1987 - SANTA CRUZ - TAUBATE - SP","tipoLocal":"Via pública","circunscricao":"02º D.P. TAUBATE","dataOcorrencia":"27/08/2014","turnoOcorrencia":"A NOITE","dataComunicacao":"27/08/2014","horaComunicacao":"23:29","dataElaboracao":"27/08/2014","horaElaboracao":"23:40","flagrante":"Não","examesRequisitados":"IML","solucao":"APRECIAÇÃO DO DELEGADO TITULAR","partesEnvolvidas":[{"nome":"FABIO LUIZ DA SILVA","tipoEnvolvimento":"Vítima","rg":"47423263-SP","naturalidade":"PINDAMONHANGABA -SP","nacionalidade":"BRASILEIRA","sexo":"Masculino","dataNascimento":"28/06/1991","idade":"23","estadoCivil":"Solteiro","instrucao":"2 Grau completo","cutis":"Branca","naturezasEnvolvidas":"Homicídio simples (art. 121)"}],"naturezas":[{"especie":"Título I - Pessoa (arts. 121 a 154)","descricao":"Homicídio simples (art. 121)"}],"categoria":"HOMICIDIO_DOLOSO"}