{"idBO":"2014-30126-826","numero":"826","idDelegacia":"30126","tipoBoletim":"Principal","dependencia":"06º D.P. S.BERNARDO DO CAMPO","local":"RUA JERONIMO DOS SANTOS, 30 - VILA SÃO PEDRO - S.BERNARDO DO CAMPO - SP","tipoLocal":"Residência","circunscricao":"06º D.P. S.BERNARDO DO CAMPO","dataOcorrencia":"28/03/2014","turnoOcorrencia":"A TARDE","dataComunicacao":"28/03/2014","horaComunicacao":"13:26","dataElaboracao":"28/03/2014","horaElaboracao":"13:32","flagrante":"Não","examesRequisitados":"IC-IML","solucao":"BO PARA INVESTIGAÇÃO","partesEnvolvidas":[{"nome":"WILSON CARLOS DE SOUZA NOVAIS","tipoEnvolvimento":"Vítima","rg":"41444015-SP","naturalidade":"S.ANDRE -SP","nacionalidade":"BRASILEIRA","sexo":"Masculino","dataNascimento":"24/11/1986","idade":"27","estadoCivil":"Solteiro","instrucao":"1 Grau completo","profissao":"PEDREIRO","cutis":"Branca","naturezasEnvolvidas":"Homicídio simples (art. 121)"}],"naturezas":[{"especie":"Título I - Pessoa (arts. 121 a 154)","descricao":"Homicídio simples (art. 121)"}],"categoria":"HOMICIDIO_DOLOSO"}