{"idBO":"2014-100919-10889","numero":"10889","idDelegacia":"100919","tipoBoletim":"Principal","dependencia":"CENTRAL POL. JUD. RIB. PRETO","local":"RUA PONTAL DEFR. Nº256, 256 - JARDIM AEROPORTO - RIBEIRAO PRETO - SP","tipoLocal":"Via pública","circunscricao":"02º D.P. RIBEIRAO PRETO","dataOcorrencia":"22/09/2014","turnoOcorrencia":"A TARDE","dataComunicacao":"22/09/2014","horaComunicacao":"17:19","dataElaboracao":"22/09/2014","horaElaboracao":"17:26","flagrante":"Não","examesRequisitados":"IC-IML","solucao":"ENCAMINHAMENTO DP ÁREA DO FATO","partesEnvolvidas":[{"nome":"JAMIR FERREIRA DA SILVA","tipoEnvolvimento":"Vítima","rg":"18335428-SP","naturalidade":"IGARAPAVA -SP","nacionalidade":"BRASILEIRA","sexo":"Masculino","dataNascimento":"08/08/1958","idade":"56","estadoCivil":"Convivente","instrucao":"1 Grau completo","cutis":"Branca","naturezasEnvolvidas":"Homicídio simples (art. 121)"}],"naturezas":[{"especie":"Título I - Pessoa (arts. 121 a 154)","descricao":"Homicídio simples (art. 121)"}],"categoria":"HOMICIDIO_DOLOSO"}