{"idBO":"2014-30427-7195","numero":"7195","idDelegacia":"30427","tipoBoletim":"Principal","dependencia":"01º D.P. CARAPICUIBA","local":"RUA DIÓGENES RIBEIRO DE LIMA, 33 - CENTRO - CARAPICUIBA - SP","tipoLocal":"Via pública","circunscricao":"01º D.P. CARAPICUIBA","dataOcorrencia":"26/07/2014","turnoOcorrencia":"DE MADRUGADA","dataComunicacao":"26/07/2014","horaComunicacao":"09:01","dataElaboracao":"26/07/2014","horaElaboracao":"09:04","flagrante":"Não","examesRequisitados":"IML","solucao":"APRECIAÇÃO DO DELEGADO TITULAR","partesEnvolvidas":[{"nome":"JONAS RICARDO DE FREITAS","tipoEnvolvimento":"Vítima","rg":"47794381-SP","naturalidade":"S.PAULO -SP","nacionalidade":"BRASILEIRA","sexo":"Masculino","dataNascimento":"26/07/1990","idade":"24","estadoCivil":"Solteiro","instrucao":"1 Grau completo","profissao":"SERVENTE","cutis":"Branca","naturezasEnvolvidas":"Homicídio simples (art. 121)"},{"nome":"DESCONHECIDO","tipoEnvolvimento":"Vítima","sexo":"Masculino","idade":"17","cutis":"Parda","naturezasEnvolvidas":"Homicídio simples (art. 121)"}],"naturezas":[{"especie":"Título I - Pessoa (arts. 121 a 154)","descricao":"Homicídio simples (art. 121)"}],"categoria":"HOMICIDIO_DOLOSO"}