{"idBO":"2014-200100-782","numero":"782","idDelegacia":"200100","tipoBoletim":"Complementar","dependencia":"DHPP DIV. HOMICIDIOS","local":"RUA ARLINDO BETTIO, 106 - ERMELINO MATARAZZO - S.PAULO - SP","tipoLocal":"Via pública","circunscricao":"62º D.P. ERMELINO MATARAZZO","dataOcorrencia":"01/11/2014","turnoOcorrencia":"PELA MANHÃ","dataComunicacao":"01/11/2014","horaComunicacao":"12:04","dataElaboracao":"01/11/2014","horaElaboracao":"12:05","flagrante":"Não","examesRequisitados":"IC-IML","solucao":"BO PARA INQUÉRITO","partesEnvolvidas":[{"nome":"PETERSON MACEDO","tipoEnvolvimento":"Vítima","rg":"34791346-SP","naturalidade":"S.PAULO -SP","nacionalidade":"BRASILEIRA","sexo":"Masculino","dataNascimento":"31/08/1983","idade":"31","estadoCivil":"Convivente","instrucao":"1 Grau completo","profissao":"SERVENTE","cutis":"Preta","naturezasEnvolvidas":"Homicídio simples (art. 121)"}],"naturezas":[{"especie":"Título I - Pessoa (arts. 121 a 154)","descricao":"Homicídio simples (art. 121)"}],"numeroBoPrincipal":"10555","anoBoPrincipal":"2014","nomeDelegaciaBoPrincipal":"24º D.P. PONTE RASA","categoria":"HOMICIDIO_DOLOSO"}