{"idBO":"2014-30418-8109","numero":"8109","idDelegacia":"30418","tipoBoletim":"Principal","dependencia":"05º D.P. OSASCO","local":"AVENIDA PADRE VICENTE MELILO, 1331 - JARDIM D ABRIL - OSASCO - SP","tipoLocal":"Via pública","circunscricao":"06º D.P. OSASCO","dataOcorrencia":"07/12/2014","turnoOcorrencia":"DE MADRUGADA","dataComunicacao":"07/12/2014","horaComunicacao":"06:25","dataElaboracao":"07/12/2014","horaElaboracao":"06:26","flagrante":"Não","examesRequisitados":"IC-IML","solucao":"ENCAMINHAMENTO DP ÁREA DO FATO","partesEnvolvidas":[{"nome":"PAULO CONCEICAO SILVA","tipoEnvolvimento":"Vítima","rg":"39027698-SP","naturalidade":"JANDIRA -SP","nacionalidade":"BRASILEIRA","sexo":"Masculino","dataNascimento":"14/10/1996","idade":"18","estadoCivil":"Solteiro","instrucao":"1 Grau completo","profissao":"DESEMPREGADO(A)","cutis":"Outros","naturezasEnvolvidas":"Homicídio simples (art. 121)"}],"naturezas":[{"especie":"Título II - Patrimônio (arts. 155 a 183)","descricao":"Roubo (art. 157)"},{"especie":"Localização e/ou Devolução","descricao":"Localização/Apreensão e Entrega de veículo"},{"especie":"Título I - Pessoa (arts. 121 a 154)","descricao":"Homicídio simples (art. 121)"}],"categoria":"HOMICIDIO_DOLOSO"}