{"idBO":"2014-10312-1650","numero":"1650","idDelegacia":"10312","tipoBoletim":"Principal","dependencia":"59º D.P. JARDIM DOS IPES","local":"RUA ESPINELIO, 1 - JARDIM HELENA - S.PAULO - SP","tipoLocal":"Via pública","circunscricao":"59º D.P. JARDIM DOS IPES","dataOcorrencia":"30/06/2014","turnoOcorrencia":"A TARDE","dataComunicacao":"30/06/2014","horaComunicacao":"18:30","dataElaboracao":"30/06/2014","horaElaboracao":"18:43","flagrante":"Não","examesRequisitados":"IC-IML","solucao":"BO PARA INQUÉRITO","partesEnvolvidas":[{"nome":"LUIZ FERNANDO RIBEIRO PEDROZA","tipoEnvolvimento":"Vítima","rg":"21912311-SP","naturalidade":"S.PAULO -SP","nacionalidade":"BRASILEIRA","sexo":"Masculino","dataNascimento":"13/10/1968","idade":"45","estadoCivil":"Casado","instrucao":"2 Grau completo","profissao":"PROMOTOR DE VENDAS","cutis":"Branca","naturezasEnvolvidas":"Homicídio qualificado (art. 121, §2o.)"}],"naturezas":[{"especie":"Título I - Pessoa (arts. 121 a 154)","descricao":"Homicídio qualificado (art. 121, §2o.)"}],"categoria":"HOMICIDIO_DOLOSO"}