{"idBO":"2014-200100-618","numero":"618","idDelegacia":"200100","tipoBoletim":"Complementar","dependencia":"DHPP DIV. HOMICIDIOS","local":"RUA TREZE, 10 - JD NOVA VITORIA - S.PAULO - SP","tipoLocal":"Via pública","circunscricao":"49º D.P. SAO MATEUS","dataOcorrencia":"30/08/2014","turnoOcorrencia":"PELA MANHÃ","dataComunicacao":"30/08/2014","horaComunicacao":"14:28","dataElaboracao":"30/08/2014","horaElaboracao":"14:30","flagrante":"Não","examesRequisitados":"IC-IML","solucao":"BO PARA INQUÉRITO","partesEnvolvidas":[{"nome":"DESCONHECIDO","tipoEnvolvimento":"Vítima","sexo":"Masculino","idade":"0","cutis":"Parda","naturezasEnvolvidas":"Homicídio qualificado (art. 121, §2o.)"}],"naturezas":[{"especie":"Título I - Pessoa (arts. 121 a 154)","descricao":"Homicídio qualificado (art. 121, §2o.)","desdobramentos":"IV - à traição ou mediante dissimulação ou outro recurso"}],"numeroBoPrincipal":"10720","anoBoPrincipal":"2014","nomeDelegaciaBoPrincipal":"49º D.P. SAO MATEUS","categoria":"HOMICIDIO_DOLOSO"}