{"idBO":"2014-10247-12268","numero":"12268","idDelegacia":"10247","tipoBoletim":"Principal","dependencia":"47º D.P. CAPAO REDONDO","local":"ESTRADA DO M\u0027BOI MIRIM, 1182 - JD SÃO LUIS - S.PAULO - SP","tipoLocal":"Via pública","circunscricao":"92º D.P. P. STO ANTONIO","dataOcorrencia":"05/11/2014","turnoOcorrencia":"A NOITE","dataComunicacao":"06/11/2014","horaComunicacao":"00:04","dataElaboracao":"06/11/2014","horaElaboracao":"00:06","flagrante":"Sim","examesRequisitados":"IC-IML","solucao":"BO PARA FLAGRANTE","partesEnvolvidas":[{"nome":"GILSON LINO XAVIER","tipoEnvolvimento":"Vítima","rg":"26610336-SP","naturalidade":"S.PAULO -SP","nacionalidade":"BRASILEIRA","sexo":"Masculino","dataNascimento":"07/07/1975","idade":"39","estadoCivil":"Solteiro","instrucao":"2 Grau completo","cutis":"Branca","naturezasEnvolvidas":"Homicídio simples (art. 121)"}],"naturezas":[{"especie":"Título I - Pessoa (arts. 121 a 154)","descricao":"Homicídio simples (art. 121)"}],"categoria":"HOMICIDIO_DOLOSO"}