{"idBO":"2014-30210-1883","numero":"1883","idDelegacia":"30210","tipoBoletim":"Principal","dependencia":"DEL.POL.MAIRIPORÃ","local":"ALAMEDA DOS CARVALHOS, 124 - QUINTA DOS CARVALHOS - MAIRIPORA - SP","tipoLocal":"Residência","circunscricao":"DEL.POL.MAIRIPORÃ","dataOcorrencia":"18/05/2014","turnoOcorrencia":"EM HORA INCERTA","dataComunicacao":"18/05/2014","horaComunicacao":"17:16","dataElaboracao":"18/05/2014","horaElaboracao":"17:19","flagrante":"Não","examesRequisitados":"IC-IML","solucao":"APRECIAÇÃO DO DELEGADO TITULAR","partesEnvolvidas":[{"sexo":"Feminino","idade":"0","cutis":"Branca","naturezasEnvolvidas":"Destruição, subtração ou ocultação de cadáver (art. 211), Homicídio simples (art. 121)"}],"naturezas":[{"especie":"Título I - Pessoa (arts. 121 a 154)","descricao":"Homicídio simples (art. 121)"},{"especie":"Título V - Sentimento religioso e respeito aos mortos (arts. 208 a 212)","descricao":"Destruição, subtração ou ocultação de cadáver (art. 211)"}],"categoria":"HOMICIDIO_DOLOSO"}