{"idBO":"2014-200100-221","numero":"221","idDelegacia":"200100","tipoBoletim":"Complementar","dependencia":"DHPP DIV. HOMICIDIOS","local":"RUA MOACIR MACHADO CASTANHO, 76 - CAMPO LIMPO - S.PAULO - SP","tipoLocal":"Via pública","circunscricao":"37º D.P. CAMPO LIMPO","dataOcorrencia":"27/03/2014","turnoOcorrencia":"DE MADRUGADA","dataComunicacao":"27/03/2014","horaComunicacao":"17:14","dataElaboracao":"27/03/2014","horaElaboracao":"17:19","flagrante":"Não","examesRequisitados":"IC-IML","solucao":"BO PARA INQUÉRITO","partesEnvolvidas":[{"nome":"DESCONHECIDO","tipoEnvolvimento":"Vítima","sexo":"Masculino","idade":"0","cutis":"Parda","naturezasEnvolvidas":"Homicídio simples (art. 121)"}],"naturezas":[{"especie":"Título I - Pessoa (arts. 121 a 154)","descricao":"Homicídio simples (art. 121)"}],"numeroBoPrincipal":"1823","anoBoPrincipal":"2014","nomeDelegaciaBoPrincipal":"37º D.P. CAMPO LIMPO","categoria":"HOMICIDIO_DOLOSO"}