{"idBO":"2014-10333-2212","numero":"2212","idDelegacia":"10333","tipoBoletim":"Complementar","dependencia":"33º D.P. PIRITUBA","local":"R VINHEDO, 7 - MORRO DOCE - S.PAULO - SP","tipoLocal":"Via pública","circunscricao":"46º D.P. PERUS","dataOcorrencia":"23/03/2014","turnoOcorrencia":"DE MADRUGADA","dataComunicacao":"23/03/2014","horaComunicacao":"05:52","dataElaboracao":"23/03/2014","horaElaboracao":"06:15","flagrante":"Não","examesRequisitados":"IML","solucao":"BO PARA ADENDO","partesEnvolvidas":[{"nome":"SEVERINO OZORIO DOS SANTOS","tipoEnvolvimento":"Vítima","rg":"38302274-SP","naturalidade":"ITAPORANGA -PB","nacionalidade":"BRASILEIRA","sexo":"Masculino","dataNascimento":"07/03/1977","idade":"37","estadoCivil":"Casado","instrucao":"1 Grau incompleto","profissao":"PEDREIRO","cutis":"Parda","naturezasEnvolvidas":"Homicídio simples (art. 121)"}],"naturezas":[{"especie":"Título I - Pessoa (arts. 121 a 154)","descricao":"Homicídio simples (art. 121)"}],"numeroBoPrincipal":"2209","anoBoPrincipal":"2014","nomeDelegaciaBoPrincipal":"33º D.P. PIRITUBA","categoria":"HOMICIDIO_DOLOSO"}