{"idBO":"2014-10335-4730","numero":"4730","idDelegacia":"10335","tipoBoletim":"Principal","dependencia":"72º D.P. VILA PENTEADO","local":"RUA CARMEM CUNHA, 85 - JD DOS CUNHAS - S.PAULO - SP","tipoLocal":"Via pública","circunscricao":"74º D.P. PARADA TAIPAS","dataOcorrencia":"29/05/2014","turnoOcorrencia":"A NOITE","dataComunicacao":"30/05/2014","horaComunicacao":"01:20","dataElaboracao":"30/05/2014","horaElaboracao":"01:22","flagrante":"Não","examesRequisitados":"IC-IML","solucao":"ENCAMINHAMENTO DP ÁREA DO FATO","partesEnvolvidas":[{"nome":"RENAN DA SILVA MARTINS","tipoEnvolvimento":"Vítima","rg":"47656217-SP","naturalidade":"S.PAULO -SP","nacionalidade":"BRASILEIRA","sexo":"Masculino","dataNascimento":"30/11/1991","idade":"22","estadoCivil":"Solteiro","instrucao":"1 Grau completo","profissao":"ENTREGADOR","cutis":"Branca","naturezasEnvolvidas":"Homicídio simples (art. 121)"}],"naturezas":[{"especie":"Título I - Pessoa (arts. 121 a 154)","descricao":"Homicídio simples (art. 121)"}],"categoria":"HOMICIDIO_DOLOSO"}