{"idBO":"2014-110206-533","numero":"533","idDelegacia":"110206","tipoBoletim":"Principal","dependencia":"DEL.POL.PALMEIRA D OESTE","local":"FAZENDA ANTARES - COR DO CAVACO - CEP: 15720000 - PALMEIRA D OESTE - SP","tipoLocal":"Unidade rural","circunscricao":"DEL.POL.PALMEIRA D OESTE","dataOcorrencia":"18/12/2014","turnoOcorrencia":"EM HORA INCERTA","dataComunicacao":"19/12/2014","horaComunicacao":"01:30","dataElaboracao":"19/12/2014","horaElaboracao":"01:38","flagrante":"Não","examesRequisitados":"IC-IML","solucao":"APRECIAÇÃO DO DELEGADO TITULAR","partesEnvolvidas":[{"nome":"REGIVAN ALVES DOS SANTOS","tipoEnvolvimento":"Vítima","rg":"32416431-SE","naturalidade":"MONTE ALEGRE DE SERGIPE-SE","nacionalidade":"BRASILEIRA","sexo":"Masculino","dataNascimento":"15/07/1987","idade":"27","estadoCivil":"Convivente","cutis":"Branca","naturezasEnvolvidas":"Homicídio qualificado (art. 121, §2o.)"}],"naturezas":[{"especie":"Título I - Pessoa (arts. 121 a 154)","descricao":"Homicídio qualificado (art. 121, §2o.)"}],"categoria":"HOMICIDIO_DOLOSO"}