{"idBO":"2014-10362-5872","numero":"5872","idDelegacia":"10362","tipoBoletim":"Principal","dependencia":"69º D.P. TEOTONIO VILELA","local":"RUA CHARLES BEST, 8 - FAZENDA DA JUTA - S.PAULO - SP","tipoLocal":"Residência","circunscricao":"69º D.P. TEOTONIO VILELA","dataOcorrencia":"09/06/2014","turnoOcorrencia":"A TARDE","dataComunicacao":"09/06/2014","horaComunicacao":"14:37","dataElaboracao":"09/06/2014","horaElaboracao":"14:41","flagrante":"Não","examesRequisitados":"IC-IML","solucao":"APRECIAÇÃO DO DELEGADO TITULAR","partesEnvolvidas":[{"nome":"SEBASTIAO MAXIMO SOBRINHO","tipoEnvolvimento":"Vítima","rg":"16347545-SP","naturalidade":"S.PAULO -SP","nacionalidade":"BRASILEIRA","sexo":"Masculino","dataNascimento":"06/09/1963","idade":"50","estadoCivil":"Convivente","instrucao":"1 Grau completo","cutis":"Parda","naturezasEnvolvidas":"Homicídio simples (art. 121)"}],"naturezas":[{"especie":"Título I - Pessoa (arts. 121 a 154)","descricao":"Homicídio simples (art. 121)"}],"categoria":"HOMICIDIO_DOLOSO"}