{"idBO":"2014-130412-1929","numero":"1929","idDelegacia":"130412","tipoBoletim":"Principal","dependencia":"01º D.P. PINDAMONHANGABA","local":"ESTRADA MUNICIPAL DO PINHÃO DO BORBA - PINHÃO DO BORBA - PINDAMONHANGABA - SP","tipoLocal":"Rodovia/Estrada","circunscricao":"01º D.P. PINDAMONHANGABA","dataOcorrencia":"04/11/2014","turnoOcorrencia":"EM HORA INCERTA","dataComunicacao":"04/11/2014","horaComunicacao":"09:26","dataElaboracao":"04/11/2014","horaElaboracao":"09:39","flagrante":"Não","examesRequisitados":"IC-IML","solucao":"BO PARA INVESTIGAÇÃO","partesEnvolvidas":[{"nome":"DESCONHECIDO","tipoEnvolvimento":"Vítima","sexo":"Masculino","idade":"0","cutis":"Preta","naturezasEnvolvidas":"Homicídio qualificado (art. 121, §2o.)"}],"naturezas":[{"especie":"Título I - Pessoa (arts. 121 a 154)","descricao":"Homicídio qualificado (art. 121, §2o.)"}],"categoria":"HOMICIDIO_DOLOSO"}