{"idBO":"2014-30315-203","numero":"203","idDelegacia":"30315","tipoBoletim":"Principal","dependencia":"SETOR HOM.SEC. MOGI CRUZES","local":"RUA PALESTINA, 650 - BOTUJURU - MOGI DAS CRUZES - SP","tipoLocal":"Via pública","circunscricao":"03º D.P. MOGI DAS CRUZES","dataOcorrencia":"03/12/2014","turnoOcorrencia":"PELA MANHÃ","dataComunicacao":"03/12/2014","horaComunicacao":"10:08","dataElaboracao":"03/12/2014","horaElaboracao":"10:14","flagrante":"Sim","examesRequisitados":"IC-IML","solucao":"BO PARA FLAGRANTE","partesEnvolvidas":[{"nome":"MARIA DO ROSARIO COENTRO AMARAL","tipoEnvolvimento":"Vítima","rg":"9794405-SP","naturalidade":"NOVA CRUZ -RN","nacionalidade":"BRASILEIRA","dataNascimento":"03/03/1955","idade":"59","estadoCivil":"Casado","instrucao":"1 Grau completo","cutis":"Branca","naturezasEnvolvidas":"Homicídio qualificado (art. 121, §2o.)"},{"nome":"MARIA APARECIDA DO NASCIMENTO","tipoEnvolvimento":"Vítima","rg":"21753545-SP","naturalidade":"MOGI DAS CRUZES -SP","nacionalidade":"BRASILEIRA","dataNascimento":"28/04/1968","idade":"46","estadoCivil":"Solteiro","instrucao":"2 Grau completo","cutis":"Branca","naturezasEnvolvidas":"Homicídio qualificado (art. 121, §2o.)"},{"nome":"CARLOS CESAR DE ARAUJO","tipoEnvolvimento":"Vítima","rg":"43257753-SP","naturalidade":"MOGI DAS CRUZES -SP","nacionalidade":"BRASILEIRA","dataNascimento":"23/09/1980","idade":"34","estadoCivil":"Solteiro","instrucao":"2 Grau completo","profissao":"DESEMPREGADO(A)","cutis":"Branca","naturezasEnvolvidas":"Homicídio qualificado (art. 121, §2o.)"}],"naturezas":[{"especie":"Título I - Pessoa (arts. 121 a 154)","descricao":"Homicídio qualificado (art. 121, §2o.)"}],"categoria":"HOMICIDIO_DOLOSO"}