{"idBO":"2014-200100-400","numero":"400","idDelegacia":"200100","tipoBoletim":"Complementar","dependencia":"DHPP DIV. HOMICIDIOS","local":"RUA CASIMIRO NISSKINIZ, 156 - CIDADE LIDER - S.PAULO - SP","tipoLocal":"Residência","circunscricao":"65º D.P. ARTUR ALVIM","dataOcorrencia":"25/05/2014","turnoOcorrencia":"A TARDE","dataComunicacao":"25/05/2014","horaComunicacao":"23:15","dataElaboracao":"25/05/2014","horaElaboracao":"23:16","flagrante":"Não","examesRequisitados":"IC-IML","solucao":"BO PARA INQUÉRITO","partesEnvolvidas":[{"nome":"ELISABETE BERNARDO DE MORAIS COELHO","tipoEnvolvimento":"Vítima","rg":"27173297-SP","naturalidade":"INDAIATUBA -SP","nacionalidade":"BRASILEIRA","sexo":"Feminino","dataNascimento":"18/01/1981","idade":"33","estadoCivil":"Casado","instrucao":"1 Grau completo","profissao":"DO LAR","cutis":"Branca","naturezasEnvolvidas":"Homicídio simples (art. 121)"}],"naturezas":[{"especie":"Título I - Pessoa (arts. 121 a 154)","descricao":"Homicídio simples (art. 121)"},{"especie":"Título I - Pessoa (arts. 121 a 154)","descricao":"Homicídio simples (art. 121)"},{"especie":"Captura procurado","descricao":"Captura de procurado"}],"numeroBoPrincipal":"5125","anoBoPrincipal":"2014","nomeDelegaciaBoPrincipal":"24º D.P. PONTE RASA","categoria":"HOMICIDIO_DOLOSO"}