{"idBO":"2014-100449-3707","numero":"3707","idDelegacia":"100449","tipoBoletim":"Complementar","dependencia":"PLANTÃO 01º RIBEIRÃO PRETO","local":"R BERNARDINO DE CAMPOS, 1000 - HIGIENÓPOLIS - RIBEIRAO PRETO - SP","tipoLocal":"Saúde","circunscricao":"01º D.P. RIBEIRAO PRETO","dataOcorrencia":"12/02/2014","turnoOcorrencia":"A NOITE","dataComunicacao":"14/02/2014","horaComunicacao":"00:38","dataElaboracao":"14/02/2014","horaElaboracao":"00:41","flagrante":"Não","examesRequisitados":"IML","solucao":"ENCAMINHAMENTO DP ÁREA DO FATO","partesEnvolvidas":[{"nome":"EVERTON ROGELIO ANDRE","tipoEnvolvimento":"Vítima","rg":"42174172-SP","naturalidade":"S.SEBASTIAO DA GRAMA","sexo":"Masculino","dataNascimento":"24/03/1986","idade":"27","estadoCivil":"Ignorado","instrucao":"1 Grau completo","profissao":"GESSEIRO(A)","cutis":"Parda","naturezasEnvolvidas":"Comunicação de óbito"}],"naturezas":[{"especie":"Título I - Pessoa (arts. 121 a 154)","descricao":"Homicídio simples (art. 121)"}],"numeroBoPrincipal":"3616","anoBoPrincipal":"2014","nomeDelegaciaBoPrincipal":"PLANTÃO 01º RIBEIRÃO PRETO","categoria":"HOMICIDIO_DOLOSO"}