{"idBO":"2014-100919-7193","numero":"7193","idDelegacia":"100919","tipoBoletim":"Principal","dependencia":"CENTRAL POL. JUD. RIB. PRETO","local":"AVENIDA PATRIARCA - JARDIM PIRATININGA - RIBEIRAO PRETO - SP","tipoLocal":"Via pública","circunscricao":"06º D.P. RIBEIRAO PRETO","dataOcorrencia":"08/08/2014","turnoOcorrencia":"A NOITE","dataComunicacao":"09/08/2014","horaComunicacao":"00:29","dataElaboracao":"09/08/2014","horaElaboracao":"00:38","flagrante":"Não","examesRequisitados":"IC-IML","solucao":"ENCAMINHAMENTO DP ÁREA DO FATO","partesEnvolvidas":[{"nome":"ANDRÉ ENÉIAS DA SILVA","tipoEnvolvimento":"Vítima","sexo":"Masculino","idade":"0","cutis":"Branca","naturezasEnvolvidas":"Homicídio simples (art. 121)"}],"naturezas":[{"especie":"Título I - Pessoa (arts. 121 a 154)","descricao":"Homicídio simples (art. 121)"}],"categoria":"HOMICIDIO_DOLOSO"}