{"idBO":"2014-10226-7047","numero":"7047","idDelegacia":"10226","tipoBoletim":"Principal","dependencia":"26º D.P. SACOMA","local":"RUA CACHOEIRA DOURADA, 1 - JARDIM MARIA ESTELA - S.PAULO - SP","tipoLocal":"Via pública","circunscricao":"26º D.P. SACOMA","dataOcorrencia":"21/08/2014","turnoOcorrencia":"DE MADRUGADA","dataComunicacao":"21/08/2014","horaComunicacao":"07:02","dataElaboracao":"21/08/2014","horaElaboracao":"07:08","flagrante":"Não","solucao":"APRECIAÇÃO DO DELEGADO TITULAR","partesEnvolvidas":[{"nome":"MARCELO DE CARVALHO","tipoEnvolvimento":"Vítima","rg":"35541787-SP","naturalidade":"S.PAULO -SP","nacionalidade":"BRASILEIRA","sexo":"Masculino","dataNascimento":"21/10/1981","idade":"32","estadoCivil":"Solteiro","instrucao":"1 Grau completo","cutis":"Preta","naturezasEnvolvidas":"Homicídio qualificado (art. 121, §2o.)"}],"naturezas":[{"especie":"Título I - Pessoa (arts. 121 a 154)","descricao":"Homicídio qualificado (art. 121, §2o.)"},{"especie":"Título I - Pessoa (arts. 121 a 154)","descricao":"Lesão corporal (art. 129)"}],"categoria":"HOMICIDIO_DOLOSO"}