{"idBO":"2014-200100-857","numero":"857","idDelegacia":"200100","tipoBoletim":"Complementar","dependencia":"DHPP DIV. HOMICIDIOS","local":"ALAMEDA SEGUNDO SARGENTO NEVIO BARACHO D, 240 - VILA MARIA - S.PAULO - SP","tipoLocal":"Via pública","circunscricao":"90º D.P. PQ. NOVO MUNDO","dataOcorrencia":"04/12/2014","turnoOcorrencia":"PELA MANHÃ","dataComunicacao":"04/12/2014","horaComunicacao":"10:52","dataElaboracao":"04/12/2014","horaElaboracao":"10:53","flagrante":"Não","examesRequisitados":"IC-IML","solucao":"BO PARA INQUÉRITO","partesEnvolvidas":[{"nome":"IVAN FRANCISCO DA SILVA","tipoEnvolvimento":"Vítima","rg":"36975984-SP","naturalidade":"IRECE -BA","nacionalidade":"BRASILEIRA","sexo":"Masculino","dataNascimento":"02/02/1975","idade":"39","estadoCivil":"Solteiro","instrucao":"1 Grau completo","profissao":"AJUDANTE","cutis":"Branca","naturezasEnvolvidas":"Homicídio simples (art. 121)"}],"naturezas":[{"especie":"Título I - Pessoa (arts. 121 a 154)","descricao":"Homicídio simples (art. 121)"}],"numeroBoPrincipal":"4565","anoBoPrincipal":"2014","nomeDelegaciaBoPrincipal":"90º D.P. PQ. NOVO MUNDO","categoria":"HOMICIDIO_DOLOSO"}