{"idBO":"2014-100449-5169","numero":"5169","idDelegacia":"100449","tipoBoletim":"Principal","dependencia":"PLANTÃO 01º RIBEIRÃO PRETO","local":"RUA BORBA GATO DEFR. Nº51,67,73, 51 - VILA AMELIA - RIBEIRAO PRETO - SP","tipoLocal":"Via pública","circunscricao":"03º D.P. RIBEIRAO PRETO","dataOcorrencia":"03/03/2014","turnoOcorrencia":"DE MADRUGADA","dataComunicacao":"03/03/2014","horaComunicacao":"04:54","dataElaboracao":"03/03/2014","horaElaboracao":"04:59","flagrante":"Não","examesRequisitados":"IC-IML","solucao":"ENCAMINHAMENTO DP ÁREA DO FATO","partesEnvolvidas":[{"nome":"EDILSON HENRIQUE COUTINHO","tipoEnvolvimento":"Vítima","rg":"40446495-SP","naturalidade":"RIBEIRAO PRETO -SP","nacionalidade":"BRASILEIRA","sexo":"Masculino","dataNascimento":"05/06/1984","idade":"29","estadoCivil":"Solteiro","instrucao":"1 Grau completo","cutis":"Parda","naturezasEnvolvidas":"Homicídio simples (art. 121)"}],"naturezas":[{"especie":"Título I - Pessoa (arts. 121 a 154)","descricao":"Homicídio simples (art. 121)"}],"categoria":"HOMICIDIO_DOLOSO"}