{"idBO":"2014-30440-527","numero":"527","idDelegacia":"30440","tipoBoletim":"Principal","dependencia":"10º D.P. OSASCO","local":"AV PRES MEDICE, 1893 - JARDIM MUTINGA - CEP: 06273000 - OSASCO - SP","tipoLocal":"Restaurante e afins","circunscricao":"07º D.P. OSASCO","dataOcorrencia":"29/01/2014","turnoOcorrencia":"DE MADRUGADA","dataComunicacao":"29/01/2014","horaComunicacao":"03:50","dataElaboracao":"29/01/2014","horaElaboracao":"03:57","flagrante":"Não","solucao":"ENCAMINHAMENTO DP ÁREA DO FATO","partesEnvolvidas":[{"nome":"JOSE CARLOS MACEDO FILHO","tipoEnvolvimento":"Vítima","rg":"24907899-SP","naturalidade":"ITAPEVI -SP","nacionalidade":"BRASILEIRA","sexo":"Masculino","dataNascimento":"12/05/1971","idade":"42","estadoCivil":"Solteiro","instrucao":"1 Grau incompleto","profissao":"TAPECEIRO(A)","cutis":"Preta","naturezasEnvolvidas":"Homicídio simples (art. 121)"},{"nome":"ROSEMEIRE DA SILVA","tipoEnvolvimento":"Vítima","rg":"35500652-SP","naturalidade":"S.PAULO -SP","nacionalidade":"BRASILEIRA","sexo":"Feminino","dataNascimento":"29/07/1978","idade":"35","estadoCivil":"Solteiro","profissao":"DESEMPREGADO(A)","cutis":"Preta","naturezasEnvolvidas":"Homicídio simples (art. 121)"}],"naturezas":[{"especie":"Título I - Pessoa (arts. 121 a 154)","descricao":"Homicídio simples (art. 121)"},{"especie":"Título I - Pessoa (arts. 121 a 154)","descricao":"Homicídio simples (art. 121)"}],"categoria":"HOMICIDIO_DOLOSO"}