{"idBO":"2014-20224-9681","numero":"9681","idDelegacia":"20224","tipoBoletim":"Principal","dependencia":"24º D.P. PONTE RASA","local":"RUA RENATO, 730 - PENHA - S.PAULO - SP","tipoLocal":"Via pública","circunscricao":"24º D.P. PONTE RASA","dataOcorrencia":"05/10/2014","turnoOcorrencia":"A NOITE","dataComunicacao":"06/10/2014","horaComunicacao":"01:57","dataElaboracao":"06/10/2014","horaElaboracao":"02:00","flagrante":"Sim","examesRequisitados":"IC-IML","solucao":"BO PARA FLAGRANTE","partesEnvolvidas":[{"nome":"EDUARDO FERREIRA AGUIAR","tipoEnvolvimento":"Vítima","rg":"44539624-SP","naturalidade":"S.PAULO -SP","nacionalidade":"BRASILEIRA","sexo":"Masculino","dataNascimento":"21/06/1984","idade":"30","estadoCivil":"Solteiro","instrucao":"2 Grau completo","profissao":"VIGILANTE","cutis":"Parda","naturezasEnvolvidas":"Homicídio simples (art. 121)"}],"naturezas":[{"especie":"Título I - Pessoa (arts. 121 a 154)","descricao":"Homicídio simples (art. 121)"}],"categoria":"HOMICIDIO_DOLOSO"}