{"idBO":"2014-30212-3274","numero":"3274","idDelegacia":"30212","tipoBoletim":"Principal","dependencia":"04º D.P. GUARULHOS","local":"RUA MONTES CLAROS, 1 - CUMBICA - GUARULHOS - SP","tipoLocal":"Via pública","circunscricao":"08º D.P. GUARULHOS","dataOcorrencia":"03/05/2014","turnoOcorrencia":"A NOITE","dataComunicacao":"03/05/2014","horaComunicacao":"20:30","dataElaboracao":"03/05/2014","horaElaboracao":"20:35","flagrante":"Não","examesRequisitados":"IC-IML","solucao":"ENCAMINHAMENTO DP ÁREA DO FATO","partesEnvolvidas":[{"nome":"ADRIANO ALMEIDA DE ARAUJO","tipoEnvolvimento":"Vítima","rg":"35238893-SP","naturalidade":"GUARULHOS","nacionalidade":"BRASILEIRA","sexo":"Masculino","dataNascimento":"23/10/1979","idade":"34","estadoCivil":"Convivente","profissao":"DESEMPREGADO","cutis":"Parda","naturezasEnvolvidas":"Homicídio simples (art. 121)"}],"naturezas":[{"especie":"Título I - Pessoa (arts. 121 a 154)","descricao":"Homicídio simples (art. 121)"}],"categoria":"HOMICIDIO_DOLOSO"}