{"idBO":"2014-30212-5697","numero":"5697","idDelegacia":"30212","tipoBoletim":"Principal","dependencia":"04º D.P. GUARULHOS","local":"RUA BARRA DE SANTO ANTÔNIO, 265 - PIMENTAS/JD SÃO GABRIEL - GUARULHOS - SP","tipoLocal":"Centro Comerc./Empresarial","circunscricao":"04º D.P. GUARULHOS","dataOcorrencia":"04/08/2014","turnoOcorrencia":"DE MADRUGADA","dataComunicacao":"04/08/2014","horaComunicacao":"02:06","dataElaboracao":"04/08/2014","horaElaboracao":"02:10","flagrante":"Não","solucao":"APRECIAÇÃO DO DELEGADO TITULAR","partesEnvolvidas":[{"nome":"ANTONIO CARVALHO DA SILVA","tipoEnvolvimento":"Vítima","rg":"18611170-SP","naturalidade":"FERRAZ DE VASCONCELOS -SP","sexo":"Masculino","dataNascimento":"04/10/1965","idade":"48","estadoCivil":"Ignorado","instrucao":"1 Grau completo","profissao":"SERVENTE","cutis":"Parda","naturezasEnvolvidas":"Homicídio simples (art. 121)"}],"naturezas":[{"especie":"Título I - Pessoa (arts. 121 a 154)","descricao":"Homicídio simples (art. 121)"},{"especie":"DL 3688/41 - Contravenções Penais","descricao":"Jogo de azar (art. 50)"}],"categoria":"HOMICIDIO_DOLOSO"}