{"idBO":"2014-10346-4949","numero":"4949","idDelegacia":"10346","tipoBoletim":"Principal","dependencia":"46º D.P. PERUS","local":"AVENIDA RAIMUNDO PEREIRA DE MAGALHAES, 16850 - - S.PAULO - SP","tipoLocal":"Via pública","circunscricao":"46º D.P. PERUS","dataOcorrencia":"24/12/2014","turnoOcorrencia":"DE MADRUGADA","dataComunicacao":"24/12/2014","horaComunicacao":"08:32","dataElaboracao":"24/12/2014","horaElaboracao":"08:45","flagrante":"Não","examesRequisitados":"IC-IML","solucao":"APRECIAÇÃO DO DELEGADO TITULAR","partesEnvolvidas":[{"nome":"MARCOS PAULO DE OLIVEIRA BUENO","tipoEnvolvimento":"Vítima","rg":"30671796-SP","naturalidade":"MOGI DAS CRUZES -SP","nacionalidade":"BRASILEIRA","dataNascimento":"12/05/1990","idade":"24","estadoCivil":"Casado","instrucao":"Superior completo","profissao":"POLICIAL MILITAR","cutis":"Branca","naturezasEnvolvidas":"Roubo (art. 157)"}],"naturezas":[{"especie":"Título II - Patrimônio (arts. 155 a 183)","descricao":"Roubo (art. 157)","desdobramentos":"§3o. Se da violência resulta morte:"}],"categoria":"LATROCINIO"}