{"idBO":"2014-20145-735","numero":"735","idDelegacia":"20145","tipoBoletim":"Principal","dependencia":"45º D.P. V BRASILANDIA","local":"R IRINEU MACIEL, 90 - VILA BRASILÂNDIA - S.PAULO - SP","tipoLocal":"Via pública","circunscricao":"45º D.P. V BRASILANDIA","dataOcorrencia":"15/03/2014","turnoOcorrencia":"A NOITE","dataComunicacao":"17/03/2014","horaComunicacao":"15:34","dataElaboracao":"17/03/2014","horaElaboracao":"15:38","flagrante":"Não","examesRequisitados":"IML","solucao":"ENCAM FEBEM/V.INFAN.JUVENTUDE","partesEnvolvidas":[{"nome":"DANIEL ALEXANDRE FEIJO","tipoEnvolvimento":"Vítima","rg":"43634561-SP","naturalidade":"S.PAULO -SP","sexo":"Masculino","dataNascimento":"12/06/1981","idade":"32","estadoCivil":"Casado","instrucao":"1 Grau completo","profissao":"JARDINEIRO(A)","cutis":"Parda","naturezasEnvolvidas":"A.I.-Homicídio simples (art. 121)"}],"naturezas":[{"especie":"Ato infracional","descricao":"A.I.-Homicídio simples (art. 121)"}],"categoria":"HOMICIDIO_DOLOSO"}