{"idBO":"2014-30427-2251","numero":"2251","idDelegacia":"30427","tipoBoletim":"Principal","dependencia":"01º D.P. CARAPICUIBA","local":"R DONA NAZARETH, 46 - - CARAPICUIBA - SP","tipoLocal":"Via pública","circunscricao":"02º D.P. CARAPICUIBA","dataOcorrencia":"27/02/2014","turnoOcorrencia":"DE MADRUGADA","dataComunicacao":"27/02/2014","horaComunicacao":"01:48","dataElaboracao":"27/02/2014","horaElaboracao":"01:50","flagrante":"Não","examesRequisitados":"IC-IML","solucao":"BO PARA INVESTIGAÇÃO","partesEnvolvidas":[{"nome":"GEOVANI LOURENCO DA SILVA","tipoEnvolvimento":"Vítima","rg":"49064081-SP","naturalidade":"OSASCO -SP","nacionalidade":"BRASILEIRA","sexo":"Masculino","dataNascimento":"04/05/1993","idade":"20","estadoCivil":"Solteiro","instrucao":"1 Grau completo","profissao":"DESEMPREGADO","cutis":"Branca","naturezasEnvolvidas":"Homicídio simples (art. 121)"}],"naturezas":[{"especie":"Título I - Pessoa (arts. 121 a 154)","descricao":"Homicídio simples (art. 121)"}],"categoria":"HOMICIDIO_DOLOSO"}