{"idBO":"2014-10373-1729","numero":"1729","idDelegacia":"10373","tipoBoletim":"Principal","dependencia":"100º D.P. JDIM HERCULANO","local":"RUA DO MAGISTERIO, 10 - JD UNIÃO - CEP: 04930030 - S.PAULO - SP","tipoLocal":"Via pública","circunscricao":"100º D.P. JDIM HERCULANO","dataOcorrencia":"28/04/2014","turnoOcorrencia":"PELA MANHÃ","dataComunicacao":"28/04/2014","horaComunicacao":"09:57","dataElaboracao":"28/04/2014","horaElaboracao":"10:31","flagrante":"Não","examesRequisitados":"IC-IML","solucao":"BO PARA REGISTRO","partesEnvolvidas":[{"nome":"WILLIAM FERNANDES GOMES","tipoEnvolvimento":"Vítima","rg":"43382178-SP","naturalidade":"S.PAULO -SP","nacionalidade":"BRASILEIRA","sexo":"Masculino","dataNascimento":"16/06/1987","idade":"26","estadoCivil":"Solteiro","instrucao":"2 Grau completo","profissao":"OPERADOR(A) TELEMARKETING","cutis":"Branca","naturezasEnvolvidas":"Homicídio simples (art. 121)"}],"naturezas":[{"especie":"Título I - Pessoa (arts. 121 a 154)","descricao":"Homicídio simples (art. 121)"}],"categoria":"HOMICIDIO_DOLOSO"}