{"idBO":"2014-30403-5490","numero":"5490","idDelegacia":"30403","tipoBoletim":"Principal","dependencia":"DEL.POL.COTIA","local":"ESTRADA DA BARRAGEM - JD MARANHÃO - CEP: 06700000 - COTIA - SP","tipoLocal":"Via pública","circunscricao":"DEL.POL.COTIA","dataOcorrencia":"04/09/2014","turnoOcorrencia":"EM HORA INCERTA","dataComunicacao":"04/09/2014","horaComunicacao":"11:25","dataElaboracao":"04/09/2014","horaElaboracao":"11:30","flagrante":"Não","examesRequisitados":"IC-IML","solucao":"BO PARA INVESTIGAÇÃO","partesEnvolvidas":[{"sexo":"Masculino","idade":"0","cutis":"Parda","naturezasEnvolvidas":"Homicídio simples (art. 121)"}],"naturezas":[{"especie":"Título I - Pessoa (arts. 121 a 154)","descricao":"Homicídio simples (art. 121)"}],"categoria":"HOMICIDIO_DOLOSO"}