{"idBO":"2014-100907-5481","numero":"5481","idDelegacia":"100907","tipoBoletim":"Principal","dependencia":"DEL.SEC.SERTÃOZINHO PLANTÃO","local":"RUA ALFREDO FLORIDE, 81 - PARQUE DOS IPES - SERTAOZINHO - SP","tipoLocal":"Residência","circunscricao":"DEL.POL.SERTÃOZINHO","dataOcorrencia":"23/12/2014","turnoOcorrencia":"A NOITE","dataComunicacao":"24/12/2014","horaComunicacao":"02:39","dataElaboracao":"24/12/2014","horaElaboracao":"02:41","flagrante":"Sim","examesRequisitados":"IC-IML","solucao":"BO PARA FLAGRANTE","partesEnvolvidas":[{"nome":"JOSE TADEU DE FATIMA VIDAL","tipoEnvolvimento":"Vítima","rg":"7126088-SP","naturalidade":"TAIUVA -SP","nacionalidade":"BRASILEIRA","sexo":"Masculino","dataNascimento":"28/10/1953","idade":"61","estadoCivil":"Casado","instrucao":"1 Grau completo","profissao":"EMPRESARIO(A)","cutis":"Branca","naturezasEnvolvidas":"Roubo (art. 157)"}],"naturezas":[{"especie":"Título II - Patrimônio (arts. 155 a 183)","descricao":"Roubo (art. 157)","desdobramentos":"§3o. Se da violência resulta morte:"}],"categoria":"LATROCINIO"}