{"idBO":"2014-200100-621","numero":"621","idDelegacia":"200100","tipoBoletim":"Complementar","dependencia":"DHPP DIV. HOMICIDIOS","local":"RUA JOSE GUSTAVO PAIVA, 200 - JARDIM ANGELA - S.PAULO - SP","tipoLocal":"Via pública","circunscricao":"70º D.P. VILA EMA","dataOcorrencia":"01/09/2014","turnoOcorrencia":"PELA MANHÃ","dataComunicacao":"01/09/2014","horaComunicacao":"11:22","dataElaboracao":"01/09/2014","horaElaboracao":"11:24","flagrante":"Não","examesRequisitados":"IC-IML","solucao":"BO PARA INQUÉRITO","partesEnvolvidas":[{"nome":"NATALIA RODRIGUES DA SILVA","tipoEnvolvimento":"Vítima","rg":"44743620-SP","naturalidade":"S.PAULO -SP","nacionalidade":"BRASILEIRA","sexo":"Feminino","dataNascimento":"16/02/1994","idade":"20","estadoCivil":"Solteiro","instrucao":"2 Grau completo","profissao":"ESTUDANTE","cutis":"Parda","naturezasEnvolvidas":"Homicídio simples (art. 121)"}],"naturezas":[{"especie":"Título I - Pessoa (arts. 121 a 154)","descricao":"Homicídio simples (art. 121)"}],"numeroBoPrincipal":"4188","anoBoPrincipal":"2014","nomeDelegaciaBoPrincipal":"70º D.P. VILA EMA","categoria":"HOMICIDIO_DOLOSO"}