{"idBO":"2014-130504-46","numero":"46","idDelegacia":"130504","tipoBoletim":"Principal","dependencia":"DEL.INV.GER. JACAREI","local":"RUA MACHADO DE ASSIS - PARQUE DOS PRINCIPES - JACAREI - SP","tipoLocal":"Area não ocupada","circunscricao":"01º D.P. JACAREI","dataOcorrencia":"08/04/2014","turnoOcorrencia":"PELA MANHÃ","dataComunicacao":"08/04/2014","horaComunicacao":"13:26","dataElaboracao":"08/04/2014","horaElaboracao":"13:29","flagrante":"Não","examesRequisitados":"IC-IML","solucao":"BO PARA INQUÉRITO","partesEnvolvidas":[{"nome":"VANDILEA MARIA DA SILVA DE ANDRADE","tipoEnvolvimento":"Vítima","rg":"33857706-SP","naturalidade":"JACAREI -SP","nacionalidade":"BRASILEIRA","sexo":"Feminino","dataNascimento":"26/11/1977","idade":"36","estadoCivil":"Solteiro","instrucao":"2 Grau completo","cutis":"Branca","naturezasEnvolvidas":"Homicídio simples (art. 121)"}],"naturezas":[{"especie":"Título I - Pessoa (arts. 121 a 154)","descricao":"Homicídio simples (art. 121)"}],"categoria":"HOMICIDIO_DOLOSO"}