{"idBO":"2014-10335-5154","numero":"5154","idDelegacia":"10335","tipoBoletim":"Principal","dependencia":"72º D.P. VILA PENTEADO","circunscricao":"72º D.P. VILA PENTEADO","dataOcorrencia":"12/06/2014","turnoOcorrencia":"PELA MANHÃ","dataComunicacao":"12/06/2014","horaComunicacao":"11:42","dataElaboracao":"12/06/2014","horaElaboracao":"11:46","flagrante":"Não","examesRequisitados":"IC-IML","solucao":"BO PARA FLAGRANTE","partesEnvolvidas":[],"naturezas":[{"especie":"Título I - Pessoa (arts. 121 a 154)","descricao":"Homicídio qualificado (art. 121, §2o.)"},{"especie":"Título I - Pessoa (arts. 121 a 154)","descricao":"Lesão corporal de natureza \u0027GRAVÍSSIMA\u0027 (art. 129, §2o.)"},{"especie":"Título VIII - Incolumidade pública (arts. 250 a 285)","descricao":"Incêndio (art. 250, caput)"},{"especie":"Título VI - Dignidade Sexual (arts 213 a 234)","descricao":"Estupro (art.213)"}],"categoria":"HOMICIDIO_DOLOSO"}