{"idBO":"2014-30320-1532","numero":"1532","idDelegacia":"30320","tipoBoletim":"Principal","dependencia":"01º D.P. SUZANO","local":"RUA KIOSHE SEGAWA, 910 - VILA IPELÂNDIA - SUZANO - SP","tipoLocal":"Via pública","circunscricao":"01º D.P. SUZANO","dataOcorrencia":"12/12/2014","turnoOcorrencia":"A TARDE","dataComunicacao":"12/12/2014","horaComunicacao":"15:21","dataElaboracao":"12/12/2014","horaElaboracao":"15:23","flagrante":"Não","examesRequisitados":"IC-IML","solucao":"OFÍCIO","partesEnvolvidas":[{"nome":"DESCONHECIDO","tipoEnvolvimento":"Vítima","sexo":"Masculino","idade":"0","cutis":"Branca","naturezasEnvolvidas":"Homicídio simples (art. 121)"}],"naturezas":[{"especie":"Título I - Pessoa (arts. 121 a 154)","descricao":"Homicídio simples (art. 121)"}],"categoria":"HOMICIDIO_DOLOSO"}