{"idBO":"2014-30306-792","numero":"792","idDelegacia":"30306","tipoBoletim":"Principal","dependencia":"01º D.P. MOGI DAS CRUZES","local":"RUA MASUZO MANIWA, 177 - MOGILAR - MOGI DAS CRUZES - SP","tipoLocal":"Residência","circunscricao":"01º D.P. MOGI DAS CRUZES","dataOcorrencia":"10/02/2014","turnoOcorrencia":"EM HORA INCERTA","dataComunicacao":"10/02/2014","horaComunicacao":"12:50","dataElaboracao":"10/02/2014","horaElaboracao":"12:56","flagrante":"Sim","examesRequisitados":"IC-IML","solucao":"BO PARA FLAGRANTE","partesEnvolvidas":[{"nome":"MATHEUS DIAS DA SILVA","tipoEnvolvimento":"Vítima","rg":"54952239-SP","naturalidade":"SUZANO -SP","nacionalidade":"BRASILEIRA","sexo":"Masculino","dataNascimento":"26/06/2004","idade":"9","estadoCivil":"Solteiro","instrucao":"1 Grau incompleto","profissao":"ESTUDANTE","cutis":"Branca","naturezasEnvolvidas":"Homicídio simples (art. 121)"}],"naturezas":[{"especie":"Título I - Pessoa (arts. 121 a 154)","descricao":"Homicídio simples (art. 121)"}],"categoria":"HOMICIDIO_DOLOSO"}