{"idBO":"2014-30403-4317","numero":"4317","idDelegacia":"30403","tipoBoletim":"Principal","dependencia":"DEL.POL.COTIA","local":"ESTRADA DA UNIÃO - QUINTA DOS ANJICOS - COTIA - SP","tipoLocal":"Via pública","circunscricao":"DEL.POL.COTIA","dataOcorrencia":"09/07/2014","turnoOcorrencia":"PELA MANHÃ","dataComunicacao":"09/07/2014","horaComunicacao":"10:09","dataElaboracao":"09/07/2014","horaElaboracao":"10:25","flagrante":"Não","examesRequisitados":"IC-IML","solucao":"APRECIAÇÃO DO DELEGADO TITULAR","partesEnvolvidas":[{"sexo":"Masculino","idade":"0","cutis":"Branca","naturezasEnvolvidas":"Homicídio qualificado (art. 121, §2o.)"}],"naturezas":[{"especie":"Título I - Pessoa (arts. 121 a 154)","descricao":"Homicídio qualificado (art. 121, §2o.)"}],"categoria":"HOMICIDIO_DOLOSO"}