{"idBO":"2014-30427-1943","numero":"1943","idDelegacia":"30427","tipoBoletim":"Principal","dependencia":"01º D.P. CARAPICUIBA","local":"R CARAMURU, 149 - ALDEIA - CARAPICUIBA - SP","tipoLocal":"Via pública","circunscricao":"02º D.P. CARAPICUIBA","dataOcorrencia":"19/02/2014","turnoOcorrencia":"DE MADRUGADA","dataComunicacao":"19/02/2014","horaComunicacao":"03:23","dataElaboracao":"19/02/2014","horaElaboracao":"03:24","flagrante":"Não","examesRequisitados":"IC-IML","solucao":"BO PARA INVESTIGAÇÃO","partesEnvolvidas":[{"nome":"MULHER BRANCA MEDIANA 20 A 30 A","tipoEnvolvimento":"Vítima","sexo":"Feminino","idade":"0","cutis":"Branca","naturezasEnvolvidas":"Homicídio simples (art. 121)"}],"naturezas":[{"especie":"Título I - Pessoa (arts. 121 a 154)","descricao":"Homicídio simples (art. 121)"}],"categoria":"HOMICIDIO_DOLOSO"}