{"idBO":"2014-30126-450","numero":"450","idDelegacia":"30126","tipoBoletim":"Principal","dependencia":"06º D.P. S.BERNARDO DO CAMPO","local":"ESTRADA DO MONTANHAO S/Nº - BARALDI - S.BERNARDO DO CAMPO - SP","tipoLocal":"Area não ocupada","circunscricao":"06º D.P. S.BERNARDO DO CAMPO","dataOcorrencia":"13/02/2014","turnoOcorrencia":"PELA MANHÃ","dataComunicacao":"13/02/2014","horaComunicacao":"15:25","dataElaboracao":"13/02/2014","horaElaboracao":"15:33","flagrante":"Não","examesRequisitados":"IC-IML","solucao":"BO PARA INVESTIGAÇÃO","partesEnvolvidas":[{"nome":"D E S C O N H E C I D O","tipoEnvolvimento":"Vítima","sexo":"Masculino","idade":"0","cutis":"Parda","naturezasEnvolvidas":"Homicídio simples (art. 121)"}],"naturezas":[{"especie":"Título I - Pessoa (arts. 121 a 154)","descricao":"Homicídio simples (art. 121)"}],"categoria":"HOMICIDIO_DOLOSO"}