{"idBO":"2014-100310-1555","numero":"1555","idDelegacia":"100310","tipoBoletim":"Complementar","dependencia":"DEL.POL.MIGUELOPOLIS","local":"RUA JUEDE MOISÉS, 366 - SUMARE - CEP: 14530000 - MIGUELOPOLIS - SP","tipoLocal":"Residência","circunscricao":"DEL.POL.MIGUELOPOLIS","dataOcorrencia":"29/08/2014","turnoOcorrencia":"A NOITE","dataComunicacao":"01/09/2014","horaComunicacao":"09:50","dataElaboracao":"01/09/2014","horaElaboracao":"10:00","flagrante":"Não","examesRequisitados":"IC-IML","solucao":"BO PARA ADENDO","partesEnvolvidas":[{"nome":"ADELSO TOSTA SILVA","tipoEnvolvimento":"Vítima","rg":"23254933-SP","naturalidade":"MIGUELOPOLIS -SP","nacionalidade":"BRASILEIRA","sexo":"Masculino","dataNascimento":"02/02/1970","idade":"44","cutis":"Branca","naturezasEnvolvidas":"Homicídio simples (art. 121)"}],"naturezas":[{"especie":"Título I - Pessoa (arts. 121 a 154)","descricao":"Homicídio simples (art. 121)"}],"numeroBoPrincipal":"1538","anoBoPrincipal":"2014","nomeDelegaciaBoPrincipal":"DEL.POL.MIGUELOPOLIS","categoria":"HOMICIDIO_DOLOSO"}