{"idBO":"2014-30302-6668","numero":"6668","idDelegacia":"30302","tipoBoletim":"Principal","dependencia":"DEL.POL.FERRAZ DE VASCONCELOS","local":"RUA NICOLAU DE LÉO, 1 - JD FREIRE - FERRAZ DE VASCONCELOS - SP","tipoLocal":"Via pública","circunscricao":"01º D.P. FERRAZ VASCONCELOS","dataOcorrencia":"26/12/2014","turnoOcorrencia":"A NOITE","dataComunicacao":"27/12/2014","horaComunicacao":"00:32","dataElaboracao":"27/12/2014","horaElaboracao":"00:48","flagrante":"Não","examesRequisitados":"IML","solucao":"BO PARA INQUÉRITO","partesEnvolvidas":[{"nome":"JAMES WALKER SAMOS GUARDIA","tipoEnvolvimento":"Vítima","rg":"42704731-SP","naturalidade":"S.PAULO -SP","nacionalidade":"BRASILEIRA","sexo":"Masculino","dataNascimento":"13/04/1994","idade":"20","estadoCivil":"Solteiro","instrucao":"2 Grau completo","cutis":"Parda","naturezasEnvolvidas":"Homicídio simples (art. 121)"}],"naturezas":[{"especie":"Título I - Pessoa (arts. 121 a 154)","descricao":"Homicídio simples (art. 121)"}],"categoria":"HOMICIDIO_DOLOSO"}