{"idBO":"2014-10335-2370","numero":"2370","idDelegacia":"10335","tipoBoletim":"Complementar","dependencia":"72º D.P. VILA PENTEADO","local":"R SANTA CRUZ DO MONTE CASTELO, 5 - JD PARANA - S.PAULO - SP","tipoLocal":"Via pública","circunscricao":"72º D.P. VILA PENTEADO","dataOcorrencia":"26/08/2012","turnoOcorrencia":"A TARDE","dataComunicacao":"12/03/2014","horaComunicacao":"17:15","dataElaboracao":"12/03/2014","horaElaboracao":"17:22","flagrante":"Não","solucao":"BO PARA ADENDO","partesEnvolvidas":[{"nome":"VALNILO SOUZA SANTOS","tipoEnvolvimento":"Vítima","rg":"49387107-SP","naturalidade":"ITAGIBA -BA","nacionalidade":"BRASILEIRA","sexo":"Masculino","dataNascimento":"08/08/1990","idade":"23","estadoCivil":"Solteiro","instrucao":"1 Grau completo","profissao":"PINTOR(A)","cutis":"Parda","naturezasEnvolvidas":"Homicídio simples (art. 121)"}],"naturezas":[{"especie":"Título I - Pessoa (arts. 121 a 154)","descricao":"Homicídio simples (art. 121)"}],"numeroBoPrincipal":"7639","anoBoPrincipal":"2012","nomeDelegaciaBoPrincipal":"72º D.P. VILA PENTEADO","categoria":"HOMICIDIO_DOLOSO"}