{"idBO":"2014-200100-899","numero":"899","idDelegacia":"200100","tipoBoletim":"Complementar","dependencia":"DHPP DIV. HOMICIDIOS","local":"RUA YOSHIMARA MINAMOTO, 514 - JD SÃO LUIS - S.PAULO - SP","tipoLocal":"Via pública","circunscricao":"92º D.P. P. STO ANTONIO","dataOcorrencia":"20/12/2014","turnoOcorrencia":"A NOITE","dataComunicacao":"21/12/2014","horaComunicacao":"05:09","dataElaboracao":"21/12/2014","horaElaboracao":"05:09","flagrante":"Não","examesRequisitados":"IC-IML","solucao":"BO PARA INQUÉRITO","partesEnvolvidas":[{"nome":"OSEIAS SOUSA TRISTAO","tipoEnvolvimento":"Vítima","rg":"43882278-SP","naturalidade":"S.PAULO -SP","nacionalidade":"BRASILEIRA","sexo":"Masculino","dataNascimento":"08/01/1983","idade":"31","cutis":"Preta","naturezasEnvolvidas":"Homicídio simples (art. 121)"}],"naturezas":[{"especie":"Título I - Pessoa (arts. 121 a 154)","descricao":"Homicídio simples (art. 121)"}],"numeroBoPrincipal":"13965","anoBoPrincipal":"2014","nomeDelegaciaBoPrincipal":"47º D.P. CAPAO REDONDO","categoria":"HOMICIDIO_DOLOSO"}