{"idBO":"2014-200100-136","numero":"136","idDelegacia":"200100","tipoBoletim":"Complementar","dependencia":"DHPP DIV. HOMICIDIOS","local":"TV TROPICANA - - S.PAULO - SP","tipoLocal":"Via pública","circunscricao":"49º D.P. SAO MATEUS","dataOcorrencia":"27/02/2014","turnoOcorrencia":"DE MADRUGADA","dataComunicacao":"27/02/2014","horaComunicacao":"11:57","dataElaboracao":"27/02/2014","horaElaboracao":"11:58","flagrante":"Não","examesRequisitados":"IC-IML","solucao":"BO PARA INQUÉRITO","partesEnvolvidas":[{"nome":"GISLANIO DA SILVA BATISTA","tipoEnvolvimento":"Vítima","rg":"33536635-SP","naturalidade":"SANTANA DO IPANEMA -AL","nacionalidade":"BRASILEIRA","sexo":"Masculino","dataNascimento":"18/04/1977","idade":"36","estadoCivil":"Solteiro","instrucao":"1 Grau completo","profissao":"AJUDANTE","cutis":"Preta","naturezasEnvolvidas":"Homicídio simples (art. 121)"},{"nome":"RONAN FERREIRA BENTO","tipoEnvolvimento":"Vítima","rg":"42867340-SP","naturalidade":"S.PAULO -SP","nacionalidade":"BRASILEIRA","sexo":"Masculino","dataNascimento":"10/06/1988","idade":"25","estadoCivil":"Solteiro","instrucao":"1 Grau completo","cutis":"Preta","naturezasEnvolvidas":"Homicídio simples (art. 121)"}],"naturezas":[{"especie":"Título I - Pessoa (arts. 121 a 154)","descricao":"Homicídio simples (art. 121)"}],"numeroBoPrincipal":"2539","anoBoPrincipal":"2014","nomeDelegaciaBoPrincipal":"49º D.P. SAO MATEUS","categoria":"HOMICIDIO_DOLOSO"}