{"idBO":"2014-10335-5283","numero":"5283","idDelegacia":"10335","tipoBoletim":"Complementar","dependencia":"72º D.P. VILA PENTEADO","circunscricao":"72º D.P. VILA PENTEADO","dataOcorrencia":"12/06/2014","turnoOcorrencia":"PELA MANHÃ","dataComunicacao":"16/06/2014","horaComunicacao":"12:01","dataElaboracao":"16/06/2014","horaElaboracao":"12:06","flagrante":"Não","examesRequisitados":"IC-IML","solucao":"BO PARA ADENDO","partesEnvolvidas":[],"naturezas":[{"especie":"Título I - Pessoa (arts. 121 a 154)","descricao":"Homicídio qualificado (art. 121, §2o.)"},{"especie":"Título VIII - Incolumidade pública (arts. 250 a 285)","descricao":"Incêndio (art. 250, caput)"},{"especie":"Título VI - Dignidade Sexual (arts 213 a 234)","descricao":"Estupro (art.213)"},{"especie":"Suicídio","descricao":"Suicídio tentado"}],"numeroBoPrincipal":"5154","anoBoPrincipal":"2014","nomeDelegaciaBoPrincipal":"72º D.P. VILA PENTEADO","categoria":"HOMICIDIO_DOLOSO"}