{"idBO":"2014-120607-9135","numero":"9135","idDelegacia":"120607","tipoBoletim":"Principal","dependencia":"PLANTÃO DE SOROCABA - Z. NORTE","local":"RUA JUVELINA MARIA DE BRITO, 311 - NOVA ESPERANÇA - SOROCABA - SP","tipoLocal":"Residência","circunscricao":"04º D.P. SOROCABA","dataOcorrencia":"14/09/2014","turnoOcorrencia":"A TARDE","dataComunicacao":"14/09/2014","horaComunicacao":"21:18","dataElaboracao":"14/09/2014","horaElaboracao":"21:20","flagrante":"Não","examesRequisitados":"IC-IML","solucao":"BO PARA INQUÉRITO","partesEnvolvidas":[{"nome":"ADEMAR DA SILVA COIMBRA","tipoEnvolvimento":"Vítima","rg":"21082618-SP","naturalidade":"ITAPEVA -SP","nacionalidade":"BRASILEIRA","sexo":"Masculino","dataNascimento":"08/10/1963","idade":"50","estadoCivil":"Separado","profissao":"PINTOR(A)","cutis":"Parda","naturezasEnvolvidas":"Homicídio qualificado (art. 121, §2o.)"}],"naturezas":[{"especie":"Título I - Pessoa (arts. 121 a 154)","descricao":"Homicídio qualificado (art. 121, §2o.)"}],"categoria":"HOMICIDIO_DOLOSO"}