{"idBO":"2014-10371-9254","numero":"9254","idDelegacia":"10371","tipoBoletim":"Principal","dependencia":"98º D.P. JARDIM MIRIAM","local":"ESTRADA DO ALVARENGA, 5700 - PEDREIRA - S.PAULO - SP","tipoLocal":"Via pública","circunscricao":"98º D.P. JARDIM MIRIAM","dataOcorrencia":"18/10/2014","turnoOcorrencia":"A TARDE","dataComunicacao":"18/10/2014","horaComunicacao":"14:17","dataElaboracao":"18/10/2014","horaElaboracao":"14:19","flagrante":"Não","examesRequisitados":"IC-IML","solucao":"BO PARA INVESTIGAÇÃO","partesEnvolvidas":[{"nome":"GIOMA ALVES GOMES","tipoEnvolvimento":"Vítima","rg":"170723189-CE","naturalidade":"TAUÁ","nacionalidade":"BRASILEIRA","sexo":"Masculino","dataNascimento":"05/05/1973","idade":"41","estadoCivil":"Ignorado","instrucao":"1 Grau completo","cutis":"Branca","naturezasEnvolvidas":"Homicídio simples (art. 121)"},{"nome":"LUCIANA REIS DOS SANTOS","tipoEnvolvimento":"Vítima","rg":"001331619009-BA","naturalidade":"AURELINO LEAL -BA","nacionalidade":"BRASILEIRA","sexo":"Masculino","dataNascimento":"01/04/1986","idade":"28","estadoCivil":"Convivente","instrucao":"1 Grau incompleto","profissao":"CABELEIREIRO(A)","cutis":"Parda","naturezasEnvolvidas":"Homicídio simples (art. 121)"}],"naturezas":[{"especie":"Título I - Pessoa (arts. 121 a 154)","descricao":"Homicídio simples (art. 121)"}],"categoria":"HOMICIDIO_DOLOSO"}