{"idBO":"2014-200100-117","numero":"117","idDelegacia":"200100","tipoBoletim":"Complementar","dependencia":"DHPP DIV. HOMICIDIOS","local":"AV TEODORO BERNARDO DO NASCIMENTO, 330 - - S.PAULO - SP","tipoLocal":"Via pública","circunscricao":"67º D.P. JARDIM ROBRU","dataOcorrencia":"15/02/2014","turnoOcorrencia":"DE MADRUGADA","dataComunicacao":"15/02/2014","horaComunicacao":"17:38","dataElaboracao":"15/02/2014","horaElaboracao":"17:47","flagrante":"Não","examesRequisitados":"IC-IML","solucao":"BO PARA ADENDO","partesEnvolvidas":[{"nome":"WILSON MONTEIRO DA SILVA","tipoEnvolvimento":"Vítima","rg":"19604181-SP","naturalidade":"S.PAULO -SP","nacionalidade":"BRASILEIRA","sexo":"Masculino","dataNascimento":"13/05/1967","idade":"46","estadoCivil":"Casado","instrucao":"1 Grau completo","profissao":"MOTORISTA","cutis":"Branca"}],"naturezas":[{"especie":"Título II - Patrimônio (arts. 155 a 183)","descricao":"Roubo (art. 157)","desdobramentos":"§3o. Se da violência resulta morte:"}],"numeroBoPrincipal":"116","anoBoPrincipal":"2014","nomeDelegaciaBoPrincipal":"DHPP DIV. HOMICIDIOS","categoria":"LATROCINIO"}