{"idBO":"2014-30407-6702","numero":"6702","idDelegacia":"30407","tipoBoletim":"Principal","dependencia":"DEL.POL.ITAPEVI","local":"RUA PORTO SEGURO - JD JULIETA - ITAPEVI - SP","tipoLocal":"Via pública","circunscricao":"DEL.POL.ITAPEVI","dataOcorrencia":"08/12/2014","turnoOcorrencia":"A NOITE","dataComunicacao":"08/12/2014","horaComunicacao":"22:12","dataElaboracao":"08/12/2014","horaElaboracao":"22:13","flagrante":"Não","examesRequisitados":"IC-IML","solucao":"APRECIAÇÃO DO DELEGADO TITULAR","partesEnvolvidas":[{"nome":"FERNANDO RODRIGUES GUEDES","tipoEnvolvimento":"Vítima","rg":"48769895-SP","naturalidade":"S.PAULO -SP","sexo":"Masculino","dataNascimento":"08/05/1993","idade":"21","estadoCivil":"Solteiro","instrucao":"2 Grau completo","profissao":"NAO INFORMADA","cutis":"Parda","naturezasEnvolvidas":"Homicídio simples (art. 121)"}],"naturezas":[{"especie":"Título I - Pessoa (arts. 121 a 154)","descricao":"Homicídio simples (art. 121)"}],"categoria":"HOMICIDIO_DOLOSO"}