{"idBO":"2014-100307-499","numero":"499","idDelegacia":"100307","tipoBoletim":"Principal","dependencia":"DEL.POL.ITIRAPUA","local":"RUA SÍTIO SANTA RITA, 1 - ZONA RURAL - CEP: 14420000 - ITIRAPUA - SP","tipoLocal":"Unidade rural","circunscricao":"DEL.POL.ITIRAPUA","dataOcorrencia":"21/12/2014","turnoOcorrencia":"A TARDE","dataComunicacao":"21/12/2014","horaComunicacao":"16:11","dataElaboracao":"21/12/2014","horaElaboracao":"16:20","flagrante":"Não","solucao":"BO PARA INVESTIGAÇÃO","partesEnvolvidas":[{"nome":"A INDENTIFICAR","tipoEnvolvimento":"Vítima","sexo":"Masculino","idade":"0","cutis":"Branca","naturezasEnvolvidas":"Homicídio qualificado (art. 121, §2o.)"}],"naturezas":[{"especie":"Título I - Pessoa (arts. 121 a 154)","descricao":"Homicídio qualificado (art. 121, §2o.)"}],"categoria":"HOMICIDIO_DOLOSO"}