{"idBO":"2014-10373-2992","numero":"2992","idDelegacia":"10373","tipoBoletim":"Principal","dependencia":"100º D.P. JDIM HERCULANO","local":"RUA DOUTOR JOSE CARNEIRO VIANA, 90 - JARDIM ANGELA - S.PAULO - SP","tipoLocal":"Via pública","circunscricao":"100º D.P. JDIM HERCULANO","dataOcorrencia":"30/07/2014","turnoOcorrencia":"A TARDE","dataComunicacao":"30/07/2014","horaComunicacao":"18:52","dataElaboracao":"30/07/2014","horaElaboracao":"18:55","flagrante":"Não","examesRequisitados":"IC-IML","solucao":"BO PARA INQUÉRITO","partesEnvolvidas":[{"nome":"PAULO ALBERTO ARAUJO SANTOS","tipoEnvolvimento":"Vítima","rg":"40570080-SP","naturalidade":"S.PAULO -SP","sexo":"Masculino","dataNascimento":"17/12/1984","idade":"29","estadoCivil":"Solteiro","instrucao":"1 Grau completo","profissao":"MECANICO(A)","cutis":"Branca","naturezasEnvolvidas":"Homicídio simples (art. 121)"}],"naturezas":[{"especie":"Título I - Pessoa (arts. 121 a 154)","descricao":"Homicídio simples (art. 121)"}],"categoria":"HOMICIDIO_DOLOSO"}