{"idBO":"2014-20210-5821","numero":"5821","idDelegacia":"20210","tipoBoletim":"Principal","dependencia":"10º D.P. PENHA DE FRANCA","local":"RUA PASSO FUNDO, 59 - CANGAIBA - S.PAULO - SP","tipoLocal":"Residência","circunscricao":"10º D.P. PENHA DE FRANCA","dataOcorrencia":"13/06/2014","turnoOcorrencia":"DE MADRUGADA","dataComunicacao":"13/06/2014","horaComunicacao":"02:13","dataElaboracao":"13/06/2014","horaElaboracao":"02:15","flagrante":"Sim","examesRequisitados":"IC-IML","solucao":"BO PARA FLAGRANTE","partesEnvolvidas":[{"nome":"DIEGO DE OLIVEIRA ALMEIDA","tipoEnvolvimento":"Vítima","rg":"44309657-SP","naturalidade":"TATUI -SP","nacionalidade":"BRASILEIRA","sexo":"Masculino","dataNascimento":"09/10/1986","idade":"27","estadoCivil":"Solteiro","instrucao":"1 Grau completo","profissao":"AUTONOMO(A)","cutis":"Branca","naturezasEnvolvidas":"Homicídio qualificado (art. 121, §2o.)"}],"naturezas":[{"especie":"Título I - Pessoa (arts. 121 a 154)","descricao":"Homicídio qualificado (art. 121, §2o.)","desdobramentos":"IV - à traição ou mediante dissimulação ou outro recurso"}],"categoria":"HOMICIDIO_DOLOSO"}