{"idBO":"2014-10339-3185","numero":"3185","idDelegacia":"10339","tipoBoletim":"Principal","dependencia":"75º D.P. JARDIM ARPOADOR","local":"RUA RUBENS REIS REZENDE, 140 - JD ARPOADOR - S.PAULO - SP","tipoLocal":"Via pública","circunscricao":"75º D.P. JARDIM ARPOADOR","dataOcorrencia":"15/09/2014","turnoOcorrencia":"DE MADRUGADA","dataComunicacao":"15/09/2014","horaComunicacao":"09:26","dataElaboracao":"15/09/2014","horaElaboracao":"09:28","flagrante":"Sim","examesRequisitados":"IC-IML","solucao":"BO PARA FLAGRANTE","partesEnvolvidas":[{"nome":"MARIA JOSE DE JESUS DOS SANTOS","tipoEnvolvimento":"Vítima","rg":"17434625-SP","naturalidade":"SÃO PAULO-SP.","nacionalidade":"BRASILEIRA","sexo":"Feminino","dataNascimento":"20/02/1952","idade":"62","estadoCivil":"Viuvo","instrucao":"2 Grau completo","profissao":"SERVIDOR PUBLICO MUNICIPAL","cutis":"Parda","naturezasEnvolvidas":"Homicídio simples (art. 121)"}],"naturezas":[{"especie":"Título I - Pessoa (arts. 121 a 154)","descricao":"Homicídio simples (art. 121)"},{"especie":"Título I - Pessoa (arts. 121 a 154)","descricao":"Lesão corporal de natureza GRAVE (art. 129, §1o.)"},{"especie":"L 9503/97 - Código de Trânsito Brasileiro","descricao":"Embriaguez ao volante (Art. 306)"}],"categoria":"HOMICIDIO_DOLOSO"}