{"idBO":"2014-310101-1337","numero":"1337","idDelegacia":"310101","tipoBoletim":"Principal","dependencia":"DEL.POL.CAJATI","local":"SEM TIPO MATA ATLANTICA - BOA VISTA, KM 15 - CEP: 11950000 - CAJATI - SP","tipoLocal":"Unidade rural","circunscricao":"DEL.POL.CAJATI","dataOcorrencia":"11/10/2014","turnoOcorrencia":"A TARDE","dataComunicacao":"11/10/2014","horaComunicacao":"23:05","dataElaboracao":"11/10/2014","horaElaboracao":"23:31","flagrante":"Sim","examesRequisitados":"IC-IML","solucao":"BO PARA FLAGRANTE","partesEnvolvidas":[{"nome":"LONGINO JORGE DE MORAES","tipoEnvolvimento":"Vítima","naturalidade":"ELDORADO-SP","nacionalidade":"BRASILEIRA","sexo":"Masculino","idade":"40","estadoCivil":"Casado","instrucao":"1 Grau incompleto","profissao":"LAVRADOR(A)","cutis":"Branca","naturezasEnvolvidas":"Homicídio simples (art. 121)"}],"naturezas":[{"especie":"Título I - Pessoa (arts. 121 a 154)","descricao":"Homicídio simples (art. 121)"}],"categoria":"HOMICIDIO_DOLOSO"}