{"idBO":"2014-130504-76","numero":"76","idDelegacia":"130504","tipoBoletim":"Complementar","dependencia":"DEL.INV.GER. JACAREI","local":"RUA CAMPOS DO JORDÃO, 186 - CID SALVADOR - JACAREI - SP","tipoLocal":"Via pública","circunscricao":"01º D.P. JACAREI","dataOcorrencia":"05/06/2014","turnoOcorrencia":"PELA MANHÃ","dataComunicacao":"05/06/2014","horaComunicacao":"13:21","dataElaboracao":"05/06/2014","horaElaboracao":"13:23","flagrante":"Não","examesRequisitados":"IC-IML","solucao":"BO PARA ADENDO","partesEnvolvidas":[{"nome":"EMILIO EDUARDO FAGUNDES DE ANDRADE","tipoEnvolvimento":"Vítima","rg":"33451200-SP","naturalidade":"JACAREI -SP","nacionalidade":"BRASILEIRA","sexo":"Masculino","dataNascimento":"27/04/1976","idade":"38","estadoCivil":"Convivente","instrucao":"1 Grau incompleto","profissao":"SERVENTE","cutis":"Branca","naturezasEnvolvidas":"Homicídio simples (art. 121)"}],"naturezas":[{"especie":"Título I - Pessoa (arts. 121 a 154)","descricao":"Homicídio simples (art. 121)"}],"numeroBoPrincipal":"1858","anoBoPrincipal":"2014","nomeDelegaciaBoPrincipal":"DEL.SEC.JACAREI PLANTÃO","categoria":"HOMICIDIO_DOLOSO"}