{"idBO":"2014-10329-4297","numero":"4297","idDelegacia":"10329","tipoBoletim":"Principal","dependencia":"66º D.P. JDIM ARICANDUVA","local":"AVENIDA MAZZAROPI, 170 - ARICANDUVA - S.PAULO - SP","tipoLocal":"Area não ocupada","circunscricao":"66º D.P. JDIM ARICANDUVA","dataOcorrencia":"12/12/2014","turnoOcorrencia":"A TARDE","dataComunicacao":"12/12/2014","horaComunicacao":"15:50","dataElaboracao":"12/12/2014","horaElaboracao":"15:54","flagrante":"Não","examesRequisitados":"IML","solucao":"BO PARA INVESTIGAÇÃO","partesEnvolvidas":[{"nome":"VITIMA FATAL DESCONHECIDA","tipoEnvolvimento":"Vítima","sexo":"Feminino","idade":"0","cutis":"Parda","naturezasEnvolvidas":"Homicídio simples (art. 121)"}],"naturezas":[{"especie":"Título I - Pessoa (arts. 121 a 154)","descricao":"Homicídio simples (art. 121)"}],"categoria":"HOMICIDIO_DOLOSO"}