{"idBO":"2014-200100-908","numero":"908","idDelegacia":"200100","tipoBoletim":"Complementar","dependencia":"DHPP DIV. HOMICIDIOS","local":"VIADUTO JACEGUAI - REPUBLICA - S.PAULO - SP","tipoLocal":"Via pública","circunscricao":"05º D.P. ACLIMACAO","dataOcorrencia":"25/12/2014","turnoOcorrencia":"PELA MANHÃ","dataComunicacao":"25/12/2014","horaComunicacao":"12:47","dataElaboracao":"25/12/2014","horaElaboracao":"12:50","flagrante":"Não","examesRequisitados":"IC-IML","solucao":"BO PARA INQUÉRITO","partesEnvolvidas":[{"sexo":"Masculino","idade":"0","cutis":"Preta","naturezasEnvolvidas":"Homicídio simples (art. 121)"}],"naturezas":[{"especie":"Título I - Pessoa (arts. 121 a 154)","descricao":"Homicídio simples (art. 121)"}],"numeroBoPrincipal":"10908","anoBoPrincipal":"2014","nomeDelegaciaBoPrincipal":"78º D.P. JARDINS","categoria":"HOMICIDIO_DOLOSO"}