{"idBO":"2014-30304-5311","numero":"5311","idDelegacia":"30304","tipoBoletim":"Principal","dependencia":"DEL.POL.ITAQUAQUECETUBA","local":"RODOVIA MARIO COVAS - MANDI - ITAQUAQUECETUBA - SP","tipoLocal":"Area não ocupada","circunscricao":"DEL.POL.ITAQUAQUECETUBA","dataOcorrencia":"24/08/2014","turnoOcorrencia":"A TARDE","dataComunicacao":"24/08/2014","horaComunicacao":"20:11","dataElaboracao":"24/08/2014","horaElaboracao":"20:14","flagrante":"Não","examesRequisitados":"IC-IML","solucao":"APRECIAÇÃO DO DELEGADO TITULAR","partesEnvolvidas":[{"sexo":"Masculino","idade":"0","cutis":"Parda","naturezasEnvolvidas":"Homicídio simples (art. 121)"}],"naturezas":[{"especie":"Título I - Pessoa (arts. 121 a 154)","descricao":"Homicídio simples (art. 121)"}],"categoria":"HOMICIDIO_DOLOSO"}