{"idBO":"2014-10102-6839","numero":"6839","idDelegacia":"10102","tipoBoletim":"Principal","dependencia":"02º D.P. BOM RETIRO","local":"RUA CONSELHEIRO NEBIAS, 1280 - SANTA CECILIA - S.PAULO - SP","tipoLocal":"Restaurante e afins","circunscricao":"77º D.P. SANTA CECILIA","dataOcorrencia":"06/11/2014","turnoOcorrencia":"A NOITE","dataComunicacao":"07/11/2014","horaComunicacao":"00:23","dataElaboracao":"07/11/2014","horaElaboracao":"00:27","flagrante":"Não","examesRequisitados":"IC-IML","solucao":"ENCAMINHAMENTO DP ÁREA DO FATO","partesEnvolvidas":[{"nome":"RAMON RIBEIRO DE SOUZA","tipoEnvolvimento":"Vítima","rg":"50595391-SP","naturalidade":"S.PAULO -SP","nacionalidade":"BRASILEIRA","sexo":"Masculino","dataNascimento":"12/08/1997","idade":"17","estadoCivil":"Solteiro","instrucao":"2 Grau completo","profissao":"OFFICE-BOY","cutis":"Branca","naturezasEnvolvidas":"Roubo (art. 157)"}],"naturezas":[{"especie":"Título II - Patrimônio (arts. 155 a 183)","descricao":"Roubo (art. 157)","desdobramentos":"§3o. Se da violência resulta morte:"}],"categoria":"LATROCINIO"}