{"idBO":"2014-30306-6592","numero":"6592","idDelegacia":"30306","tipoBoletim":"Principal","dependencia":"01º D.P. MOGI DAS CRUZES","local":"RUA PROFESSOR FLAVIANO DE MELO - CENTRO - MOGI DAS CRUZES - SP","tipoLocal":"Comércio e serviços","circunscricao":"01º D.P. MOGI DAS CRUZES","dataOcorrencia":"20/02/2014","turnoOcorrencia":"PELA MANHÃ","dataComunicacao":"20/12/2014","horaComunicacao":"14:30","dataElaboracao":"20/12/2014","horaElaboracao":"14:35","flagrante":"Não","examesRequisitados":"IC-IML","solucao":"APRECIAÇÃO DO DELEGADO TITULAR","partesEnvolvidas":[{"nome":"ALBERTO BATISTA DE ALMEIDA","tipoEnvolvimento":"Vítima","naturalidade":"MOGI DAS CRUZES","nacionalidade":"BRASILEIRA","sexo":"Masculino","dataNascimento":"22/03/1966","idade":"47","estadoCivil":"Separado","profissao":"MARCENEIRO(A)","cutis":"Branca","naturezasEnvolvidas":"Homicídio simples (art. 121)"}],"naturezas":[{"especie":"Título I - Pessoa (arts. 121 a 154)","descricao":"Homicídio simples (art. 121)"}],"categoria":"HOMICIDIO_DOLOSO"}