{"idBO":"2014-10333-4959","numero":"4959","idDelegacia":"10333","tipoBoletim":"Principal","dependencia":"33º D.P. PIRITUBA","local":"RUA RUBENS DE SOUZA ARAUJO, 30 - SAO DOMINGOS - S.PAULO - SP","tipoLocal":"Via pública","circunscricao":"33º D.P. PIRITUBA","dataOcorrencia":"01/07/2014","turnoOcorrencia":"A NOITE","dataComunicacao":"01/07/2014","horaComunicacao":"22:15","dataElaboracao":"01/07/2014","horaElaboracao":"22:20","flagrante":"Sim","examesRequisitados":"IC-IML","solucao":"BO PARA FLAGRANTE","partesEnvolvidas":[{"nome":"MARCOS ANTONIO DA SILVA","tipoEnvolvimento":"Vítima","rg":"30529311-SP","naturalidade":"S.PAULO -SP","nacionalidade":"BRASILEIRA","sexo":"Masculino","dataNascimento":"07/11/1983","idade":"30","estadoCivil":"Solteiro","instrucao":"1 Grau completo","cutis":"Parda","naturezasEnvolvidas":"Homicídio qualificado (art. 121, §2o.)"}],"naturezas":[{"especie":"Título I - Pessoa (arts. 121 a 154)","descricao":"Homicídio qualificado (art. 121, §2o.)","desdobramentos":"IV - à traição ou mediante dissimulação ou outro recurso"},{"especie":"Título I - Pessoa (arts. 121 a 154)","descricao":"Homicídio qualificado (art. 121, §2o.)","desdobramentos":"V - para assegurar a execução/ocultação/impunidade/vantagem de outro crime"},{"especie":"L 10826/03 - Estatuto do Desarmamento","descricao":"Posse ou porte ilegal de arma de fogo de uso restrito (Art. 16)"},{"especie":"Título XI - Administração pública (arts. 312 a 359-H)","descricao":"Resistência (art. 329)"}],"categoria":"HOMICIDIO_DOLOSO"}