{"idBO":"2014-20128-4783","numero":"4783","idDelegacia":"20128","tipoBoletim":"Principal","dependencia":"28º D.P. FREGUESIA DO O","local":"RUA PEDRO DE OLIVEIRA SIMOES, 54 - FREGUESIA DO O - S.PAULO - SP","tipoLocal":"Residência","circunscricao":"28º D.P. FREGUESIA DO O","dataOcorrencia":"22/09/2014","turnoOcorrencia":"A NOITE","dataComunicacao":"20/10/2014","horaComunicacao":"16:37","dataElaboracao":"20/10/2014","horaElaboracao":"16:45","flagrante":"Não","examesRequisitados":"IC","solucao":"BO PARA REGISTRO","partesEnvolvidas":[{"nome":"JACQUELINE BATISTA DE OLIVEIRA","tipoEnvolvimento":"Vítima","rg":"45790571-SP","naturalidade":"S.PAULO -SP","nacionalidade":"BRASILEIRA","sexo":"Feminino","dataNascimento":"26/08/1988","idade":"26","estadoCivil":"Solteiro","instrucao":"2 Grau completo","cutis":"Parda","naturezasEnvolvidas":"Homicídio qualificado (art. 121, §2o.)"}],"naturezas":[{"especie":"Título I - Pessoa (arts. 121 a 154)","descricao":"Homicídio qualificado (art. 121, §2o.)","desdobramentos":"IV - à traição ou mediante dissimulação ou outro recurso"}],"categoria":"HOMICIDIO_DOLOSO"}