{"idBO":"2014-30124-7783","numero":"7783","idDelegacia":"30124","tipoBoletim":"Principal","dependencia":"01º D.P. MAUA","local":"AVENIDA PAPA JOÃO PAULO XXIII - PARQUE SÃO VICENTE - MAUA - SP","tipoLocal":"Via pública","circunscricao":"01º D.P. MAUA","dataOcorrencia":"10/10/2014","turnoOcorrencia":"PELA MANHÃ","dataComunicacao":"10/10/2014","horaComunicacao":"07:05","dataElaboracao":"10/10/2014","horaElaboracao":"07:07","flagrante":"Não","examesRequisitados":"IC-IML","solucao":"APRECIAÇÃO DO DELEGADO TITULAR","partesEnvolvidas":[{"sexo":"Masculino","idade":"0","cutis":"Branca","naturezasEnvolvidas":"Homicídio simples (art. 121)"}],"naturezas":[{"especie":"Título I - Pessoa (arts. 121 a 154)","descricao":"Homicídio simples (art. 121)"}],"categoria":"HOMICIDIO_DOLOSO"}