{"idBO":"2014-130411-920","numero":"920","idDelegacia":"130411","tipoBoletim":"Principal","dependencia":"DEL.POL.TREMEMBE","local":"RUA JOSÉ FERREIRA, 210 - PARQUE VERA CRUZ - CEP: 12120000 - TREMEMBE - SP","tipoLocal":"Via pública","circunscricao":"DEL.POL.TREMEMBE","dataOcorrencia":"29/04/2014","turnoOcorrencia":"A NOITE","dataComunicacao":"29/04/2014","horaComunicacao":"22:27","dataElaboracao":"29/04/2014","horaElaboracao":"23:13","flagrante":"Não","examesRequisitados":"IC-IML","solucao":"APRECIAÇÃO DO DELEGADO TITULAR","partesEnvolvidas":[{"nome":"LUAN DA SILVA RODRIGUES DE SOUZA","tipoEnvolvimento":"Vítima","rg":"38678077-SP","naturalidade":"TAUBATE","nacionalidade":"BRASILEIRA","sexo":"Masculino","dataNascimento":"04/06/1996","idade":"17","estadoCivil":"Solteiro","instrucao":"1 Grau completo","profissao":"ESTUDANTE","cutis":"Parda","naturezasEnvolvidas":"Homicídio simples (art. 121)"}],"naturezas":[{"especie":"Título I - Pessoa (arts. 121 a 154)","descricao":"Homicídio simples (art. 121)"},{"especie":"Título I - Pessoa (arts. 121 a 154)","descricao":"Homicídio simples (art. 121)"}],"categoria":"HOMICIDIO_DOLOSO"}