{"idBO":"2014-10353-8538","numero":"8538","idDelegacia":"10353","tipoBoletim":"Principal","dependencia":"53º D.P. PARQUE DO CARMO","local":"TRAVESSA SERINGAIS, 44 - GUAIANASES - S.PAULO - SP","tipoLocal":"Via pública","circunscricao":"44º D.P. GUAIANAZES","dataOcorrencia":"21/11/2014","turnoOcorrencia":"DE MADRUGADA","dataComunicacao":"21/11/2014","horaComunicacao":"04:17","dataElaboracao":"21/11/2014","horaElaboracao":"04:23","flagrante":"Não","solucao":"ENCAMINHAMENTO DP ÁREA DO FATO","partesEnvolvidas":[{"nome":"VITOR MAXIMO GOMES DA SILVA","tipoEnvolvimento":"Vítima","sexo":"Masculino","dataNascimento":"23/02/1997","idade":"17","cutis":"Branca","naturezasEnvolvidas":"Homicídio simples (art. 121)"}],"naturezas":[{"especie":"Título I - Pessoa (arts. 121 a 154)","descricao":"Homicídio simples (art. 121)"},{"especie":"Título I - Pessoa (arts. 121 a 154)","descricao":"Homicídio simples (art. 121)"}],"categoria":"HOMICIDIO_DOLOSO"}