{"idBO":"2014-10366-2331","numero":"2331","idDelegacia":"10366","tipoBoletim":"Principal","dependencia":"92º D.P. P. STO ANTONIO","local":"RUA FRANCISCO XAVIER DE SALES, 1179 - JD SÃO LUIS - S.PAULO - SP","tipoLocal":"Comércio e serviços","circunscricao":"92º D.P. P. STO ANTONIO","dataOcorrencia":"05/05/2014","turnoOcorrencia":"PELA MANHÃ","dataComunicacao":"05/05/2014","horaComunicacao":"11:46","dataElaboracao":"05/05/2014","horaElaboracao":"11:53","flagrante":"Não","solucao":"APRECIAÇÃO DO DELEGADO TITULAR","partesEnvolvidas":[{"nome":"GILSON PIRES","tipoEnvolvimento":"Vítima","rg":"27596413-SP","naturalidade":"S.PAULO -SP","sexo":"Masculino","dataNascimento":"21/09/1976","idade":"37","estadoCivil":"Solteiro","instrucao":"1 Grau completo","profissao":"PINTOR(A)","cutis":"Branca","naturezasEnvolvidas":"Homicídio simples (art. 121)"}],"naturezas":[{"especie":"Título II - Patrimônio (arts. 155 a 183)","descricao":"Roubo (art. 157)"},{"especie":"Título I - Pessoa (arts. 121 a 154)","descricao":"Homicídio simples (art. 121)"}],"categoria":"HOMICIDIO_DOLOSO"}