{"idBO":"2014-30440-1371","numero":"1371","idDelegacia":"30440","tipoBoletim":"Principal","dependencia":"10º D.P. OSASCO","local":"RODOVIA PRES CASTELO BRANCO, 17000 - ROCHDALLE - OSASCO - SP","tipoLocal":"Via pública","circunscricao":"03º D.P. OSASCO","dataOcorrencia":"16/03/2014","turnoOcorrencia":"DE MADRUGADA","dataComunicacao":"16/03/2014","horaComunicacao":"08:34","dataElaboracao":"16/03/2014","horaElaboracao":"08:35","flagrante":"Sim","examesRequisitados":"IC-IML","solucao":"BO PARA FLAGRANTE","partesEnvolvidas":[{"nome":"ANTONIO RAMOS DA SILVA","tipoEnvolvimento":"Vítima","rg":"28359942-SP","naturalidade":"OSASCO-SP","sexo":"Masculino","dataNascimento":"28/03/1978","idade":"35","estadoCivil":"Ignorado","instrucao":"1 Grau completo","profissao":"AUXILIAR DE MANUTENCAO","cutis":"Parda","naturezasEnvolvidas":"Homicídio simples (art. 121)"}],"naturezas":[{"especie":"Título I - Pessoa (arts. 121 a 154)","descricao":"Homicídio simples (art. 121)"},{"especie":"L 9503/97 - Código de Trânsito Brasileiro","descricao":"Embriaguez ao volante (Art. 306)"},{"especie":"L 9503/97 - Código de Trânsito Brasileiro","descricao":"Fuga de local de acidente (Art. 305)"}],"categoria":"HOMICIDIO_DOLOSO"}