{"idBO":"2014-30217-8981","numero":"8981","idDelegacia":"30217","tipoBoletim":"Principal","dependencia":"07º D.P. GUARULHOS","local":"ESTRADA GUARULHOS-ARUJÁ - JARDIM ALAMO - GUARULHOS - SP","tipoLocal":"Via pública","circunscricao":"07º D.P. GUARULHOS","dataOcorrencia":"10/12/2014","turnoOcorrencia":"A NOITE","dataComunicacao":"10/12/2014","horaComunicacao":"22:57","dataElaboracao":"10/12/2014","horaElaboracao":"23:00","flagrante":"Não","examesRequisitados":"IC-IML","solucao":"APRECIAÇÃO DO DELEGADO TITULAR","partesEnvolvidas":[{"nome":"WEIZER","tipoEnvolvimento":"Vítima","sexo":"Masculino","idade":"16","cutis":"Parda","naturezasEnvolvidas":"A.I.-Roubo (art. 157), Homicídio simples (art. 121), Homicídio simples (art. 121)"}],"naturezas":[{"especie":"Ato infracional","descricao":"A.I.-Roubo (art. 157)"},{"especie":"Título I - Pessoa (arts. 121 a 154)","descricao":"Homicídio simples (art. 121)"},{"especie":"Título I - Pessoa (arts. 121 a 154)","descricao":"Homicídio simples (art. 121)"}],"categoria":"HOMICIDIO_DOLOSO"}