{"idBO":"2014-200100-93","numero":"93","idDelegacia":"200100","tipoBoletim":"Complementar","dependencia":"DHPP DIV. HOMICIDIOS","local":"R ALTOS DO OITI, 200 - JD. MAIA - S.PAULO - SP","tipoLocal":"Residência","circunscricao":"59º D.P. JARDIM DOS IPES","dataOcorrencia":"02/02/2014","turnoOcorrencia":"PELA MANHÃ","dataComunicacao":"02/02/2014","horaComunicacao":"16:21","dataElaboracao":"02/02/2014","horaElaboracao":"16:22","flagrante":"Não","examesRequisitados":"IC-IML","solucao":"BO PARA INQUÉRITO","partesEnvolvidas":[{"nome":"RICARDO NERY LOPES","tipoEnvolvimento":"Vítima","rg":"33300841-SP","naturalidade":"S.PAULO/SP","nacionalidade":"BRASILEIRA","sexo":"Masculino","dataNascimento":"27/03/1980","idade":"33","estadoCivil":"Solteiro","instrucao":"2 Grau completo","profissao":"AUXILIAR DE LIMPEZA","cutis":"Parda","naturezasEnvolvidas":"Homicídio qualificado (art. 121, §2o.)"}],"naturezas":[{"especie":"Título I - Pessoa (arts. 121 a 154)","descricao":"Homicídio qualificado (art. 121, §2o.)"}],"numeroBoPrincipal":"1263","anoBoPrincipal":"2014","nomeDelegaciaBoPrincipal":"50º D.P. ITAIM PAULISTA","categoria":"HOMICIDIO_DOLOSO"}