{"idBO":"2014-200100-410","numero":"410","idDelegacia":"200100","tipoBoletim":"Complementar","dependencia":"DHPP DIV. HOMICIDIOS","local":"RUA PORTO SEGURO, 10 - CANTINHO DO CEU - S.PAULO - SP","tipoLocal":"Via pública","circunscricao":"101º D.P. JDIM IMBUIAS","dataOcorrencia":"29/05/2014","turnoOcorrencia":"A NOITE","dataComunicacao":"30/05/2014","horaComunicacao":"03:20","dataElaboracao":"30/05/2014","horaElaboracao":"03:21","flagrante":"Não","examesRequisitados":"IC-IML","solucao":"BO PARA INQUÉRITO","partesEnvolvidas":[{"nome":"CARLOS ALBERTO DIAS ALVES","tipoEnvolvimento":"Vítima","rg":"7057399-PE","naturalidade":"RECIFE","nacionalidade":"BRASILEIRA","sexo":"Masculino","dataNascimento":"27/11/1989","idade":"24","estadoCivil":"Convivente","instrucao":"1 Grau incompleto","profissao":"AJUDANTE","cutis":"Parda","naturezasEnvolvidas":"Homicídio simples (art. 121)"}],"naturezas":[{"especie":"Título I - Pessoa (arts. 121 a 154)","descricao":"Homicídio simples (art. 121)"}],"numeroBoPrincipal":"4963","anoBoPrincipal":"2014","nomeDelegaciaBoPrincipal":"101º D.P. JDIM IMBUIAS","categoria":"HOMICIDIO_DOLOSO"}