{"idBO":"2014-10216-13825","numero":"13825","idDelegacia":"10216","tipoBoletim":"Principal","dependencia":"16º D.P. VILA CLEMENTINO","local":"AVENIDA DAS JUNTAS PROVISORIAS, 1193 - IPIRANGA - S.PAULO - SP","tipoLocal":"Via pública","circunscricao":"17º D.P. DOUTOR ALDO GALIANO","dataOcorrencia":"06/12/2014","turnoOcorrencia":"PELA MANHÃ","dataComunicacao":"06/12/2014","horaComunicacao":"09:33","dataElaboracao":"06/12/2014","horaElaboracao":"09:38","flagrante":"Não","solucao":"ENCAMINHAMENTO DP ÁREA DO FATO","partesEnvolvidas":[{"sexo":"Masculino","idade":"0","cutis":"Branca","naturezasEnvolvidas":"Homicídio qualificado (art. 121, §2o.)"}],"naturezas":[{"especie":"Título I - Pessoa (arts. 121 a 154)","descricao":"Homicídio qualificado (art. 121, §2o.)","desdobramentos":"III - com emprego de meio insidioso ou cruel, ou de que resulte perigo comum"}],"categoria":"HOMICIDIO_DOLOSO"}