{"idBO":"2014-130504-158","numero":"158","idDelegacia":"130504","tipoBoletim":"Principal","dependencia":"DEL.INV.GER. JACAREI","local":"ESTRADA MUNICIPAL BIAGINO CHIEFFI - RIO ABAIXO - CEP: 12334480 - JACAREI - SP","tipoLocal":"Via pública","circunscricao":"02º D.P. JACAREI","dataOcorrencia":"29/09/2014","turnoOcorrencia":"A TARDE","dataComunicacao":"29/09/2014","horaComunicacao":"16:08","dataElaboracao":"29/09/2014","horaElaboracao":"16:26","flagrante":"Não","examesRequisitados":"IC-IML","solucao":"BO PARA INQUÉRITO","partesEnvolvidas":[{"nome":"MAGNO BENEDITO GOMES","tipoEnvolvimento":"Vítima","rg":"32358450-SP","naturalidade":"S.JOSE DOS CAMPOS -SP","nacionalidade":"BRASILEIRA","sexo":"Masculino","dataNascimento":"03/05/1977","idade":"37","estadoCivil":"Casado","instrucao":"1 Grau completo","profissao":"SERVENTE","cutis":"Branca","naturezasEnvolvidas":"Homicídio qualificado (art. 121, §2o.)"},{"nome":"HOMEM PARDO","tipoEnvolvimento":"Vítima","sexo":"Masculino","idade":"0","cutis":"Parda","naturezasEnvolvidas":"Homicídio qualificado (art. 121, §2o.)"}],"naturezas":[{"especie":"Título I - Pessoa (arts. 121 a 154)","descricao":"Homicídio qualificado (art. 121, §2o.)"}],"categoria":"HOMICIDIO_DOLOSO"}