{"idBO":"2014-30427-2207","numero":"2207","idDelegacia":"30427","tipoBoletim":"Principal","dependencia":"01º D.P. CARAPICUIBA","local":"EST DO JACARANDA, 360 - CIDADE ARISTON III - CARAPICUIBA - SP","tipoLocal":"Via pública","circunscricao":"02º D.P. CARAPICUIBA","dataOcorrencia":"25/02/2014","turnoOcorrencia":"A NOITE","dataComunicacao":"26/02/2014","horaComunicacao":"01:16","dataElaboracao":"26/02/2014","horaElaboracao":"01:18","flagrante":"Não","examesRequisitados":"IC-IML","solucao":"ENCAMINHAMENTO DP ÁREA DO FATO","partesEnvolvidas":[{"nome":"RAFAEL PEREIRA RIBEIRO","tipoEnvolvimento":"Vítima","rg":"48675477-SP","naturalidade":"CAIEIRAS -SP","nacionalidade":"BRASILEIRA","sexo":"Masculino","dataNascimento":"26/02/1984","idade":"30","estadoCivil":"Solteiro","instrucao":"1 Grau completo","profissao":"AJUDANTE DE COZINHA","cutis":"Parda","naturezasEnvolvidas":"Homicídio simples (art. 121)"}],"naturezas":[{"especie":"Título I - Pessoa (arts. 121 a 154)","descricao":"Homicídio simples (art. 121)"}],"categoria":"HOMICIDIO_DOLOSO"}