{"idBO":"2014-130315-1162","numero":"1162","idDelegacia":"130315","tipoBoletim":"Complementar","dependencia":"05º D.P. S.JOSE DOS CAMPOS","local":"ESTRADA MUNICIPAL MARTINS GUIMARAES, 2500 - VILA TESOURO - S.JOSE DOS CAMPOS - SP","tipoLocal":"Unidade rural","circunscricao":"05º D.P. S.JOSE DOS CAMPOS","dataOcorrencia":"31/10/2014","turnoOcorrencia":"A TARDE","dataComunicacao":"10/12/2014","horaComunicacao":"11:14","dataElaboracao":"10/12/2014","horaElaboracao":"11:22","flagrante":"Não","solucao":"BO PARA ADENDO","partesEnvolvidas":[{"nome":"NÃO IDENTIFICADO","tipoEnvolvimento":"Vítima","sexo":"Masculino","idade":"0","cutis":"Branca","naturezasEnvolvidas":"Homicídio qualificado (art. 121, §2o.)"}],"naturezas":[{"especie":"Título I - Pessoa (arts. 121 a 154)","descricao":"Homicídio qualificado (art. 121, §2o.)","desdobramentos":"II - por motivo fútil"}],"numeroBoPrincipal":"5972","anoBoPrincipal":"2014","nomeDelegaciaBoPrincipal":"01º D.P. S.JOSE DOS CAMPOS","categoria":"HOMICIDIO_DOLOSO"}