{"idBO":"2014-200100-296","numero":"296","idDelegacia":"200100","tipoBoletim":"Complementar","dependencia":"DHPP DIV. HOMICIDIOS","local":"AVENIDA FRANCISCO MACHADO DA SILVA - CACHOEIRINHA - S.PAULO - SP","tipoLocal":"Area não ocupada","circunscricao":"38º D.P. VILA AMALIA","dataOcorrencia":"17/04/2014","turnoOcorrencia":"PELA MANHÃ","dataComunicacao":"17/04/2014","horaComunicacao":"16:28","dataElaboracao":"17/04/2014","horaElaboracao":"16:30","flagrante":"Não","examesRequisitados":"IC-IML","solucao":"BO PARA INQUÉRITO","partesEnvolvidas":[{"nome":"DESCONHECIDA","tipoEnvolvimento":"Vítima","sexo":"Masculino","idade":"0","cutis":"Branca","naturezasEnvolvidas":"Homicídio simples (art. 121)"}],"naturezas":[{"especie":"Título I - Pessoa (arts. 121 a 154)","descricao":"Homicídio simples (art. 121)"}],"numeroBoPrincipal":"1741","anoBoPrincipal":"2014","nomeDelegaciaBoPrincipal":"38º D.P. VILA AMALIA","categoria":"HOMICIDIO_DOLOSO"}