{"idBO":"2014-20250-5874","numero":"5874","idDelegacia":"20250","tipoBoletim":"Principal","dependencia":"50º D.P. ITAIM PAULISTA","local":"RUA FRANCISCO DE OLIVEIRA, 52 - GUAIANAZES - S.PAULO - SP","tipoLocal":"Via pública","circunscricao":"68º D.P. LAGEADO","dataOcorrencia":"03/06/2014","turnoOcorrencia":"A NOITE","dataComunicacao":"04/06/2014","horaComunicacao":"00:35","dataElaboracao":"04/06/2014","horaElaboracao":"00:45","flagrante":"Não","examesRequisitados":"IC-IML","solucao":"ENCAMINHAMENTO DP ÁREA DO FATO","partesEnvolvidas":[{"nome":"WAGNER RODRIGUES COSTA","tipoEnvolvimento":"Vítima","rg":"34517082-SP","naturalidade":"TOCANTINOPOLIS -TO","nacionalidade":"BRASILEIRA","sexo":"Masculino","dataNascimento":"20/08/1975","idade":"38","estadoCivil":"Solteiro","instrucao":"1 Grau completo","profissao":"AUTONOMO(A)","cutis":"Parda","naturezasEnvolvidas":"Homicídio simples (art. 121)"}],"naturezas":[{"especie":"Título I - Pessoa (arts. 121 a 154)","descricao":"Homicídio simples (art. 121)"}],"categoria":"HOMICIDIO_DOLOSO"}