{"idBO":"2014-110227-3216","numero":"3216","idDelegacia":"110227","tipoBoletim":"Principal","dependencia":"01º D.P. JALES","local":"RUA SETE, 2340 - CENTRO - JALES - SP","tipoLocal":"Via pública","circunscricao":"01º D.P. JALES","dataOcorrencia":"28/10/2014","turnoOcorrencia":"A NOITE","dataComunicacao":"28/10/2014","horaComunicacao":"20:10","dataElaboracao":"28/10/2014","horaElaboracao":"20:25","flagrante":"Não","examesRequisitados":"IC-IML","solucao":"BO PARA INVESTIGAÇÃO","partesEnvolvidas":[{"nome":"BENILSON SALVIONI BERNARDO","tipoEnvolvimento":"Vítima","rg":"6301984-PA","naturalidade":"SANTANA DO PARAÍBA-MT","nacionalidade":"BRASILEIRA","sexo":"Masculino","dataNascimento":"02/09/1961","idade":"53","estadoCivil":"Convivente","profissao":"CORRETOR(A)","cutis":"Branca","naturezasEnvolvidas":"Homicídio qualificado (art. 121, §2o.)"}],"naturezas":[{"especie":"Título I - Pessoa (arts. 121 a 154)","descricao":"Homicídio qualificado (art. 121, §2o.)"}],"categoria":"HOMICIDIO_DOLOSO"}