{"idBO":"2014-30404-58","numero":"58","idDelegacia":"30404","tipoBoletim":"Principal","dependencia":"DEL.POL.EMBU DAS ARTES","local":"R PAINEIRAS, 185 - JARDIM PINHEIRINHO - EMBU - SP","tipoLocal":"Residência","circunscricao":"DEL.POL.EMBU DAS ARTES","dataOcorrencia":"05/01/2014","turnoOcorrencia":"A TARDE","dataComunicacao":"05/01/2014","horaComunicacao":"18:44","dataElaboracao":"05/01/2014","horaElaboracao":"18:46","flagrante":"Não","examesRequisitados":"IML","solucao":"BO PARA INVESTIGAÇÃO","partesEnvolvidas":[{"nome":"LUIZ ANTÔNIO DE OLIVEIRA FILHO","tipoEnvolvimento":"Vítima","sexo":"Masculino","idade":"0","cutis":"Parda","naturezasEnvolvidas":"Homicídio simples (art. 121)"}],"naturezas":[{"especie":"Título I - Pessoa (arts. 121 a 154)","descricao":"Homicídio simples (art. 121)"}],"categoria":"HOMICIDIO_DOLOSO"}