{"idBO":"2014-10353-6084","numero":"6084","idDelegacia":"10353","tipoBoletim":"Principal","dependencia":"53º D.P. PARQUE DO CARMO","local":"RUA KEICHI MATSUMOTO, 446 - COLONIA JAPONESA - S.PAULO - SP","tipoLocal":"Via pública","circunscricao":"53º D.P. PARQUE DO CARMO","dataOcorrencia":"18/08/2014","turnoOcorrencia":"A TARDE","dataComunicacao":"18/08/2014","horaComunicacao":"16:15","dataElaboracao":"18/08/2014","horaElaboracao":"16:21","flagrante":"Não","examesRequisitados":"IC-IML","solucao":"APRECIAÇÃO DO DELEGADO TITULAR","partesEnvolvidas":[{"cutis":"Outros","naturezasEnvolvidas":"Homicídio qualificado (art. 121, §2o.), Incêndio (art. 250, caput)"}],"naturezas":[{"especie":"Título I - Pessoa (arts. 121 a 154)","descricao":"Homicídio qualificado (art. 121, §2o.)"},{"especie":"Título VIII - Incolumidade pública (arts. 250 a 285)","descricao":"Incêndio (art. 250, caput)"},{"especie":"Localização e/ou Devolução","descricao":"Localização/Apreensão de veículo"}],"categoria":"HOMICIDIO_DOLOSO"}