{"idBO":"2014-200100-262","numero":"262","idDelegacia":"200100","tipoBoletim":"Complementar","dependencia":"DHPP DIV. HOMICIDIOS","local":"RUA OCEANO PACÍFICO, 168 - JD NOVO HORIZONTE - S.PAULO - SP","tipoLocal":"Via pública","circunscricao":"25º D.P. PARELHEIROS","dataOcorrencia":"06/04/2014","turnoOcorrencia":"DE MADRUGADA","dataComunicacao":"06/04/2014","horaComunicacao":"16:47","dataElaboracao":"06/04/2014","horaElaboracao":"16:48","flagrante":"Não","examesRequisitados":"IC-IML","solucao":"BO PARA INQUÉRITO","partesEnvolvidas":[{"nome":"WELSON CONCEICAO SOUZA","tipoEnvolvimento":"Vítima","rg":"55254192-SP","naturalidade":"ALAGOINHAS -BA","nacionalidade":"BRASILEIRA","sexo":"Masculino","dataNascimento":"18/03/1980","idade":"34","estadoCivil":"Convivente","instrucao":"1 Grau completo","profissao":"COMERCIANTE","cutis":"Parda","naturezasEnvolvidas":"Homicídio simples (art. 121)"}],"naturezas":[{"especie":"Título I - Pessoa (arts. 121 a 154)","descricao":"Homicídio simples (art. 121)"}],"numeroBoPrincipal":"3166","anoBoPrincipal":"2014","nomeDelegaciaBoPrincipal":"101º D.P. JDIM IMBUIAS","categoria":"HOMICIDIO_DOLOSO"}