{"idBO":"2014-30307-4054","numero":"4054","idDelegacia":"30307","tipoBoletim":"Principal","dependencia":"02º D.P. MOGI DAS CRUZES","local":"ESTRADA VOLTA FRIA - VOLTA FRIA - MOGI DAS CRUZES - SP","tipoLocal":"Area não ocupada","circunscricao":"02º D.P. MOGI DAS CRUZES","dataOcorrencia":"07/09/2014","turnoOcorrencia":"A NOITE","dataComunicacao":"08/09/2014","horaComunicacao":"02:10","dataElaboracao":"08/09/2014","horaElaboracao":"02:25","flagrante":"Não","examesRequisitados":"IC-IML","solucao":"APRECIAÇÃO DO DELEGADO TITULAR","partesEnvolvidas":[{"nome":"DESCONHECIDO","tipoEnvolvimento":"Vítima","sexo":"Masculino","idade":"0","cutis":"Branca","naturezasEnvolvidas":"Homicídio simples (art. 121)"}],"naturezas":[{"especie":"Título I - Pessoa (arts. 121 a 154)","descricao":"Homicídio simples (art. 121)"}],"categoria":"HOMICIDIO_DOLOSO"}