{"idBO":"2014-30306-6116","numero":"6116","idDelegacia":"30306","tipoBoletim":"Principal","dependencia":"01º D.P. MOGI DAS CRUZES","local":"RUA GOMES CARDIM, 486 - MOGI MODERNO - MOGI DAS CRUZES - SP","tipoLocal":"Saúde","circunscricao":"01º D.P. MOGI DAS CRUZES","dataOcorrencia":"21/11/2014","turnoOcorrencia":"A NOITE","dataComunicacao":"22/11/2014","horaComunicacao":"14:57","dataElaboracao":"22/11/2014","horaElaboracao":"14:58","flagrante":"Não","examesRequisitados":"IML","solucao":"APRECIAÇÃO DO DELEGADO TITULAR","partesEnvolvidas":[{"nome":"DOUGLAS HIDEKI KAMEOKA SANTOS","tipoEnvolvimento":"Vítima","rg":"32931926-SP","naturalidade":"MOGI DAS CRUZES -SP","nacionalidade":"BRASILEIRA","sexo":"Masculino","dataNascimento":"16/05/1991","idade":"23","estadoCivil":"Solteiro","instrucao":"2 Grau incompleto","profissao":"DESEMPREGADO(A)","cutis":"Branca","naturezasEnvolvidas":"Homicídio simples (art. 121)"}],"naturezas":[{"especie":"Título I - Pessoa (arts. 121 a 154)","descricao":"Homicídio simples (art. 121)"}],"categoria":"HOMICIDIO_DOLOSO"}