{"idBO":"2014-30304-2026","numero":"2026","idDelegacia":"30304","tipoBoletim":"Principal","dependencia":"DEL.POL.ITAQUAQUECETUBA","local":"RUA SEBASTIÃO FERREIRA DOS SANTOS, 94 - CENTRO - ITAQUAQUECETUBA - SP","tipoLocal":"Via pública","circunscricao":"DEL.POL.ITAQUAQUECETUBA","dataOcorrencia":"06/04/2014","turnoOcorrencia":"DE MADRUGADA","dataComunicacao":"06/04/2014","horaComunicacao":"05:30","dataElaboracao":"06/04/2014","horaElaboracao":"05:45","flagrante":"Não","examesRequisitados":"IC-IML","solucao":"APRECIAÇÃO DO DELEGADO TITULAR","partesEnvolvidas":[{"nome":"JOAO SEVERINO DA SILVA JUNIOR","tipoEnvolvimento":"Vítima","rg":"56326676-SP","naturalidade":"PALMARES -PE","nacionalidade":"BRASILEIRA","sexo":"Masculino","dataNascimento":"20/06/1982","idade":"31","estadoCivil":"Solteiro","instrucao":"1 Grau completo","profissao":"OPERADOR DE MAQUINAS","cutis":"Branca","naturezasEnvolvidas":"Homicídio simples (art. 121)"}],"naturezas":[{"especie":"Título I - Pessoa (arts. 121 a 154)","descricao":"Homicídio simples (art. 121)"}],"categoria":"HOMICIDIO_DOLOSO"}