{"idBO":"2014-30403-3894","numero":"3894","idDelegacia":"30403","tipoBoletim":"Principal","dependencia":"DEL.POL.COTIA","local":"AVENIDA PROFESSOR JOSÉ BARRETO, 1001 - JD DINORAH - CEP: 06700000 - COTIA - SP","tipoLocal":"Comércio e serviços","circunscricao":"DEL.POL.COTIA","dataOcorrencia":"18/06/2014","turnoOcorrencia":"DE MADRUGADA","dataComunicacao":"18/06/2014","horaComunicacao":"08:27","dataElaboracao":"18/06/2014","horaElaboracao":"08:29","flagrante":"Não","examesRequisitados":"IC-IML","solucao":"APRECIAÇÃO DO DELEGADO TITULAR","partesEnvolvidas":[{"nome":"FRANCISCO DAS CHAGAS NAMBU DOS SANTOS","tipoEnvolvimento":"Vítima","rg":"03024103-PB","naturalidade":"PIANCO-PB","nacionalidade":"BRASILEIRA","sexo":"Masculino","dataNascimento":"09/06/1985","idade":"29","estadoCivil":"Casado","profissao":"VIGILANTE","cutis":"Parda","naturezasEnvolvidas":"Roubo (art. 157)"}],"naturezas":[{"especie":"Título II - Patrimônio (arts. 155 a 183)","descricao":"Roubo (art. 157)","desdobramentos":"§3o. Se da violência resulta morte:"}],"categoria":"LATROCINIO"}