{"idBO":"2014-200100-803","numero":"803","idDelegacia":"200100","tipoBoletim":"Complementar","dependencia":"DHPP DIV. HOMICIDIOS","local":"RUA JOSE CARLOS HEFFNER, 53 - GRAJAU - S.PAULO - SP","tipoLocal":"Residência","circunscricao":"101º D.P. JDIM IMBUIAS","dataOcorrencia":"10/11/2014","turnoOcorrencia":"PELA MANHÃ","dataComunicacao":"10/11/2014","horaComunicacao":"19:08","dataElaboracao":"10/11/2014","horaElaboracao":"19:10","flagrante":"Não","examesRequisitados":"IC-IML","solucao":"BO PARA INQUÉRITO","partesEnvolvidas":[{"nome":"MARLEIDE BARBOSA DE SOUZA","tipoEnvolvimento":"Vítima","rg":"23163571-SP","naturalidade":"S.PAULO -SP","nacionalidade":"BRASILEIRA","dataNascimento":"17/10/1973","idade":"41","estadoCivil":"Solteiro","instrucao":"1 Grau completo","cutis":"Branca","naturezasEnvolvidas":"A.I.-Homicídio qualificado (art. 121, §2o.)"}],"naturezas":[{"especie":"Ato infracional","descricao":"A.I.-Homicídio qualificado (art. 121, §2o.)"},{"especie":"Ato infracional","descricao":"A.I.-Destruição, subtração ou ocultação de cadáver (art. 211)"},{"especie":"Título V - Sentimento religioso e respeito aos mortos (arts. 208 a 212)","descricao":"Destruição, subtração ou ocultação de cadáver (art. 211)"},{"especie":"L 8069/90 - ECA","descricao":"Caput Corromper ou facilitar a corrupção de menor de 18 anos (244B)"}],"numeroBoPrincipal":"10502","anoBoPrincipal":"2014","nomeDelegaciaBoPrincipal":"101º D.P. JDIM IMBUIAS","categoria":"HOMICIDIO_DOLOSO"}