{"idBO":"2014-200100-304","numero":"304","idDelegacia":"200100","tipoBoletim":"Complementar","dependencia":"DHPP DIV. HOMICIDIOS","local":"RUA ANTONIO DE PADUA DIAS, 935 - PERUS - S.PAULO - SP","tipoLocal":"Via pública","circunscricao":"46º D.P. PERUS","dataOcorrencia":"20/04/2014","turnoOcorrencia":"DE MADRUGADA","dataComunicacao":"20/04/2014","horaComunicacao":"06:16","dataElaboracao":"20/04/2014","horaElaboracao":"06:18","flagrante":"Não","examesRequisitados":"IC-IML","solucao":"BO PARA INQUÉRITO","partesEnvolvidas":[{"nome":"BRUNO NUNES FRANCA DA COSTA","tipoEnvolvimento":"Vítima","rg":"42584276-SP","naturalidade":"GUARUJA -SP","nacionalidade":"BRASILEIRA","sexo":"Masculino","dataNascimento":"07/12/1993","idade":"20","estadoCivil":"Solteiro","instrucao":"2 Grau completo","cutis":"Parda","naturezasEnvolvidas":"Roubo (art. 157)"}],"naturezas":[{"especie":"Título II - Patrimônio (arts. 155 a 183)","descricao":"Roubo (art. 157)","desdobramentos":"§3o. Se da violência resulta morte:"},{"especie":"Título II - Patrimônio (arts. 155 a 183)","descricao":"Roubo (art. 157)"}],"numeroBoPrincipal":"2939","anoBoPrincipal":"2014","nomeDelegaciaBoPrincipal":"33º D.P. PIRITUBA","categoria":"LATROCINIO"}