{"idBO":"2014-10362-3557","numero":"3557","idDelegacia":"10362","tipoBoletim":"Principal","dependencia":"69º D.P. TEOTONIO VILELA","local":"AV DA BARREIRA GRANDE, 77 - - S.PAULO - SP","tipoLocal":"Via pública","circunscricao":"41º D.P. VILA RICA","dataOcorrencia":"05/04/2014","turnoOcorrencia":"A NOITE","dataComunicacao":"05/04/2014","horaComunicacao":"21:07","dataElaboracao":"05/04/2014","horaElaboracao":"21:09","flagrante":"Não","examesRequisitados":"IC","solucao":"ENCAMINHAMENTO DP ÁREA DO FATO","partesEnvolvidas":[{"nome":"RODRIGO ANTONIO SILVA","tipoEnvolvimento":"Vítima","rg":"52169264-SP","naturalidade":"S.PAULO -SP","nacionalidade":"BRASILEIRA","sexo":"Masculino","dataNascimento":"01/04/1996","idade":"18","estadoCivil":"Solteiro","instrucao":"1 Grau completo","cutis":"Branca","naturezasEnvolvidas":"Homicídio simples (art. 121)"}],"naturezas":[{"especie":"Título I - Pessoa (arts. 121 a 154)","descricao":"Homicídio simples (art. 121)"}],"categoria":"HOMICIDIO_DOLOSO"}