{"idBO":"2014-200100-704","numero":"704","idDelegacia":"200100","tipoBoletim":"Complementar","dependencia":"DHPP DIV. HOMICIDIOS","local":"RUA PRESIDENTE BARAO DE GUAJARA, 51 - CAMBUCI - S.PAULO - SP","tipoLocal":"Via pública","circunscricao":"08º D.P. BRAS","dataOcorrencia":"04/10/2014","turnoOcorrencia":"PELA MANHÃ","dataComunicacao":"04/10/2014","horaComunicacao":"10:18","dataElaboracao":"04/10/2014","horaElaboracao":"10:19","flagrante":"Não","examesRequisitados":"IC-IML","solucao":"BO PARA INQUÉRITO","partesEnvolvidas":[{"sexo":"Masculino","idade":"0","cutis":"Amarela","naturezasEnvolvidas":"Homicídio qualificado (art. 121, §2o.)"}],"naturezas":[{"especie":"Título I - Pessoa (arts. 121 a 154)","descricao":"Homicídio qualificado (art. 121, §2o.)"}],"numeroBoPrincipal":"8016","anoBoPrincipal":"2014","nomeDelegaciaBoPrincipal":"08º D.P. BRAS","categoria":"HOMICIDIO_DOLOSO"}