{"idBO":"2014-130504-34","numero":"34","idDelegacia":"130504","tipoBoletim":"Principal","dependencia":"DEL.INV.GER. JACAREI","local":"RUA MARTHA MANCILHA BRISON, 100 - JARDIM OLIMPIA - JACAREI - SP","tipoLocal":"Via pública","circunscricao":"03º D.P. JACAREI","dataOcorrencia":"11/03/2014","turnoOcorrencia":"PELA MANHÃ","dataComunicacao":"11/03/2014","horaComunicacao":"09:29","dataElaboracao":"11/03/2014","horaElaboracao":"09:32","flagrante":"Não","examesRequisitados":"IC-IML","solucao":"APRECIAÇÃO DO DELEGADO TITULAR","partesEnvolvidas":[{"nome":"JOAQUIM INACIO DO NASCIMENTO","tipoEnvolvimento":"Vítima","rg":"10935275-SP","naturalidade":"S.JOSE DO BARREIRO -SP","nacionalidade":"BRASILEIRA","sexo":"Masculino","dataNascimento":"22/03/1953","idade":"60","estadoCivil":"Casado","instrucao":"1 Grau completo","profissao":"TAXISTA","cutis":"Parda","naturezasEnvolvidas":"Homicídio simples (art. 121)"}],"naturezas":[{"especie":"Título I - Pessoa (arts. 121 a 154)","descricao":"Homicídio simples (art. 121)"}],"categoria":"HOMICIDIO_DOLOSO"}