{"idBO":"2014-10374-2601","numero":"2601","idDelegacia":"10374","tipoBoletim":"Principal","dependencia":"101º D.P. JDIM IMBUIAS","local":"R ALAMANDA, 48 - COND.; VARGEM GRANDE - S.PAULO - SP","tipoLocal":"Via pública","circunscricao":"25º D.P. PARELHEIROS","dataOcorrencia":"19/03/2014","turnoOcorrencia":"A NOITE","dataComunicacao":"20/03/2014","horaComunicacao":"00:10","dataElaboracao":"20/03/2014","horaElaboracao":"00:12","flagrante":"Não","examesRequisitados":"IC-IML","solucao":"BO PARA INQUÉRITO","partesEnvolvidas":[{"nome":"EDSON COSTA BARBOSA","tipoEnvolvimento":"Vítima","rg":"23129813-SP","naturalidade":"S.PAULO -SP","sexo":"Masculino","dataNascimento":"24/10/1973","idade":"40","estadoCivil":"Solteiro","instrucao":"1 Grau completo","profissao":"SERVENTE","cutis":"Preta","naturezasEnvolvidas":"Homicídio qualificado (art. 121, §2o.)"}],"naturezas":[{"especie":"Título I - Pessoa (arts. 121 a 154)","descricao":"Homicídio qualificado (art. 121, §2o.)"}],"categoria":"HOMICIDIO_DOLOSO"}