{"idBO":"2014-30102-3099","numero":"3099","idDelegacia":"30102","tipoBoletim":"Principal","dependencia":"01º D.P. SANTO ANDRÉ","local":"RUA DIADEMA - CIDADE S.JORGE - S.ANDRE - SP","tipoLocal":"Via pública","circunscricao":"03º D.P. SANTO ANDRÉ","dataOcorrencia":"10/05/2014","turnoOcorrencia":"A TARDE","dataComunicacao":"10/05/2014","horaComunicacao":"15:06","dataElaboracao":"10/05/2014","horaElaboracao":"15:08","flagrante":"Não","examesRequisitados":"IC-IML","solucao":"ENCAMINHAMENTO DP ÁREA DO FATO","partesEnvolvidas":[{"nome":"JUAREZ LUIZ DOS SANTOS","tipoEnvolvimento":"Vítima","rg":"14500205-SP","naturalidade":"ITANHOMI -MG","nacionalidade":"BRASILEIRA","sexo":"Masculino","dataNascimento":"14/06/1961","idade":"52","estadoCivil":"Divorciado","instrucao":"2 Grau completo","profissao":"COMERCIANTE","cutis":"Branca","naturezasEnvolvidas":"Homicídio simples (art. 121)"},{"nome":"JONATAS PEREIRA DO NASCIMENTO","tipoEnvolvimento":"Vítima","rg":"44977380-SP","naturalidade":"S.PAULO -SP","nacionalidade":"BRASILEIRA","sexo":"Masculino","dataNascimento":"12/04/1988","idade":"26","estadoCivil":"Convivente","instrucao":"1 Grau incompleto","profissao":"VENDEDOR(A) AMBULANTE","cutis":"Branca","naturezasEnvolvidas":"Homicídio simples (art. 121)"}],"naturezas":[{"especie":"Título I - Pessoa (arts. 121 a 154)","descricao":"Homicídio simples (art. 121)"}],"categoria":"HOMICIDIO_DOLOSO"}