{"idBO":"2014-200100-15","numero":"15","idDelegacia":"200100","tipoBoletim":"Complementar","dependencia":"DHPP DIV. HOMICIDIOS","local":"RUA DRA. NISE DA SILVEIRA, 2462 - JD DAS FONTES - S.PAULO - SP","tipoLocal":"Via pública","circunscricao":"25º D.P. PARELHEIROS","dataOcorrencia":"05/01/2014","turnoOcorrencia":"DE MADRUGADA","dataComunicacao":"05/01/2014","horaComunicacao":"11:24","dataElaboracao":"05/01/2014","horaElaboracao":"11:25","flagrante":"Não","examesRequisitados":"IC-IML","solucao":"BO PARA INQUÉRITO","partesEnvolvidas":[{"nome":"MARCIO GOMES DOS SANTOS","tipoEnvolvimento":"Vítima","rg":"32973853-SP","naturalidade":"IBOTIRAMA","nacionalidade":"BRASILEIRA","sexo":"Masculino","dataNascimento":"18/12/1976","idade":"37","estadoCivil":"Solteiro","instrucao":"1 Grau incompleto","profissao":"JARDINEIRO(A)","cutis":"Parda","naturezasEnvolvidas":"Homicídio simples (art. 121)"}],"naturezas":[{"especie":"Título I - Pessoa (arts. 121 a 154)","descricao":"Homicídio simples (art. 121)"}],"numeroBoPrincipal":"146","anoBoPrincipal":"2014","nomeDelegaciaBoPrincipal":"101º D.P. JDIM IMBUIAS","categoria":"HOMICIDIO_DOLOSO"}