{"idBO":"2014-20128-4694","numero":"4694","idDelegacia":"20128","tipoBoletim":"Principal","dependencia":"28º D.P. FREGUESIA DO O","local":"RUA ENEIAS LUIS CARLOS BARBANTI, 545 - FREGUESIA DO O - S.PAULO - SP","tipoLocal":"Residência","circunscricao":"28º D.P. FREGUESIA DO O","dataOcorrencia":"15/10/2014","turnoOcorrencia":"PELA MANHÃ","dataComunicacao":"15/10/2014","horaComunicacao":"09:34","dataElaboracao":"15/10/2014","horaElaboracao":"09:51","flagrante":"Não","examesRequisitados":"IC-IML","solucao":"APRECIAÇÃO DO DELEGADO TITULAR","partesEnvolvidas":[{"nome":"PAULO CESAR DE MIRANDA MARQUES","tipoEnvolvimento":"Autor/Vitima","rg":"40193917-SP","naturalidade":"S.PAULO -SP","nacionalidade":"BRASILEIRA","sexo":"Masculino","dataNascimento":"17/09/1983","idade":"31","cutis":"Branca","naturezasEnvolvidas":"Homicídio simples (art. 121)"}],"naturezas":[{"especie":"Título I - Pessoa (arts. 121 a 154)","descricao":"Homicídio simples (art. 121)"},{"especie":"Título I - Pessoa (arts. 121 a 154)","descricao":"Lesão corporal (art. 129)"},{"especie":"L 11340/06 Violência Doméstica","descricao":"Violência Doméstica"}],"categoria":"HOMICIDIO_DOLOSO"}