{"idBO":"2014-200100-722","numero":"722","idDelegacia":"200100","tipoBoletim":"Complementar","dependencia":"DHPP DIV. HOMICIDIOS","local":"RUA NOGUEIRA DO CRAVO, 5 - CHAC STA MARIA - S.PAULO - SP","tipoLocal":"Via pública","circunscricao":"47º D.P. CAPAO REDONDO","dataOcorrencia":"12/10/2014","turnoOcorrencia":"DE MADRUGADA","dataComunicacao":"12/10/2014","horaComunicacao":"10:58","dataElaboracao":"12/10/2014","horaElaboracao":"10:59","flagrante":"Não","examesRequisitados":"IC-IML","solucao":"BO PARA INQUÉRITO","partesEnvolvidas":[{"nome":"JOSE CARLOS MIRANDA","tipoEnvolvimento":"Vítima","rg":"23728453-SP","naturalidade":"SALVADOR -BA","sexo":"Masculino","dataNascimento":"16/01/1971","idade":"43","estadoCivil":"Solteiro","instrucao":"1 Grau completo","profissao":"DESEMPREGADO(A)","cutis":"Preta","naturezasEnvolvidas":"Homicídio simples (art. 121)"}],"naturezas":[{"especie":"Título I - Pessoa (arts. 121 a 154)","descricao":"Homicídio simples (art. 121)"}],"numeroBoPrincipal":"11320","anoBoPrincipal":"2014","nomeDelegaciaBoPrincipal":"47º D.P. CAPAO REDONDO","categoria":"HOMICIDIO_DOLOSO"}