{"idBO":"2014-200100-717","numero":"717","idDelegacia":"200100","tipoBoletim":"Complementar","dependencia":"DHPP DIV. HOMICIDIOS","local":"RUA GONCALVES RIBEIRO, 100 - JARDIM HELENA - S.PAULO - SP","tipoLocal":"Via pública","circunscricao":"22º D.P. SAO MIGUEL PTA","dataOcorrencia":"09/10/2014","turnoOcorrencia":"DE MADRUGADA","dataComunicacao":"09/10/2014","horaComunicacao":"09:35","dataElaboracao":"09/10/2014","horaElaboracao":"09:37","flagrante":"Não","examesRequisitados":"IC-IML","solucao":"BO PARA INQUÉRITO","partesEnvolvidas":[{"nome":"ANDERSON CABRAL","tipoEnvolvimento":"Vítima","rg":"47857135-SP","naturalidade":"S.PAULO -SP","nacionalidade":"BRASILEIRA","sexo":"Masculino","dataNascimento":"08/01/1995","idade":"19","estadoCivil":"Solteiro","instrucao":"1 Grau completo","profissao":"DESEMPREGADO(A)","cutis":"Preta","naturezasEnvolvidas":"Homicídio simples (art. 121)"}],"naturezas":[{"especie":"Título I - Pessoa (arts. 121 a 154)","descricao":"Homicídio simples (art. 121)"}],"numeroBoPrincipal":"10147","anoBoPrincipal":"2014","nomeDelegaciaBoPrincipal":"63º D.P. VILA JACUI","categoria":"HOMICIDIO_DOLOSO"}