{"idBO":"2014-120610-4548","numero":"4548","idDelegacia":"120610","tipoBoletim":"Principal","dependencia":"DEL.POL.PLANTÃO ITU","local":"RODOVIA CASTELO BRANCO KM, 78 - CIDADE NOVA - ITU - SP","tipoLocal":"Hospedagem","circunscricao":"04º D.P. ITU","dataOcorrencia":"09/10/2014","turnoOcorrencia":"DE MADRUGADA","dataComunicacao":"09/10/2014","horaComunicacao":"04:34","dataElaboracao":"09/10/2014","horaElaboracao":"04:39","flagrante":"Não","examesRequisitados":"IC-IML","solucao":"BO PARA INVESTIGAÇÃO","partesEnvolvidas":[{"nome":"MARCOS PAULO ROSA RODRIGUES","tipoEnvolvimento":"Vítima","rg":"47379270-SP","naturalidade":"ITU -SP","sexo":"Masculino","dataNascimento":"17/04/1991","idade":"23","estadoCivil":"Solteiro","instrucao":"1 Grau completo","profissao":"PINTOR(A)","cutis":"Parda","naturezasEnvolvidas":"Homicídio qualificado (art. 121, §2o.)"}],"naturezas":[{"especie":"Título I - Pessoa (arts. 121 a 154)","descricao":"Homicídio qualificado (art. 121, §2o.)","desdobramentos":"IV - à traição ou mediante dissimulação ou outro recurso"}],"categoria":"HOMICIDIO_DOLOSO"}