{"idBO":"2014-20113-6040","numero":"6040","idDelegacia":"20113","tipoBoletim":"Principal","dependencia":"13º D.P. CASA VERDE","local":"RUA ANGELO BONAVITA, 51 - LIMAO - S.PAULO - SP","tipoLocal":"Via pública","circunscricao":"40º D.P. VILA STA MARIA","dataOcorrencia":"04/06/2014","turnoOcorrencia":"DE MADRUGADA","dataComunicacao":"04/06/2014","horaComunicacao":"06:49","dataElaboracao":"04/06/2014","horaElaboracao":"06:51","flagrante":"Não","examesRequisitados":"IML","solucao":"ENCAMINHAMENTO DP ÁREA DO FATO","partesEnvolvidas":[{"nome":"FERNANDO ALVES COSSAS","tipoEnvolvimento":"Vítima","rg":"49381399-SP","naturalidade":"S.PAULO -SP","nacionalidade":"BRASILEIRA","sexo":"Masculino","dataNascimento":"09/01/1992","idade":"22","estadoCivil":"Solteiro","instrucao":"1 Grau completo","profissao":"BORRACHEIRO(A)","cutis":"Branca","naturezasEnvolvidas":"Homicídio simples (art. 121)"}],"naturezas":[{"especie":"Título I - Pessoa (arts. 121 a 154)","descricao":"Homicídio simples (art. 121)"}],"categoria":"HOMICIDIO_DOLOSO"}