{"idBO":"2014-120500-10572","numero":"10572","idDelegacia":"120500","tipoBoletim":"Principal","dependencia":"DEL.SEC.SOROCABA","local":"RUA PARAGUAI, 570 - - SOROCABA - SP","tipoLocal":"Via pública","circunscricao":"10º D.P. SOROCABA","dataOcorrencia":"31/10/2014","turnoOcorrencia":"A NOITE","dataComunicacao":"01/11/2014","horaComunicacao":"01:22","dataElaboracao":"01/11/2014","horaElaboracao":"01:33","flagrante":"Não","examesRequisitados":"IC-IML","solucao":"APRECIAÇÃO DO DELEGADO TITULAR","partesEnvolvidas":[{"nome":"PAULO VITOR OLIVEIRA PONTES","tipoEnvolvimento":"Vítima","rg":"41835334-SP","naturalidade":"SOROCABA -SP","nacionalidade":"BRASILEIRA","sexo":"Masculino","dataNascimento":"18/12/1987","idade":"26","estadoCivil":"Solteiro","instrucao":"1 Grau completo","profissao":"AJUDANTE GERAL","cutis":"Parda","naturezasEnvolvidas":"Homicídio simples (art. 121)"}],"naturezas":[{"especie":"Título I - Pessoa (arts. 121 a 154)","descricao":"Homicídio simples (art. 121)"}],"categoria":"HOMICIDIO_DOLOSO"}