{"idBO":"2014-10335-3419","numero":"3419","idDelegacia":"10335","tipoBoletim":"Principal","dependencia":"72º D.P. VILA PENTEADO","local":"RUA PEDRO POMAR, 219 - BRASILANDIA - S.PAULO - SP","tipoLocal":"Via pública","circunscricao":"72º D.P. VILA PENTEADO","dataOcorrencia":"16/04/2014","turnoOcorrencia":"DE MADRUGADA","dataComunicacao":"16/04/2014","horaComunicacao":"04:11","dataElaboracao":"16/04/2014","horaElaboracao":"04:13","flagrante":"Não","solucao":"BO PARA INQUÉRITO","partesEnvolvidas":[{"nome":"MARCUS VINICIUS DE OLIVEIRA","tipoEnvolvimento":"Vítima","rg":"35508747-SP","naturalidade":"SÃO PAULO","sexo":"Masculino","dataNascimento":"09/09/1991","idade":"22","estadoCivil":"Ignorado","cutis":"Preta","naturezasEnvolvidas":"Homicídio simples (art. 121)"},{"sexo":"Masculino","idade":"0","cutis":"Branca","naturezasEnvolvidas":"Homicídio simples (art. 121)"}],"naturezas":[{"especie":"Título I - Pessoa (arts. 121 a 154)","descricao":"Homicídio simples (art. 121)"},{"especie":"Título I - Pessoa (arts. 121 a 154)","descricao":"Homicídio simples (art. 121)"}],"categoria":"HOMICIDIO_DOLOSO"}