{"idBO":"2014-30221-861","numero":"861","idDelegacia":"30221","tipoBoletim":"Principal","dependencia":"09º D.P. GUARULHOS","local":"RUA CEDIBRA, 48 - PARQUE PRIMAVERA - GUARULHOS - SP","tipoLocal":"Via pública","circunscricao":"09º D.P. GUARULHOS","dataOcorrencia":"07/04/2014","turnoOcorrencia":"PELA MANHÃ","dataComunicacao":"07/04/2014","horaComunicacao":"09:47","dataElaboracao":"07/04/2014","horaElaboracao":"10:05","flagrante":"Não","examesRequisitados":"IC-IML","solucao":"APRECIAÇÃO DO DELEGADO TITULAR","partesEnvolvidas":[{"sexo":"Masculino","idade":"25","cutis":"Preta","naturezasEnvolvidas":"Homicídio simples (art. 121)"}],"naturezas":[{"especie":"Título I - Pessoa (arts. 121 a 154)","descricao":"Homicídio simples (art. 121)"}],"categoria":"HOMICIDIO_DOLOSO"}