{"idBO":"2014-30441-1224","numero":"1224","idDelegacia":"30441","tipoBoletim":"Principal","dependencia":"01º D.P. BARUERI","local":"RUA PROJETADA - JARDIM MARIA HELENA - BARUERI - SP","tipoLocal":"Via pública","circunscricao":"01º D.P. BARUERI","dataOcorrencia":"05/08/2014","turnoOcorrencia":"PELA MANHÃ","dataComunicacao":"05/08/2014","horaComunicacao":"09:24","dataElaboracao":"05/08/2014","horaElaboracao":"09:28","flagrante":"Não","examesRequisitados":"IC-IML","solucao":"APRECIAÇÃO DO DELEGADO TITULAR","partesEnvolvidas":[{"sexo":"Masculino","idade":"0","cutis":"Outros","naturezasEnvolvidas":"Homicídio simples (art. 121)"}],"naturezas":[{"especie":"Título I - Pessoa (arts. 121 a 154)","descricao":"Homicídio simples (art. 121)"}],"categoria":"HOMICIDIO_DOLOSO"}