{"idBO":"2014-100415-2055","numero":"2055","idDelegacia":"100415","tipoBoletim":"Principal","dependencia":"DEL.POL.ORLANDIA","local":"ACESSO RODOVIA SP-351, 76 - ORLANDIA - ORLANDIA - SP","tipoLocal":"Unidade rural","circunscricao":"DEL.POL.ORLANDIA","dataOcorrencia":"09/09/2014","turnoOcorrencia":"A TARDE","dataComunicacao":"09/09/2014","horaComunicacao":"20:40","dataElaboracao":"09/09/2014","horaElaboracao":"20:43","flagrante":"Não","examesRequisitados":"IC-IML","solucao":"BO PARA INVESTIGAÇÃO","partesEnvolvidas":[{"nome":"AMIR IZARIAS DA SILVA","tipoEnvolvimento":"Vítima","rg":"20571930-SP","naturalidade":"TRES PONTAS -MG","nacionalidade":"BRASILEIRA","sexo":"Masculino","dataNascimento":"26/08/1946","idade":"68","estadoCivil":"Desquitado","instrucao":"1 Grau completo","profissao":"LAVRADOR(A)","cutis":"Branca","naturezasEnvolvidas":"Homicídio simples (art. 121)"}],"naturezas":[{"especie":"Título I - Pessoa (arts. 121 a 154)","descricao":"Homicídio simples (art. 121)"}],"categoria":"HOMICIDIO_DOLOSO"}