{"idBO":"2014-200100-723","numero":"723","idDelegacia":"200100","tipoBoletim":"Complementar","dependencia":"DHPP DIV. HOMICIDIOS","local":"ESTRADA DO JUSA, 12 - PARELHEIROS - S.PAULO - SP","tipoLocal":"Area não ocupada","circunscricao":"25º D.P. PARELHEIROS","dataOcorrencia":"12/10/2014","turnoOcorrencia":"PELA MANHÃ","dataComunicacao":"12/10/2014","horaComunicacao":"15:56","dataElaboracao":"12/10/2014","horaElaboracao":"15:57","flagrante":"Não","examesRequisitados":"IC-IML","solucao":"BO PARA INQUÉRITO","partesEnvolvidas":[{"nome":"DIOGO SAMPAIO ALVES DOS SANTOS","tipoEnvolvimento":"Vítima","rg":"44912256-SP","naturalidade":"S.PAULO -SP","nacionalidade":"BRASILEIRA","sexo":"Masculino","dataNascimento":"22/05/1989","idade":"25","estadoCivil":"Solteiro","instrucao":"2 Grau completo","cutis":"Branca","naturezasEnvolvidas":"Homicídio simples (art. 121)"}],"naturezas":[{"especie":"Título I - Pessoa (arts. 121 a 154)","descricao":"Homicídio simples (art. 121)"}],"numeroBoPrincipal":"9557","anoBoPrincipal":"2014","nomeDelegaciaBoPrincipal":"101º D.P. JDIM IMBUIAS","categoria":"HOMICIDIO_DOLOSO"}