{"idBO":"2014-200100-260","numero":"260","idDelegacia":"200100","tipoBoletim":"Complementar","dependencia":"DHPP DIV. HOMICIDIOS","local":"AV DA BARREIRA GRANDE, 77 - - S.PAULO - SP","tipoLocal":"Via pública","circunscricao":"41º D.P. VILA RICA","dataOcorrencia":"05/04/2014","turnoOcorrencia":"A NOITE","dataComunicacao":"06/04/2014","horaComunicacao":"02:54","dataElaboracao":"06/04/2014","horaElaboracao":"02:55","flagrante":"Não","examesRequisitados":"IC-IML","solucao":"BO PARA INQUÉRITO","partesEnvolvidas":[{"nome":"RODRIGO ANTONIO SILVA","tipoEnvolvimento":"Vítima","rg":"52169264-SP","naturalidade":"S.PAULO -SP","nacionalidade":"BRASILEIRA","sexo":"Masculino","dataNascimento":"01/04/1996","idade":"18","estadoCivil":"Solteiro","instrucao":"1 Grau completo","cutis":"Branca","naturezasEnvolvidas":"Homicídio simples (art. 121)"}],"naturezas":[{"especie":"Título I - Pessoa (arts. 121 a 154)","descricao":"Homicídio simples (art. 121)"}],"numeroBoPrincipal":"3565","anoBoPrincipal":"2014","nomeDelegaciaBoPrincipal":"69º D.P. TEOTONIO VILELA","categoria":"HOMICIDIO_DOLOSO"}