{"idBO":"2014-130204-1656","numero":"1656","idDelegacia":"130204","tipoBoletim":"Principal","dependencia":"DEL.POL.LORENA","local":"RUA EUCLÍDES M DE AQUINO, 215 - PARQUE DAS RODOVIAS - LORENA - SP","tipoLocal":"Comércio e serviços","circunscricao":"01º D.P. LORENA","dataOcorrencia":"30/11/2014","turnoOcorrencia":"DE MADRUGADA","dataComunicacao":"30/11/2014","horaComunicacao":"06:44","dataElaboracao":"30/11/2014","horaElaboracao":"06:48","flagrante":"Não","examesRequisitados":"IC-IML","solucao":"BO PARA INQUÉRITO","partesEnvolvidas":[{"nome":"WALLISON ANTONIO SOARES FERRO","tipoEnvolvimento":"Vítima","rg":"38618299-SP","naturalidade":"PALMEIRA DOS INDIOS -AL","nacionalidade":"BRASILEIRA","sexo":"Masculino","dataNascimento":"28/06/1990","idade":"24","estadoCivil":"Solteiro","instrucao":"1 Grau completo","cutis":"Branca","naturezasEnvolvidas":"Homicídio simples (art. 121)"}],"naturezas":[{"especie":"Título I - Pessoa (arts. 121 a 154)","descricao":"Homicídio simples (art. 121)"}],"categoria":"HOMICIDIO_DOLOSO"}