{"idBO":"2014-10241-25","numero":"25","idDelegacia":"10241","tipoBoletim":"Principal","dependencia":"37º D.P. CAMPO LIMPO","local":"R SAO JOAO DO PERNAMBUCO, 134 - - S.PAULO - SP","tipoLocal":"Residência","circunscricao":"37º D.P. CAMPO LIMPO","dataOcorrencia":"02/01/2014","turnoOcorrencia":"A TARDE","dataComunicacao":"02/01/2014","horaComunicacao":"15:20","dataElaboracao":"02/01/2014","horaElaboracao":"15:21","flagrante":"Não","examesRequisitados":"IC-IML","solucao":"BO PARA INVESTIGAÇÃO","partesEnvolvidas":[{"cutis":"Branca","naturezasEnvolvidas":"Homicídio simples (art. 121)"}],"naturezas":[{"especie":"Título I - Pessoa (arts. 121 a 154)","descricao":"Homicídio simples (art. 121)"}],"categoria":"HOMICIDIO_DOLOSO"}