{"idBO":"2014-30307-876","numero":"876","idDelegacia":"30307","tipoBoletim":"Complementar","dependencia":"02º D.P. MOGI DAS CRUZES","local":"RUA SANTA VIRGINIA, 229 - VL ESTAÇÃO - MOGI DAS CRUZES - SP","tipoLocal":"Residência","circunscricao":"02º D.P. MOGI DAS CRUZES","dataOcorrencia":"21/02/2014","turnoOcorrencia":"DE MADRUGADA","dataComunicacao":"21/02/2014","horaComunicacao":"11:23","dataElaboracao":"21/02/2014","horaElaboracao":"11:35","flagrante":"Não","examesRequisitados":"IC-IML","solucao":"ENCAMINHAMENTO DP ÁREA DO FATO","partesEnvolvidas":[{"nome":"PAULO VITOR DA SILVA","tipoEnvolvimento":"Vítima","rg":"32568043-SP","naturalidade":"MOGI DAS CRUZES","sexo":"Masculino","dataNascimento":"28/12/1985","idade":"28","cutis":"Parda","naturezasEnvolvidas":"Homicídio qualificado (art. 121, §2o.), Incêndio (art. 250, caput)"}],"naturezas":[{"especie":"Título I - Pessoa (arts. 121 a 154)","descricao":"Homicídio qualificado (art. 121, §2o.)"},{"especie":"Título VIII - Incolumidade pública (arts. 250 a 285)","descricao":"Incêndio (art. 250, caput)"}],"numeroBoPrincipal":"874","anoBoPrincipal":"2014","nomeDelegaciaBoPrincipal":"02º D.P. MOGI DAS CRUZES","categoria":"HOMICIDIO_DOLOSO"}