{"idBO":"2014-20241-2230","numero":"2230","idDelegacia":"20241","tipoBoletim":"Principal","dependencia":"41º D.P. VILA RICA","local":"RUA ROGERIO BACON, 185 - VILA GUARANI - S.PAULO - SP","tipoLocal":"Via pública","circunscricao":"41º D.P. VILA RICA","dataOcorrencia":"23/04/2014","turnoOcorrencia":"A TARDE","dataComunicacao":"23/04/2014","horaComunicacao":"14:34","dataElaboracao":"23/04/2014","horaElaboracao":"14:39","flagrante":"Não","examesRequisitados":"IML","solucao":"BO PARA INVESTIGAÇÃO","partesEnvolvidas":[{"nome":"JEOVA GOMES PIMENTEL","tipoEnvolvimento":"Vítima","rg":"38233258-SP","naturalidade":"ALTINHO -PE","nacionalidade":"BRASILEIRA","sexo":"Masculino","dataNascimento":"15/01/1973","idade":"41","estadoCivil":"Solteiro","instrucao":"1 Grau completo","profissao":"COMERCIANTE","cutis":"Preta","naturezasEnvolvidas":"Homicídio simples (art. 121)"}],"naturezas":[{"especie":"Título I - Pessoa (arts. 121 a 154)","descricao":"Homicídio simples (art. 121)"}],"categoria":"HOMICIDIO_DOLOSO"}