{"idBO":"2014-10108-7816","numero":"7816","idDelegacia":"10108","tipoBoletim":"Principal","dependencia":"08º D.P. BRAS","local":"RUA DA JUTA, 181 - BRAS - S.PAULO - SP","tipoLocal":"Comércio e serviços","circunscricao":"12º D.P. PARI","dataOcorrencia":"27/09/2014","turnoOcorrencia":"DE MADRUGADA","dataComunicacao":"27/09/2014","horaComunicacao":"08:34","dataElaboracao":"27/09/2014","horaElaboracao":"08:35","flagrante":"Não","examesRequisitados":"IML","solucao":"ENCAMINHAMENTO DP ÁREA DO FATO","partesEnvolvidas":[{"nome":"FRANCISCO ERINALDO DE LIRA","tipoEnvolvimento":"Vítima","rg":"1588424-RN","naturalidade":"ANTONIO MARTINS-RN","nacionalidade":"BRASILEIRA","sexo":"Masculino","dataNascimento":"03/05/1975","idade":"39","estadoCivil":"Solteiro","profissao":"COMERCIANTE","cutis":"Branca","naturezasEnvolvidas":"Homicídio simples (art. 121)"}],"naturezas":[{"especie":"Título I - Pessoa (arts. 121 a 154)","descricao":"Homicídio simples (art. 121)"}],"categoria":"HOMICIDIO_DOLOSO"}