{"idBO":"2014-30124-7596","numero":"7596","idDelegacia":"30124","tipoBoletim":"Principal","dependencia":"01º D.P. MAUA","local":"RUA SÃO SEBASTIÃO, 176 - JD ORATÓRIO - MAUA - SP","tipoLocal":"Via pública","circunscricao":"01º D.P. MAUA","dataOcorrencia":"04/10/2014","turnoOcorrencia":"PELA MANHÃ","dataComunicacao":"04/10/2014","horaComunicacao":"10:59","dataElaboracao":"04/10/2014","horaElaboracao":"11:14","flagrante":"Não","examesRequisitados":"IC-IML","solucao":"APRECIAÇÃO DO DELEGADO TITULAR","partesEnvolvidas":[{"nome":"JOSE MARIA DO ROSARIO","tipoEnvolvimento":"Vítima","rg":"23025989-SP","naturalidade":"FENIX -PR","nacionalidade":"BRASILEIRA","sexo":"Masculino","dataNascimento":"14/07/1968","idade":"46","estadoCivil":"Solteiro","instrucao":"1 Grau completo","cutis":"Parda","naturezasEnvolvidas":"Homicídio simples (art. 121)"}],"naturezas":[{"especie":"Título I - Pessoa (arts. 121 a 154)","descricao":"Homicídio simples (art. 121)"}],"categoria":"HOMICIDIO_DOLOSO"}