{"idBO":"2014-20120-6018","numero":"6018","idDelegacia":"20120","tipoBoletim":"Principal","dependencia":"20º D.P. AGUA FRIA","local":"RUA PASCOAL GOMES DE LIMA, 162 - TREMEMBE - S.PAULO - SP","tipoLocal":"Via pública","circunscricao":"20º D.P. AGUA FRIA","dataOcorrencia":"07/06/2014","turnoOcorrencia":"A TARDE","dataComunicacao":"07/06/2014","horaComunicacao":"16:03","dataElaboracao":"07/06/2014","horaElaboracao":"16:15","flagrante":"Não","examesRequisitados":"IC-IML","solucao":"BO PARA INVESTIGAÇÃO","partesEnvolvidas":[{"nome":"ROBERTO PEDRO DE ARAUJO","tipoEnvolvimento":"Vítima","sexo":"Masculino","dataNascimento":"26/06/1968","idade":"45","estadoCivil":"Casado","instrucao":"1 Grau completo","cutis":"Parda","naturezasEnvolvidas":"Homicídio simples (art. 121)"}],"naturezas":[{"especie":"Título I - Pessoa (arts. 121 a 154)","descricao":"Homicídio simples (art. 121)"}],"categoria":"HOMICIDIO_DOLOSO"}