{"idBO":"2014-130204-721","numero":"721","idDelegacia":"130204","tipoBoletim":"Principal","dependencia":"DEL.POL.LORENA","local":"AVENIDA 22 DE MARÇO - CENTRO - CANAS - SP","tipoLocal":"Via pública","circunscricao":"DEL.POL.CANAS","dataOcorrencia":"25/05/2014","turnoOcorrencia":"DE MADRUGADA","dataComunicacao":"25/05/2014","horaComunicacao":"05:46","dataElaboracao":"25/05/2014","horaElaboracao":"06:05","flagrante":"Não","examesRequisitados":"IC-IML","solucao":"ENCAMINHAMENTO DP ÁREA DO FATO","partesEnvolvidas":[{"nome":"LEANDRO CESAR PAES DE CARVALHO","tipoEnvolvimento":"Vítima","rg":"49723720-SP","naturalidade":"CACHOEIRA PAULISTA -SP","nacionalidade":"BRASILEIRA","sexo":"Masculino","dataNascimento":"18/08/1994","idade":"19","estadoCivil":"Solteiro","instrucao":"2 Grau completo","cutis":"Branca","naturezasEnvolvidas":"Homicídio simples (art. 121)"}],"naturezas":[{"especie":"Título I - Pessoa (arts. 121 a 154)","descricao":"Homicídio simples (art. 121)"}],"categoria":"HOMICIDIO_DOLOSO"}