{"idBO":"2014-130412-815","numero":"815","idDelegacia":"130412","tipoBoletim":"Complementar","dependencia":"01º D.P. PINDAMONHANGABA","local":"ESTRADA PINHÃO DO BORBA, 8500 - RURAL - PINDAMONHANGABA - SP","tipoLocal":"Via pública","circunscricao":"01º D.P. PINDAMONHANGABA","dataOcorrencia":"26/04/2014","turnoOcorrencia":"A NOITE","dataComunicacao":"28/04/2014","horaComunicacao":"14:35","dataElaboracao":"28/04/2014","horaElaboracao":"14:39","flagrante":"Não","examesRequisitados":"IML","solucao":"BO PARA ADENDO","partesEnvolvidas":[{"nome":"GUSTAVO DE ALMEIDA DOS SANTOS","tipoEnvolvimento":"Vítima","naturalidade":"TAUBATÉ- SP","nacionalidade":"BRASILEIRA","sexo":"Masculino","dataNascimento":"27/04/1996","idade":"18","estadoCivil":"Solteiro","cutis":"Parda","naturezasEnvolvidas":"Homicídio simples (art. 121)"}],"naturezas":[{"especie":"Título I - Pessoa (arts. 121 a 154)","descricao":"Homicídio simples (art. 121)"}],"numeroBoPrincipal":"1022","anoBoPrincipal":"2014","nomeDelegaciaBoPrincipal":"DEL.POL.PLANTÃO PINDA","categoria":"HOMICIDIO_DOLOSO"}