{"idBO":"2014-30125-795","numero":"795","idDelegacia":"30125","tipoBoletim":"Complementar","dependencia":"02º D.P. MAUA","local":"RUA IVAN BERNARDO DA SILVA, 43 - PQ DAS AMERICAS - MAUA - SP","tipoLocal":"Via pública","circunscricao":"02º D.P. MAUA","dataOcorrencia":"03/05/2014","turnoOcorrencia":"A NOITE","dataComunicacao":"14/05/2014","horaComunicacao":"10:57","dataElaboracao":"14/05/2014","horaElaboracao":"11:11","flagrante":"Não","solucao":"BO PARA ADENDO","partesEnvolvidas":[{"nome":"BRUNO MOREIRA DANTAS","tipoEnvolvimento":"Vítima","rg":"49784436-SP","naturalidade":"MAUA -SP","nacionalidade":"BRASILEIRA","sexo":"Masculino","dataNascimento":"11/12/1995","idade":"18","estadoCivil":"Solteiro","instrucao":"1 Grau completo","profissao":"INSTALADOR","cutis":"Branca","naturezasEnvolvidas":"Roubo (art. 157)"}],"naturezas":[{"especie":"Título II - Patrimônio (arts. 155 a 183)","descricao":"Roubo (art. 157)","desdobramentos":"§3o. Se da violência resulta morte:"}],"numeroBoPrincipal":"761","anoBoPrincipal":"2014","nomeDelegaciaBoPrincipal":"02º D.P. MAUA","categoria":"LATROCINIO"}