{"idBO":"2014-120608-624","numero":"624","idDelegacia":"120608","tipoBoletim":"Principal","dependencia":"DEL.POL.PLANTÃO SALTO","local":"ESTRADA DO SERVIDÃO - PEDREGULHO - SALTO - SP","tipoLocal":"Rodovia/Estrada","circunscricao":"02º D.P. SALTO","dataOcorrencia":"13/03/2014","turnoOcorrencia":"PELA MANHÃ","dataComunicacao":"13/03/2014","horaComunicacao":"11:12","dataElaboracao":"13/03/2014","horaElaboracao":"11:16","flagrante":"Não","examesRequisitados":"IC-IML","solucao":"BO PARA INQUÉRITO","partesEnvolvidas":[{"nome":"DESCONHECIDO","tipoEnvolvimento":"Vítima","sexo":"Masculino","idade":"0","cutis":"Branca","naturezasEnvolvidas":"Homicídio qualificado (art. 121, §2o.)"}],"naturezas":[{"especie":"Título I - Pessoa (arts. 121 a 154)","descricao":"Homicídio qualificado (art. 121, §2o.)"}],"categoria":"HOMICIDIO_DOLOSO"}