{"idBO":"2014-10356-10093","numero":"10093","idDelegacia":"10356","tipoBoletim":"Principal","dependencia":"89º D.P. JARDIM TABOAO","local":"AVENIDA ENGENHEIRO QUEIROS TELES, 634 - RIO PEQUENO - S.PAULO - SP","tipoLocal":"Via pública","circunscricao":"75º D.P. JARDIM ARPOADOR","dataOcorrencia":"22/11/2014","turnoOcorrencia":"DE MADRUGADA","dataComunicacao":"22/11/2014","horaComunicacao":"07:16","dataElaboracao":"22/11/2014","horaElaboracao":"07:17","flagrante":"Não","examesRequisitados":"IML","solucao":"ENCAMINHAMENTO DP ÁREA DO FATO","partesEnvolvidas":[{"nome":"JIORLANDO SANTOS DE OLIVEIRA","tipoEnvolvimento":"Vítima","rg":"34754540-SP","naturalidade":"IBIRAPITANGA -BA","nacionalidade":"BRASILEIRA","sexo":"Masculino","dataNascimento":"22/05/1974","idade":"40","estadoCivil":"Casado","instrucao":"Superior completo","profissao":"AGENTE PENITENCIARIO","cutis":"Parda","naturezasEnvolvidas":"Homicídio simples (art. 121)"}],"naturezas":[{"especie":"Título I - Pessoa (arts. 121 a 154)","descricao":"Homicídio simples (art. 121)"}],"categoria":"HOMICIDIO_DOLOSO"}