{"idBO":"2014-20250-7377","numero":"7377","idDelegacia":"20250","tipoBoletim":"Principal","dependencia":"50º D.P. ITAIM PAULISTA","local":"RUA JOSE FELIPE AMARAL, 1 - JD NAZARÉ - S.PAULO - SP","tipoLocal":"Via pública","circunscricao":"67º D.P. JARDIM ROBRU","dataOcorrencia":"13/07/2014","turnoOcorrencia":"DE MADRUGADA","dataComunicacao":"13/07/2014","horaComunicacao":"10:20","dataElaboracao":"13/07/2014","horaElaboracao":"10:23","flagrante":"Não","examesRequisitados":"IML","solucao":"ENCAMINHAMENTO DP ÁREA DO FATO","partesEnvolvidas":[{"nome":"LUCAS ANDRE LIMA DOS SANTOS","tipoEnvolvimento":"Vítima","rg":"50133767-SP","naturalidade":"S.PAULO -SP","nacionalidade":"BRASILEIRA","sexo":"Masculino","dataNascimento":"09/03/1996","idade":"18","estadoCivil":"Solteiro","instrucao":"2 Grau completo","profissao":"DESEMPREGADO","cutis":"Parda","naturezasEnvolvidas":"Homicídio simples (art. 121)"}],"naturezas":[{"especie":"Título I - Pessoa (arts. 121 a 154)","descricao":"Homicídio simples (art. 121)"},{"especie":"Título I - Pessoa (arts. 121 a 154)","descricao":"Homicídio simples (art. 121)"}],"categoria":"HOMICIDIO_DOLOSO"}