{"idBO":"2014-30124-6994","numero":"6994","idDelegacia":"30124","tipoBoletim":"Principal","dependencia":"01º D.P. MAUA","local":"RUA MARIO JOSE DA SILVA, 78 - JD KENEDY - MAUA - SP","tipoLocal":"Via pública","circunscricao":"03º D.P. MAUA","dataOcorrencia":"10/09/2014","turnoOcorrencia":"A NOITE","dataComunicacao":"10/09/2014","horaComunicacao":"19:40","dataElaboracao":"10/09/2014","horaElaboracao":"19:44","flagrante":"Não","examesRequisitados":"IC-IML","solucao":"ENCAMINHAMENTO DP ÁREA DO FATO","partesEnvolvidas":[{"nome":"LEONISIO HENRIQUE DIAS","tipoEnvolvimento":"Vítima","rg":"39334510-SP","naturalidade":"S.RITA DE CASSIA -BA","nacionalidade":"BRASILEIRA","sexo":"Masculino","dataNascimento":"09/01/1974","idade":"40","estadoCivil":"Separado","instrucao":"1 Grau completo","profissao":"AJUDANTE","cutis":"Parda","naturezasEnvolvidas":"Homicídio simples (art. 121)"}],"naturezas":[{"especie":"Título I - Pessoa (arts. 121 a 154)","descricao":"Homicídio simples (art. 121)"}],"categoria":"HOMICIDIO_DOLOSO"}