{"idBO":"2014-200100-343","numero":"343","idDelegacia":"200100","tipoBoletim":"Complementar","dependencia":"DHPP DIV. HOMICIDIOS","local":"RUA BELA NAPOLES, 57 - VILA LEOPOLDINA - S.PAULO - SP","tipoLocal":"Residência","circunscricao":"91º D.P. CEASA","dataOcorrencia":"06/05/2014","turnoOcorrencia":"PELA MANHÃ","dataComunicacao":"06/05/2014","horaComunicacao":"15:02","dataElaboracao":"06/05/2014","horaElaboracao":"15:03","flagrante":"Não","examesRequisitados":"IC-IML","solucao":"BO PARA INQUÉRITO","partesEnvolvidas":[{"nome":"GILBERTO DI PIERI","tipoEnvolvimento":"Vítima","rg":"3513032-SP","naturalidade":"SAO PAULO","nacionalidade":"BRASILEIRA","sexo":"Masculino","dataNascimento":"03/01/1948","idade":"66","estadoCivil":"Casado","instrucao":"2 Grau incompleto","profissao":"COMERCIANTE","cutis":"Branca","naturezasEnvolvidas":"Homicídio simples (art. 121), Localização/Apreensão de objeto"}],"naturezas":[{"especie":"Título I - Pessoa (arts. 121 a 154)","descricao":"Homicídio simples (art. 121)"},{"especie":"Localização e/ou Devolução","descricao":"Localização/Apreensão de objeto"}],"numeroBoPrincipal":"3368","anoBoPrincipal":"2014","nomeDelegaciaBoPrincipal":"91º D.P. CEASA","categoria":"HOMICIDIO_DOLOSO"}