{"idBO":"2014-10247-6723","numero":"6723","idDelegacia":"10247","tipoBoletim":"Principal","dependencia":"47º D.P. CAPAO REDONDO","local":"RUA FREI LUIS BELTRAO, 279 - JD SÃO LUIS - S.PAULO - SP","tipoLocal":"Via pública","circunscricao":"92º D.P. P. STO ANTONIO","dataOcorrencia":"14/06/2014","turnoOcorrencia":"A NOITE","dataComunicacao":"14/06/2014","horaComunicacao":"23:55","dataElaboracao":"15/06/2014","horaElaboracao":"00:13","flagrante":"Não","examesRequisitados":"IML","solucao":"ENCAMINHAMENTO DP ÁREA DO FATO","partesEnvolvidas":[{"nome":"RAFAEL DE ALMEIDA","tipoEnvolvimento":"Vítima","rg":"30225567-SP","naturalidade":"S.PAULO -SP","sexo":"Masculino","dataNascimento":"18/11/1985","idade":"28","estadoCivil":"Solteiro","instrucao":"1 Grau completo","profissao":"AJUDANTE DE PEDREIRO","cutis":"Parda","naturezasEnvolvidas":"Homicídio simples (art. 121)"}],"naturezas":[{"especie":"Título I - Pessoa (arts. 121 a 154)","descricao":"Homicídio simples (art. 121)"}],"categoria":"HOMICIDIO_DOLOSO"}