{"idBO":"2014-120300-2273","numero":"2273","idDelegacia":"120300","tipoBoletim":"Principal","dependencia":"DEL.SEC.ITAPETININGA","local":"RUA ZAURA, 73 - JARDIM LEONEL - ITAPETININGA - SP","tipoLocal":"Area não ocupada","circunscricao":"02º D.P. ITAPETININGA","dataOcorrencia":"15/09/2014","turnoOcorrencia":"DE MADRUGADA","dataComunicacao":"15/09/2014","horaComunicacao":"03:44","dataElaboracao":"15/09/2014","horaElaboracao":"03:54","flagrante":"Não","examesRequisitados":"IC-IML","solucao":"APRECIAÇÃO DO DELEGADO TITULAR","partesEnvolvidas":[{"nome":"DESCONHECIDO","tipoEnvolvimento":"Vítima","sexo":"Masculino","idade":"35","cutis":"Preta","naturezasEnvolvidas":"Homicídio simples (art. 121)"}],"naturezas":[{"especie":"Título I - Pessoa (arts. 121 a 154)","descricao":"Homicídio simples (art. 121)"}],"categoria":"HOMICIDIO_DOLOSO"}