{"idBO":"2014-200100-118","numero":"118","idDelegacia":"200100","tipoBoletim":"Complementar","dependencia":"DHPP DIV. HOMICIDIOS","local":"R VALDEZ, 2010 - JD. SÃO BENTO - S.PAULO - SP","tipoLocal":"Via pública","circunscricao":"47º D.P. CAPAO REDONDO","dataOcorrencia":"15/02/2014","turnoOcorrencia":"A NOITE","dataComunicacao":"16/02/2014","horaComunicacao":"02:05","dataElaboracao":"16/02/2014","horaElaboracao":"02:06","flagrante":"Não","examesRequisitados":"IC-IML","solucao":"BO PARA INQUÉRITO","partesEnvolvidas":[{"nome":"CARLOS FABIO ALBUQUERQUE MACHADO","tipoEnvolvimento":"Vítima","rg":"36435156-SP","naturalidade":"MOMBACA -CE","nacionalidade":"BRASILEIRA","sexo":"Masculino","dataNascimento":"07/02/1982","idade":"32","estadoCivil":"Solteiro","instrucao":"1 Grau completo","profissao":"MOTO-BOY","cutis":"Parda","naturezasEnvolvidas":"Homicídio simples (art. 121)"}],"naturezas":[{"especie":"Título I - Pessoa (arts. 121 a 154)","descricao":"Homicídio simples (art. 121)"}],"numeroBoPrincipal":"1907","anoBoPrincipal":"2014","nomeDelegaciaBoPrincipal":"47º D.P. CAPAO REDONDO","categoria":"HOMICIDIO_DOLOSO"}