{"idBO":"2014-20113-10146","numero":"10146","idDelegacia":"20113","tipoBoletim":"Principal","dependencia":"13º D.P. CASA VERDE","local":"RUA DOMINGOS VILELA, 7 - CACHOEIRINHA - S.PAULO - SP","tipoLocal":"Comércio e serviços","circunscricao":"13º D.P. CASA VERDE","dataOcorrencia":"26/09/2014","turnoOcorrencia":"A NOITE","dataComunicacao":"26/09/2014","horaComunicacao":"23:08","dataElaboracao":"26/09/2014","horaElaboracao":"23:14","flagrante":"Não","examesRequisitados":"IC-IML","solucao":"APRECIAÇÃO DO DELEGADO TITULAR","partesEnvolvidas":[{"nome":"DEVAIR LACERDA DE CERQUEIRA","tipoEnvolvimento":"Vítima","rg":"17796768-SP","naturalidade":"POCRANE -MG","sexo":"Masculino","dataNascimento":"22/12/1962","idade":"51","estadoCivil":"Casado","instrucao":"1 Grau completo","profissao":"COMERCIANTE","cutis":"Branca","naturezasEnvolvidas":"Roubo (art. 157)"}],"naturezas":[{"especie":"Título II - Patrimônio (arts. 155 a 183)","descricao":"Roubo (art. 157)","desdobramentos":"§3o. Se da violência resulta morte:"}],"categoria":"LATROCINIO"}