{"idBO":"2014-100912-1105","numero":"1105","idDelegacia":"100912","tipoBoletim":"Principal","dependencia":"DEL.POL.PLANTÃO BEBEDOURO","local":"RUA VEREADOR PERCIVAL ÉDSON ALGUIM, 261 - JARDIM CLAUDIA II - CEP: 14700000 - BEBEDOURO - SP","tipoLocal":"Residência","circunscricao":"02º D.P. BEBEDOURO","dataOcorrencia":"10/05/2014","turnoOcorrencia":"PELA MANHÃ","dataComunicacao":"10/05/2014","horaComunicacao":"13:27","dataElaboracao":"10/05/2014","horaElaboracao":"13:29","flagrante":"Sim","examesRequisitados":"IC-IML","solucao":"BO PARA FLAGRANTE","partesEnvolvidas":[{"nome":"FABIO ANTONIO RODRIGUES","tipoEnvolvimento":"Vítima","rg":"29589955-SP","naturalidade":"BEBEDOURO/SP","nacionalidade":"BRASILEIRA","sexo":"Masculino","dataNascimento":"10/02/1975","idade":"39","estadoCivil":"Casado","instrucao":"1 Grau incompleto","profissao":"DESEMPREGADO(A)","cutis":"Preta","naturezasEnvolvidas":"Homicídio simples (art. 121)"}],"naturezas":[{"especie":"Título I - Pessoa (arts. 121 a 154)","descricao":"Homicídio simples (art. 121)"}],"categoria":"HOMICIDIO_DOLOSO"}