{"idBO":"2014-10325-2875","numero":"2875","idDelegacia":"10325","tipoBoletim":"Principal","dependencia":"62º D.P. ERMELINO MATARAZZO","local":"RUA ARLINDO BETTIO - ERMELINO MATARAZZO - S.PAULO - SP","tipoLocal":"Via pública","circunscricao":"62º D.P. ERMELINO MATARAZZO","dataOcorrencia":"16/07/2014","turnoOcorrencia":"PELA MANHÃ","dataComunicacao":"16/07/2014","horaComunicacao":"14:03","dataElaboracao":"16/07/2014","horaElaboracao":"14:07","flagrante":"Não","solucao":"BO PARA INVESTIGAÇÃO","partesEnvolvidas":[{"nome":"JONATAS DA SILVA COSTA","tipoEnvolvimento":"Vítima","sexo":"Masculino","dataNascimento":"01/01/1993","idade":"21","cutis":"Parda","naturezasEnvolvidas":"Homicídio simples (art. 121)"}],"naturezas":[{"especie":"Título I - Pessoa (arts. 121 a 154)","descricao":"Homicídio simples (art. 121)"}],"categoria":"HOMICIDIO_DOLOSO"}