{"idBO":"2014-120607-2943","numero":"2943","idDelegacia":"120607","tipoBoletim":"Principal","dependencia":"PLANTÃO DE SOROCABA - Z. NORTE","local":"R ANTONIO SILVA SALADINO, 1545 - VITORIA REGIA - SOROCABA - SP","tipoLocal":"Via pública","circunscricao":"11º D.P. SOROCABA","dataOcorrencia":"22/03/2014","turnoOcorrencia":"A NOITE","dataComunicacao":"23/03/2014","horaComunicacao":"02:04","dataElaboracao":"23/03/2014","horaElaboracao":"02:08","flagrante":"Não","examesRequisitados":"IC-IML","solucao":"ENCAMINHAMENTO DP ÁREA DO FATO","partesEnvolvidas":[{"nome":"RONALDO DOS SANTOS","tipoEnvolvimento":"Vítima","naturalidade":"SOROCABA","nacionalidade":"BRASILEIRA","sexo":"Masculino","idade":"0","estadoCivil":"Solteiro","cutis":"Preta","naturezasEnvolvidas":"Homicídio simples (art. 121)"}],"naturezas":[{"especie":"Título I - Pessoa (arts. 121 a 154)","descricao":"Homicídio simples (art. 121)"}],"categoria":"HOMICIDIO_DOLOSO"}