{"idBO":"2014-30212-5411","numero":"5411","idDelegacia":"30212","tipoBoletim":"Principal","dependencia":"04º D.P. GUARULHOS","local":"ESTRADA DO SACRAMENTO - PIMENTAS - GUARULHOS - SP","tipoLocal":"Via pública","circunscricao":"04º D.P. GUARULHOS","dataOcorrencia":"23/07/2014","turnoOcorrencia":"A TARDE","dataComunicacao":"23/07/2014","horaComunicacao":"14:57","dataElaboracao":"23/07/2014","horaElaboracao":"15:05","flagrante":"Não","solucao":"APRECIAÇÃO DO DELEGADO TITULAR","partesEnvolvidas":[{"sexo":"Masculino","idade":"48","cutis":"Parda","naturezasEnvolvidas":"Homicídio simples (art. 121)"}],"naturezas":[{"especie":"Título I - Pessoa (arts. 121 a 154)","descricao":"Homicídio simples (art. 121)"}],"categoria":"HOMICIDIO_DOLOSO"}