{"idBO":"2014-30217-335","numero":"335","idDelegacia":"30217","tipoBoletim":"Principal","dependencia":"07º D.P. GUARULHOS","local":"R CRISTOVAO MORAIS DA ROCHA, 353 - PONTE ALTA - GUARULHOS - SP","tipoLocal":"Residência","circunscricao":"07º D.P. GUARULHOS","dataOcorrencia":"12/01/2014","turnoOcorrencia":"A TARDE","dataComunicacao":"12/01/2014","horaComunicacao":"17:40","dataElaboracao":"12/01/2014","horaElaboracao":"17:41","flagrante":"Sim","examesRequisitados":"IC-IML","solucao":"BO PARA FLAGRANTE","partesEnvolvidas":[{"nome":"ELCIO FERREIRA DA SILVA","tipoEnvolvimento":"Vítima","rg":"24557692-SP","naturalidade":"CATENDE -PE","nacionalidade":"BRASILEIRA","sexo":"Masculino","dataNascimento":"22/01/1972","idade":"41","estadoCivil":"Convivente","instrucao":"1 Grau incompleto","profissao":"AJUDANTE GERAL","cutis":"Parda","naturezasEnvolvidas":"Homicídio simples (art. 121)"}],"naturezas":[{"especie":"Título I - Pessoa (arts. 121 a 154)","descricao":"Homicídio simples (art. 121)"}],"categoria":"HOMICIDIO_DOLOSO"}