{"idBO":"2014-100433-815","numero":"815","idDelegacia":"100433","tipoBoletim":"Principal","dependencia":"DEL.POL.PRADOPOLIS","local":"RUA B, 58 - HORTO FLORESTAL GUARANI - PRADOPOLIS - SP","tipoLocal":"Unidade rural","circunscricao":"DEL.POL.PRADOPOLIS","dataOcorrencia":"10/10/2014","turnoOcorrencia":"A NOITE","dataComunicacao":"10/10/2014","horaComunicacao":"22:42","dataElaboracao":"10/10/2014","horaElaboracao":"22:46","flagrante":"Não","solucao":"APRECIAÇÃO DO DELEGADO TITULAR","partesEnvolvidas":[{"nome":"ALEXSSANDRO DE CASTRO MARTINS","tipoEnvolvimento":"Vítima","rg":"45386784-SP","naturalidade":"GUARIBA -SP","nacionalidade":"BRASILEIRA","sexo":"Masculino","dataNascimento":"28/07/1982","idade":"32","estadoCivil":"Solteiro","instrucao":"1 Grau completo","profissao":"LAVRADOR(A)","cutis":"Preta","naturezasEnvolvidas":"Homicídio qualificado (art. 121, §2o.)"}],"naturezas":[{"especie":"Título I - Pessoa (arts. 121 a 154)","descricao":"Homicídio qualificado (art. 121, §2o.)"}],"categoria":"HOMICIDIO_DOLOSO"}