{"idBO":"2014-20231-4842","numero":"4842","idDelegacia":"20231","tipoBoletim":"Principal","dependencia":"31º D.P. VILA CARRAO","local":"RUA MELO FREIRE, 1 - TATUAPE - S.PAULO - SP","tipoLocal":"Via pública","circunscricao":"30º D.P. TATUAPE","dataOcorrencia":"16/08/2014","turnoOcorrencia":"A NOITE","dataComunicacao":"17/08/2014","horaComunicacao":"17:44","dataElaboracao":"17/08/2014","horaElaboracao":"17:53","flagrante":"Não","solucao":"ENCAMINHAMENTO DP ÁREA DO FATO","partesEnvolvidas":[{"nome":"ROGER SOUZA BRITO","tipoEnvolvimento":"Vítima","rg":"26266825-SP","naturalidade":"CARAPICUIBA -SP","nacionalidade":"BRASILEIRA","sexo":"Masculino","dataNascimento":"03/08/1977","idade":"37","cutis":"Parda","naturezasEnvolvidas":"Homicídio simples (art. 121)"}],"naturezas":[{"especie":"Título I - Pessoa (arts. 121 a 154)","descricao":"Homicídio simples (art. 121)"}],"categoria":"HOMICIDIO_DOLOSO"}