{"idBO":"2014-30302-6461","numero":"6461","idDelegacia":"30302","tipoBoletim":"Principal","dependencia":"DEL.POL.FERRAZ DE VASCONCELOS","local":"ESTRADA CORPO SECO, 1 - - FERRAZ DE VASCONCELOS - SP","tipoLocal":"Via pública","circunscricao":"DEL.POL.FERRAZ DE VASCONCELOS","dataOcorrencia":"13/12/2014","turnoOcorrencia":"A TARDE","dataComunicacao":"13/12/2014","horaComunicacao":"19:57","dataElaboracao":"13/12/2014","horaElaboracao":"20:04","flagrante":"Não","examesRequisitados":"IC-IML","solucao":"BO PARA INVESTIGAÇÃO","partesEnvolvidas":[{"sexo":"Masculino","idade":"0","cutis":"Branca","naturezasEnvolvidas":"Homicídio simples (art. 121)"}],"naturezas":[{"especie":"Título I - Pessoa (arts. 121 a 154)","descricao":"Homicídio simples (art. 121)"},{"especie":"Título XI - Administração pública (arts. 312 a 359-H)","descricao":"Prevaricação (art. 319)"}],"categoria":"HOMICIDIO_DOLOSO"}