{"idBO":"2014-20250-460","numero":"460","idDelegacia":"20250","tipoBoletim":"Principal","dependencia":"50º D.P. ITAIM PAULISTA","local":"R TEJUNHANA, 163 - JD CAMARGO NOVO - S.PAULO - SP","tipoLocal":"Via pública","circunscricao":"50º D.P. ITAIM PAULISTA","dataOcorrencia":"12/01/2014","turnoOcorrencia":"A TARDE","dataComunicacao":"12/01/2014","horaComunicacao":"15:24","dataElaboracao":"12/01/2014","horaElaboracao":"15:26","flagrante":"Não","examesRequisitados":"IC-IML","solucao":"ENCAMINHAMENTO DP ÁREA DO FATO","partesEnvolvidas":[{"nome":"FATAL ANTONIO GERALDO COIMBRA","tipoEnvolvimento":"Vítima","rg":"13335080-SP","naturalidade":"NAO INFORMADA(MOT\u003dACERVO)","nacionalidade":"BRASILEIRA","sexo":"Masculino","dataNascimento":"12/09/1950","idade":"63","profissao":"COMERCIANTE","cutis":"Parda","naturezasEnvolvidas":"Homicídio simples (art. 121)"}],"naturezas":[{"especie":"Título II - Patrimônio (arts. 155 a 183)","descricao":"Roubo (art. 157)"},{"especie":"Título I - Pessoa (arts. 121 a 154)","descricao":"Homicídio simples (art. 121)"}],"categoria":"HOMICIDIO_DOLOSO"}