{"idBO":"2014-130516-4206","numero":"4206","idDelegacia":"130516","tipoBoletim":"Principal","dependencia":"DEL.SEC.TAUBATE PLANTÃO","local":"RUA LUÍS VAZ DE CAMÕES, 325 - JARDIM ANA ROSA - TAUBATE - SP","tipoLocal":"Restaurante e afins","circunscricao":"03º D.P. TAUBATE","dataOcorrencia":"16/08/2014","turnoOcorrencia":"PELA MANHÃ","dataComunicacao":"16/08/2014","horaComunicacao":"15:37","dataElaboracao":"16/08/2014","horaElaboracao":"15:48","flagrante":"Não","examesRequisitados":"IC-IML","solucao":"ENCAMINHAMENTO DP ÁREA DO FATO","partesEnvolvidas":[{"nome":"ALEX FABIANO MONTEIRO","tipoEnvolvimento":"Vítima","rg":"32265332-SP","naturalidade":"TAUBATE -SP","sexo":"Masculino","dataNascimento":"17/11/1979","idade":"34","estadoCivil":"Solteiro","instrucao":"1 Grau completo","profissao":"OFFICE-BOY","cutis":"Branca","naturezasEnvolvidas":"Homicídio simples (art. 121)"}],"naturezas":[{"especie":"Título I - Pessoa (arts. 121 a 154)","descricao":"Homicídio simples (art. 121)"}],"categoria":"HOMICIDIO_DOLOSO"}