{"idBO":"2014-10358-2304","numero":"2304","idDelegacia":"10358","tipoBoletim":"Principal","dependencia":"95º D.P. HELIÓPOLIS","local":"AVENIDA DAS JUNTAS PROVISORIAS, 1 - IPIRANGA - S.PAULO - SP","tipoLocal":"Area não ocupada","circunscricao":"95º D.P. HELIÓPOLIS","dataOcorrencia":"17/06/2014","turnoOcorrencia":"A TARDE","dataComunicacao":"17/06/2014","horaComunicacao":"19:19","dataElaboracao":"17/06/2014","horaElaboracao":"19:34","flagrante":"Não","examesRequisitados":"IC-IML","solucao":"AGUARDANDO LAUDOS","partesEnvolvidas":[{"cutis":"Parda","naturezasEnvolvidas":"Homicídio qualificado (art. 121, §2o.)"}],"naturezas":[{"especie":"Título I - Pessoa (arts. 121 a 154)","descricao":"Homicídio qualificado (art. 121, §2o.)","desdobramentos":"V - para assegurar a execução/ocultação/impunidade/vantagem de outro crime"}],"categoria":"HOMICIDIO_DOLOSO"}