{"idBO":"2014-10336-3083","numero":"3083","idDelegacia":"10336","tipoBoletim":"Principal","dependencia":"73º D.P. JACANA","local":"R IZIDRO ORTIZ, 323 - JD GUANÇA - S.PAULO - SP","tipoLocal":"Via pública","circunscricao":"90º D.P. PQ. NOVO MUNDO","dataOcorrencia":"21/03/2014","turnoOcorrencia":"DE MADRUGADA","dataComunicacao":"21/03/2014","horaComunicacao":"04:40","dataElaboracao":"21/03/2014","horaElaboracao":"04:41","flagrante":"Não","solucao":"ENCAMINHAMENTO DP ÁREA DO FATO","partesEnvolvidas":[{"nome":"ANDRE JOSE DA SILVA","tipoEnvolvimento":"Vítima","rg":"45892851-SP","naturalidade":"S.PAULO -SP","nacionalidade":"BRASILEIRA","sexo":"Masculino","dataNascimento":"21/01/1984","idade":"30","estadoCivil":"Convivente","cutis":"Parda","naturezasEnvolvidas":"Homicídio simples (art. 121)"}],"naturezas":[{"especie":"Título I - Pessoa (arts. 121 a 154)","descricao":"Homicídio simples (art. 121)"}],"categoria":"HOMICIDIO_DOLOSO"}