{"idBO":"2014-30105-2650","numero":"2650","idDelegacia":"30105","tipoBoletim":"Principal","dependencia":"04º D.P. SANTO ANDRÉ","local":"ESTRADA CATA PRETA - VILA JOÃO RAMALHO - S.ANDRE - SP","tipoLocal":"Via pública","circunscricao":"06º D.P. SANTO ANDRÉ","dataOcorrencia":"27/04/2014","turnoOcorrencia":"DE MADRUGADA","dataComunicacao":"27/04/2014","horaComunicacao":"10:03","dataElaboracao":"27/04/2014","horaElaboracao":"10:05","flagrante":"Não","examesRequisitados":"IML","solucao":"ENCAMINHAMENTO DP ÁREA DO FATO","partesEnvolvidas":[{"nome":"JEFFERSON DE SOUZA MEVES","tipoEnvolvimento":"Vítima","rg":"45974278-SP","naturalidade":"S.ANDRE -SP","nacionalidade":"BRASILEIRA","sexo":"Masculino","dataNascimento":"29/04/1994","idade":"19","estadoCivil":"Solteiro","instrucao":"1 Grau incompleto","profissao":"AUTONOMO(A)","cutis":"Branca","naturezasEnvolvidas":"Homicídio simples (art. 121)"}],"naturezas":[{"especie":"Título I - Pessoa (arts. 121 a 154)","descricao":"Homicídio simples (art. 121)"}],"categoria":"HOMICIDIO_DOLOSO"}