{"idBO":"2014-10326-8590","numero":"8590","idDelegacia":"10326","tipoBoletim":"Principal","dependencia":"63º D.P. VILA JACUI","local":"AVENIDA JACU PESSEGO, 7 - - S.PAULO - SP","tipoLocal":"Via pública","circunscricao":"63º D.P. VILA JACUI","dataOcorrencia":"21/08/2014","turnoOcorrencia":"PELA MANHÃ","dataComunicacao":"21/08/2014","horaComunicacao":"09:05","dataElaboracao":"21/08/2014","horaElaboracao":"09:17","flagrante":"Não","examesRequisitados":"IML","solucao":"BO PARA INQUÉRITO","partesEnvolvidas":[{"sexo":"Masculino","idade":"0","cutis":"Parda","naturezasEnvolvidas":"Homicídio simples (art. 121)"}],"naturezas":[{"especie":"Título I - Pessoa (arts. 121 a 154)","descricao":"Homicídio simples (art. 121)"}],"categoria":"HOMICIDIO_DOLOSO"}