{"idBO":"2014-30111-9972","numero":"9972","idDelegacia":"30111","tipoBoletim":"Complementar","dependencia":"03º D.P. S.BERNARDO DO CAMPO","local":"RUA JURUBEBA, 27 - JUSSARA - S.BERNARDO DO CAMPO - SP","tipoLocal":"Via pública","circunscricao":"03º D.P. S.BERNARDO DO CAMPO","dataOcorrencia":"02/11/2014","turnoOcorrencia":"A NOITE","dataComunicacao":"03/11/2014","horaComunicacao":"05:09","dataElaboracao":"03/11/2014","horaElaboracao":"05:10","flagrante":"Não","solucao":"BO PARA ADENDO","partesEnvolvidas":[{"nome":"FATAL DIAMANTINO FERREIRA ALVES","tipoEnvolvimento":"Vítima","rg":"26731339-SP","naturalidade":"BARBOSA FERRAZ -PR","nacionalidade":"BRASILEIRA","sexo":"Masculino","dataNascimento":"30/04/1975","idade":"39","profissao":"PINTOR(A)","cutis":"Branca","naturezasEnvolvidas":"Homicídio simples (art. 121)"}],"naturezas":[{"especie":"Título I - Pessoa (arts. 121 a 154)","descricao":"Homicídio simples (art. 121)"},{"especie":"Título II - Patrimônio (arts. 155 a 183)","descricao":"Roubo (art. 157)"}],"numeroBoPrincipal":"9971","anoBoPrincipal":"2014","nomeDelegaciaBoPrincipal":"03º D.P. S.BERNARDO DO CAMPO","categoria":"HOMICIDIO_DOLOSO"}