{"idBO":"2014-130310-785","numero":"785","idDelegacia":"130310","tipoBoletim":"Principal","dependencia":"01º D.P. S.JOSE DOS CAMPOS","local":"AV NELSON D\u0027VILA, 513 - CENTRO - S.JOSE DOS CAMPOS - SP","tipoLocal":"Hospedagem","circunscricao":"01º D.P. S.JOSE DOS CAMPOS","dataOcorrencia":"09/02/2014","turnoOcorrencia":"DE MADRUGADA","dataComunicacao":"09/02/2014","horaComunicacao":"02:19","dataElaboracao":"09/02/2014","horaElaboracao":"02:22","flagrante":"Não","examesRequisitados":"IC-IML","solucao":"BO PARA INVESTIGAÇÃO","partesEnvolvidas":[{"nome":"JOSE FRANCISCO BATISTA","tipoEnvolvimento":"Vítima","rg":"25503365-SP","naturalidade":"JAICOS -PI","nacionalidade":"BRASILEIRA","sexo":"Masculino","dataNascimento":"01/02/1972","idade":"42","cutis":"Parda","naturezasEnvolvidas":"Homicídio simples (art. 121)"}],"naturezas":[{"especie":"Título I - Pessoa (arts. 121 a 154)","descricao":"Homicídio simples (art. 121)"}],"categoria":"HOMICIDIO_DOLOSO"}