{"idBO":"2014-10356-5405","numero":"5405","idDelegacia":"10356","tipoBoletim":"Principal","dependencia":"89º D.P. JARDIM TABOAO","local":"RUA CLOVIS SALES SANTOS, 18 - JD D\u0027ABRIL - S.PAULO - SP","tipoLocal":"Via pública","circunscricao":"75º D.P. JARDIM ARPOADOR","dataOcorrencia":"19/06/2014","turnoOcorrencia":"PELA MANHÃ","dataComunicacao":"19/06/2014","horaComunicacao":"08:35","dataElaboracao":"19/06/2014","horaElaboracao":"08:37","flagrante":"Não","solucao":"ENCAMINHAMENTO DP ÁREA DO FATO","partesEnvolvidas":[{"nome":"LINO FERREIRA DA SILVA","tipoEnvolvimento":"Vítima","rg":"54917713-SP","naturalidade":"VIRGEM DA LAPA -MG","nacionalidade":"BRASILEIRA","sexo":"Masculino","dataNascimento":"28/05/1991","idade":"23","estadoCivil":"Solteiro","instrucao":"1 Grau completo","cutis":"Preta","naturezasEnvolvidas":"Homicídio qualificado (art. 121, §2o.)"}],"naturezas":[{"especie":"Título I - Pessoa (arts. 121 a 154)","descricao":"Homicídio qualificado (art. 121, §2o.)"}],"categoria":"HOMICIDIO_DOLOSO"}