{"idBO":"2014-200100-878","numero":"878","idDelegacia":"200100","tipoBoletim":"Complementar","dependencia":"DHPP DIV. HOMICIDIOS","local":"RUA JOAO CORREA CASTRO, 65 - BRASILANDIA - S.PAULO - SP","tipoLocal":"Via pública","circunscricao":"74º D.P. PARADA TAIPAS","dataOcorrencia":"12/12/2014","turnoOcorrencia":"PELA MANHÃ","dataComunicacao":"12/12/2014","horaComunicacao":"11:34","dataElaboracao":"12/12/2014","horaElaboracao":"11:35","flagrante":"Não","examesRequisitados":"IC-IML","solucao":"BO PARA INQUÉRITO","partesEnvolvidas":[{"nome":"DESCONHECIDO","tipoEnvolvimento":"Vítima","sexo":"Masculino","idade":"0","cutis":"Parda","naturezasEnvolvidas":"Homicídio simples (art. 121)"}],"naturezas":[{"especie":"Título I - Pessoa (arts. 121 a 154)","descricao":"Homicídio simples (art. 121)"}],"numeroBoPrincipal":"4845","anoBoPrincipal":"2014","nomeDelegaciaBoPrincipal":"74º D.P. PARADA TAIPAS","categoria":"HOMICIDIO_DOLOSO"}