{"idBO":"2014-30124-5947","numero":"5947","idDelegacia":"30124","tipoBoletim":"Principal","dependencia":"01º D.P. MAUA","local":"RUA OSVALDO ELÍAS, 15 - JD KENNEDY - MAUA - SP","tipoLocal":"Residência","circunscricao":"02º D.P. MAUA","dataOcorrencia":"02/08/2014","turnoOcorrencia":"A NOITE","dataComunicacao":"03/08/2014","horaComunicacao":"00:14","dataElaboracao":"03/08/2014","horaElaboracao":"00:19","flagrante":"Não","examesRequisitados":"IC-IML","solucao":"ENCAMINHAMENTO DP ÁREA DO FATO","partesEnvolvidas":[{"sexo":"Masculino","idade":"0","cutis":"Parda","naturezasEnvolvidas":"Homicídio simples (art. 121)"},{"nome":"EDSON LUIZ DA SILVA","tipoEnvolvimento":"Vítima","rg":"12915680-SP","naturalidade":"RECIFE -PE","sexo":"Masculino","dataNascimento":"29/07/1960","idade":"54","estadoCivil":"Casado","instrucao":"1 Grau completo","profissao":"VIGILANTE","cutis":"Branca","naturezasEnvolvidas":"Homicídio simples (art. 121)"}],"naturezas":[{"especie":"Título I - Pessoa (arts. 121 a 154)","descricao":"Homicídio simples (art. 121)"},{"especie":"Título I - Pessoa (arts. 121 a 154)","descricao":"Homicídio simples (art. 121)"}],"categoria":"HOMICIDIO_DOLOSO"}