{"idBO":"2014-130514-1448","numero":"1448","idDelegacia":"130514","tipoBoletim":"Principal","dependencia":"DEL.SEC.GUARATINGUETA PLANTÃO","local":"RUA SÃO ROQUE, 165 - CAMPINHO - GUARATINGUETA - SP","tipoLocal":"Via pública","circunscricao":"01º D.P. GUARATINGUETA","dataOcorrencia":"11/10/2014","turnoOcorrencia":"A NOITE","dataComunicacao":"12/10/2014","horaComunicacao":"00:27","dataElaboracao":"12/10/2014","horaElaboracao":"00:29","flagrante":"Não","examesRequisitados":"IC-IML","solucao":"APRECIAÇÃO DO DELEGADO TITULAR","partesEnvolvidas":[{"nome":"ANTONIO CARLOS DE ALMEIDA","tipoEnvolvimento":"Vítima","rg":"45318867-SP","naturalidade":"GUARATINGUETA -SP","dataNascimento":"29/03/1983","idade":"31","estadoCivil":"Solteiro","instrucao":"1 Grau completo","profissao":"PINTOR(A)","cutis":"Branca","naturezasEnvolvidas":"Homicídio simples (art. 121)"}],"naturezas":[{"especie":"Título I - Pessoa (arts. 121 a 154)","descricao":"Homicídio simples (art. 121)"}],"categoria":"HOMICIDIO_DOLOSO"}