{"idBO":"2014-120505-1803","numero":"1803","idDelegacia":"120505","tipoBoletim":"Principal","dependencia":"DEL.POL.IBIÚNA","local":"ESTRADA DA AREIA VERMELHA, KM 4.5 - RIO DE UNA DE CIMA - IBIUNA - SP","tipoLocal":"Via pública","circunscricao":"DEL.POL.IBIÚNA","dataOcorrencia":"09/08/2014","turnoOcorrencia":"A NOITE","dataComunicacao":"09/08/2014","horaComunicacao":"23:20","dataElaboracao":"09/08/2014","horaElaboracao":"23:23","flagrante":"Sim","examesRequisitados":"IML","solucao":"BO PARA FLAGRANTE","partesEnvolvidas":[{"nome":"ALEX SANDRO DA SILVA","tipoEnvolvimento":"Vítima","rg":"43650493-SP","naturalidade":"MAUA -SP","nacionalidade":"BRASILEIRA","dataNascimento":"14/02/1983","idade":"31","estadoCivil":"Solteiro","profissao":"AJUDANTE DE PEDREIRO","cutis":"Branca","naturezasEnvolvidas":"Homicídio simples (art. 121)"}],"naturezas":[{"especie":"Título I - Pessoa (arts. 121 a 154)","descricao":"Homicídio simples (art. 121)"}],"categoria":"HOMICIDIO_DOLOSO"}