{"idBO":"2014-20140-2861","numero":"2861","idDelegacia":"20140","tipoBoletim":"Principal","dependencia":"40º D.P. VILA STA MARIA","local":"AVENIDA ENGENHEIRO CAETANO ALVARES, 1330 - CASA VERDE - S.PAULO - SP","tipoLocal":"Via pública","circunscricao":"40º D.P. VILA STA MARIA","dataOcorrencia":"05/10/2014","turnoOcorrencia":"A TARDE","dataComunicacao":"05/10/2014","horaComunicacao":"18:26","dataElaboracao":"05/10/2014","horaElaboracao":"18:29","flagrante":"Não","examesRequisitados":"IC-IML","solucao":"APRECIAÇÃO DO DELEGADO TITULAR","partesEnvolvidas":[{"nome":"GABRIEL SANTOS OLIVEIRA","tipoEnvolvimento":"Vítima","rg":"39889401-SP","naturalidade":"S.PAULO -SP","nacionalidade":"BRASILEIRA","sexo":"Masculino","dataNascimento":"20/09/1997","idade":"17","instrucao":"1 Grau completo","cutis":"Parda","naturezasEnvolvidas":"Homicídio simples (art. 121)"}],"naturezas":[{"especie":"Título II - Patrimônio (arts. 155 a 183)","descricao":"Roubo (art. 157)"},{"especie":"Título I - Pessoa (arts. 121 a 154)","descricao":"Homicídio simples (art. 121)"}],"categoria":"HOMICIDIO_DOLOSO"}