{"idBO":"2014-200100-718","numero":"718","idDelegacia":"200100","tipoBoletim":"Complementar","dependencia":"DHPP DIV. HOMICIDIOS","local":"RUA JANDIA, 100 - ITAIM PAULISTA - S.PAULO - SP","tipoLocal":"Area não ocupada","circunscricao":"50º D.P. ITAIM PAULISTA","dataOcorrencia":"10/10/2014","turnoOcorrencia":"PELA MANHÃ","dataComunicacao":"10/10/2014","horaComunicacao":"10:42","dataElaboracao":"10/10/2014","horaElaboracao":"10:45","flagrante":"Não","examesRequisitados":"IC-IML","solucao":"BO PARA INQUÉRITO","partesEnvolvidas":[{"nome":"MARCOS ANTONIO DOS SANTOS","tipoEnvolvimento":"Vítima","rg":"34366975-SP","naturalidade":"S.PAULO -SP","nacionalidade":"BRASILEIRA","sexo":"Masculino","dataNascimento":"27/11/1977","idade":"36","estadoCivil":"Solteiro","instrucao":"1 Grau completo","profissao":"RECICLADOR","cutis":"Preta","naturezasEnvolvidas":"Homicídio simples (art. 121)"}],"naturezas":[{"especie":"Título I - Pessoa (arts. 121 a 154)","descricao":"Homicídio simples (art. 121)"}],"numeroBoPrincipal":"10746","anoBoPrincipal":"2014","nomeDelegaciaBoPrincipal":"50º D.P. ITAIM PAULISTA","categoria":"HOMICIDIO_DOLOSO"}