{"idBO":"2014-30119-294","numero":"294","idDelegacia":"30119","tipoBoletim":"Principal","dependencia":"04º D.P. S.BERNARDO DO CAMPO","local":"ESTRADA DO BANESPA, 1000 - - S.BERNARDO DO CAMPO - SP","tipoLocal":"Via pública","circunscricao":"04º D.P. S.BERNARDO DO CAMPO","dataOcorrencia":"17/04/2014","turnoOcorrencia":"A TARDE","dataComunicacao":"17/04/2014","horaComunicacao":"16:49","dataElaboracao":"17/04/2014","horaElaboracao":"16:54","flagrante":"Não","examesRequisitados":"IC-IML","solucao":"APRECIAÇÃO DO DELEGADO TITULAR","partesEnvolvidas":[{"sexo":"Masculino","idade":"0","cutis":"Parda","naturezasEnvolvidas":"Homicídio simples (art. 121)"}],"naturezas":[{"especie":"Título I - Pessoa (arts. 121 a 154)","descricao":"Homicídio simples (art. 121)"}],"categoria":"HOMICIDIO_DOLOSO"}