{"idBO":"2014-20250-2010","numero":"2010","idDelegacia":"20250","tipoBoletim":"Principal","dependencia":"50º D.P. ITAIM PAULISTA","local":"R CATAMARA, 35 - - S.PAULO - SP","tipoLocal":"Via pública","circunscricao":"50º D.P. ITAIM PAULISTA","dataOcorrencia":"20/02/2014","turnoOcorrencia":"A NOITE","dataComunicacao":"21/02/2014","horaComunicacao":"00:47","dataElaboracao":"21/02/2014","horaElaboracao":"00:49","flagrante":"Não","examesRequisitados":"IML","solucao":"BO PARA INVESTIGAÇÃO","partesEnvolvidas":[{"nome":"RICARDO LIMA DA SILVA","tipoEnvolvimento":"Vítima","rg":"39939029-SP","naturalidade":"S.PAULO -SP","nacionalidade":"BRASILEIRA","sexo":"Masculino","dataNascimento":"16/11/1996","idade":"17","estadoCivil":"Solteiro","instrucao":"1 Grau completo","profissao":"ESTUDANTE","cutis":"Branca","naturezasEnvolvidas":"Homicídio simples (art. 121)"}],"naturezas":[{"especie":"Título I - Pessoa (arts. 121 a 154)","descricao":"Homicídio simples (art. 121)"}],"categoria":"HOMICIDIO_DOLOSO"}