{"idBO":"2014-270103-87","numero":"87","idDelegacia":"270103","tipoBoletim":"Principal","dependencia":"DEL.POL.S.LOURENÇO DA SERRA","local":"RUA SANTO EXPEDITO - TRIANGULO AZUL - S.LOURENCO DA SERRA - SP","tipoLocal":"Via pública","circunscricao":"DEL.POL.S.LOURENÇO DA SERRA","dataOcorrencia":"24/02/2014","turnoOcorrencia":"A TARDE","dataComunicacao":"24/02/2014","horaComunicacao":"14:57","dataElaboracao":"24/02/2014","horaElaboracao":"14:58","flagrante":"Não","examesRequisitados":"IC-IML","solucao":"BO PARA INQUÉRITO","partesEnvolvidas":[{"nome":"DESCONHECIDO","tipoEnvolvimento":"Vítima","sexo":"Masculino","idade":"0","cutis":"Parda","naturezasEnvolvidas":"Homicídio simples (art. 121)"}],"naturezas":[{"especie":"Título I - Pessoa (arts. 121 a 154)","descricao":"Homicídio simples (art. 121)"}],"categoria":"HOMICIDIO_DOLOSO"}