{"idBO":"2014-200100-593","numero":"593","idDelegacia":"200100","tipoBoletim":"Complementar","dependencia":"DHPP DIV. HOMICIDIOS","local":"RUA DOMENICO FARINATI, 44 - CAPAO REDONDO - S.PAULO - SP","tipoLocal":"Via pública","circunscricao":"47º D.P. CAPAO REDONDO","dataOcorrencia":"12/08/2014","turnoOcorrencia":"PELA MANHÃ","dataComunicacao":"12/08/2014","horaComunicacao":"13:54","dataElaboracao":"12/08/2014","horaElaboracao":"13:56","flagrante":"Não","examesRequisitados":"IC-IML","solucao":"BO PARA INQUÉRITO","partesEnvolvidas":[{"nome":"JOSE WILLIAN NEVES FERNANDES","tipoEnvolvimento":"Vítima","rg":"21759964-SP","naturalidade":"SAO PAULO","nacionalidade":"BRASILEIRA","sexo":"Masculino","dataNascimento":"16/10/1973","idade":"40","cutis":"Parda","naturezasEnvolvidas":"Homicídio simples (art. 121)"}],"naturezas":[{"especie":"Título I - Pessoa (arts. 121 a 154)","descricao":"Homicídio simples (art. 121)"}],"numeroBoPrincipal":"8879","anoBoPrincipal":"2014","nomeDelegaciaBoPrincipal":"47º D.P. CAPAO REDONDO","categoria":"HOMICIDIO_DOLOSO"}