{"idBO":"2014-100310-1826","numero":"1826","idDelegacia":"100310","tipoBoletim":"Principal","dependencia":"DEL.POL.MIGUELOPOLIS","local":"FAZENDA BOA ESPERANÇA - CORREGO DO ATALHO - CEP: 14530000 - MIGUELOPOLIS - SP","tipoLocal":"Unidade rural","circunscricao":"DEL.POL.MIGUELOPOLIS","dataOcorrencia":"14/10/2014","turnoOcorrencia":"A TARDE","dataComunicacao":"14/10/2014","horaComunicacao":"19:50","dataElaboracao":"14/10/2014","horaElaboracao":"19:55","flagrante":"Não","examesRequisitados":"IC-IML","solucao":"APRECIAÇÃO DO DELEGADO TITULAR","partesEnvolvidas":[{"nome":"LEONARDO DA SILVA SOUSA","tipoEnvolvimento":"Vítima","rg":"29320640-SP","naturalidade":"ITUVERAVA -SP","nacionalidade":"BRASILEIRA","sexo":"Masculino","dataNascimento":"09/10/1977","idade":"37","estadoCivil":"Solteiro","instrucao":"Superior completo","profissao":"ANALISTA DE SISTEMAS","cutis":"Branca","naturezasEnvolvidas":"Roubo (art. 157)"}],"naturezas":[{"especie":"Título II - Patrimônio (arts. 155 a 183)","descricao":"Roubo (art. 157)","desdobramentos":"§3o. Se da violência resulta morte:"}],"categoria":"LATROCINIO"}