{"idBO":"2014-130501-2180","numero":"2180","idDelegacia":"130501","tipoBoletim":"Principal","dependencia":"03º D.P. JACAREI","local":"RUA ANTONO AFONSO, 119 - CENTRO - CEP: 12300000 - JACAREI - SP","tipoLocal":"Saúde","circunscricao":"03º D.P. JACAREI","dataOcorrencia":"17/10/2014","turnoOcorrencia":"PELA MANHÃ","dataComunicacao":"17/10/2014","horaComunicacao":"15:48","dataElaboracao":"17/10/2014","horaElaboracao":"15:59","flagrante":"Não","examesRequisitados":"IML","solucao":"ENCAMINHAMENTO DP ÁREA DO FATO","partesEnvolvidas":[{"nome":"FABIO HENRIQUE ROQUE SANTINON","tipoEnvolvimento":"Vítima","rg":"29782752-SP","naturalidade":"S.CARLOS -SP","dataNascimento":"09/10/1978","idade":"36","estadoCivil":"Solteiro","instrucao":"2 Grau completo","cutis":"Parda","naturezasEnvolvidas":"Homicídio qualificado (art. 121, §2o.)"}],"naturezas":[{"especie":"Título I - Pessoa (arts. 121 a 154)","descricao":"Homicídio qualificado (art. 121, §2o.)"}],"categoria":"HOMICIDIO_DOLOSO"}