{"idBO":"2014-200100-506","numero":"506","idDelegacia":"200100","tipoBoletim":"Complementar","dependencia":"DHPP DIV. HOMICIDIOS","local":"RUA MILTON JANSEN DE FARIA, 6 - JD CARUMBE - S.PAULO - SP","tipoLocal":"Via pública","circunscricao":"74º D.P. PARADA TAIPAS","dataOcorrencia":"05/07/2014","turnoOcorrencia":"A NOITE","dataComunicacao":"06/07/2014","horaComunicacao":"00:36","dataElaboracao":"06/07/2014","horaElaboracao":"00:37","flagrante":"Não","examesRequisitados":"IC-IML","solucao":"BO PARA INQUÉRITO","partesEnvolvidas":[{"nome":"JULIO INACIO DOS SANTOS","tipoEnvolvimento":"Vítima","rg":"42344465-SP","naturalidade":"S.PAULO -SP","nacionalidade":"BRASILEIRA","sexo":"Masculino","dataNascimento":"29/09/1981","idade":"32","estadoCivil":"Solteiro","instrucao":"1 Grau completo","profissao":"DESEMPREGADO","cutis":"Preta","naturezasEnvolvidas":"Homicídio simples (art. 121)"}],"naturezas":[{"especie":"Título I - Pessoa (arts. 121 a 154)","descricao":"Homicídio simples (art. 121)"}],"numeroBoPrincipal":"5907","anoBoPrincipal":"2014","nomeDelegaciaBoPrincipal":"72º D.P. VILA PENTEADO","categoria":"HOMICIDIO_DOLOSO"}