{"idBO":"2014-10216-5494","numero":"5494","idDelegacia":"10216","tipoBoletim":"Principal","dependencia":"16º D.P. VILA CLEMENTINO","local":"RUA VITOR COSTA, 77 - JARDIM COLINA - S.PAULO - SP","tipoLocal":"Via pública","circunscricao":"16º D.P. VILA CLEMENTINO","dataOcorrencia":"05/05/2014","turnoOcorrencia":"PELA MANHÃ","dataComunicacao":"05/05/2014","horaComunicacao":"08:19","dataElaboracao":"05/05/2014","horaElaboracao":"08:21","flagrante":"Não","examesRequisitados":"IC-IML","solucao":"BO PARA INVESTIGAÇÃO","partesEnvolvidas":[{"nome":"REGINALDO APARECIDO DE SOUZA","tipoEnvolvimento":"Vítima","rg":"16905801-SP","naturalidade":"EST DE SAO PAULO","nacionalidade":"BRASILEIRA","sexo":"Masculino","dataNascimento":"06/04/1964","idade":"50","estadoCivil":"Separado","instrucao":"1 Grau completo","profissao":"SEGURANÇA","cutis":"Branca","naturezasEnvolvidas":"Roubo (art. 157)"}],"naturezas":[{"especie":"Título II - Patrimônio (arts. 155 a 183)","descricao":"Roubo (art. 157)","desdobramentos":"§3o. Se da violência resulta morte:"}],"categoria":"LATROCINIO"}