{"idBO":"2014-30307-4431","numero":"4431","idDelegacia":"30307","tipoBoletim":"Principal","dependencia":"02º D.P. MOGI DAS CRUZES","local":"ESTRADA FURUYAMA - RIO ABAIXO - SUZANO - SP","tipoLocal":"Unidade rural","circunscricao":"02º D.P. SUZANO","dataOcorrencia":"29/09/2014","turnoOcorrencia":"A NOITE","dataComunicacao":"29/09/2014","horaComunicacao":"22:15","dataElaboracao":"29/09/2014","horaElaboracao":"22:42","flagrante":"Não","examesRequisitados":"IC-IML","solucao":"BO PARA INVESTIGAÇÃO","partesEnvolvidas":[{"cutis":"Outros","naturezasEnvolvidas":"Homicídio qualificado (art. 121, §2o.)"}],"naturezas":[{"especie":"Título I - Pessoa (arts. 121 a 154)","descricao":"Homicídio qualificado (art. 121, §2o.)"}],"categoria":"HOMICIDIO_DOLOSO"}