{"idBO":"2014-30411-3984","numero":"3984","idDelegacia":"30411","tipoBoletim":"Principal","dependencia":"01º D.P. OSASCO","local":"RUA SIZENANDO GOMES DE SÁ, 41 - JD. PADROEIRA - OSASCO - SP","tipoLocal":"Via pública","circunscricao":"08º D.P. OSASCO","dataOcorrencia":"14/07/2014","turnoOcorrencia":"DE MADRUGADA","dataComunicacao":"14/07/2014","horaComunicacao":"06:57","dataElaboracao":"14/07/2014","horaElaboracao":"07:05","flagrante":"Não","examesRequisitados":"IML","solucao":"ENCAMINHAMENTO DP ÁREA DO FATO","partesEnvolvidas":[{"nome":"JOSIMAR DE JESUS SOUZA","tipoEnvolvimento":"Vítima","rg":"39488229-SP","naturalidade":"SALVADOR","nacionalidade":"BRASILEIRA","sexo":"Masculino","dataNascimento":"07/02/1978","idade":"36","estadoCivil":"Convivente","instrucao":"2 Grau completo","profissao":"PEDREIRO","cutis":"Parda","naturezasEnvolvidas":"Homicídio simples (art. 121)"}],"naturezas":[{"especie":"Título I - Pessoa (arts. 121 a 154)","descricao":"Homicídio simples (art. 121)"}],"categoria":"HOMICIDIO_DOLOSO"}