{"idBO":"2014-30212-5576","numero":"5576","idDelegacia":"30212","tipoBoletim":"Principal","dependencia":"04º D.P. GUARULHOS","local":"RODOVIA AYRTON SENA - VILA ANY - GUARULHOS - SP","tipoLocal":"Via pública","circunscricao":"04º D.P. GUARULHOS","dataOcorrencia":"30/07/2014","turnoOcorrencia":"PELA MANHÃ","dataComunicacao":"30/07/2014","horaComunicacao":"07:05","dataElaboracao":"30/07/2014","horaElaboracao":"07:11","flagrante":"Não","examesRequisitados":"IC-IML","solucao":"APRECIAÇÃO DO DELEGADO TITULAR","partesEnvolvidas":[{"nome":"JIVANILDO DE JESUS BRANDAO","tipoEnvolvimento":"Vítima","rg":"47328302-SP","naturalidade":"JITAUNA","nacionalidade":"BRASILEIRA","sexo":"Masculino","dataNascimento":"10/12/1987","idade":"26","cutis":"Parda","naturezasEnvolvidas":"Homicídio simples (art. 121)"}],"naturezas":[{"especie":"Título I - Pessoa (arts. 121 a 154)","descricao":"Homicídio simples (art. 121)"}],"categoria":"HOMICIDIO_DOLOSO"}