{"idBO":"2014-100419-1093","numero":"1093","idDelegacia":"100419","tipoBoletim":"Complementar","dependencia":"03º D.P. RIBEIRAO PRETO","local":"R ALICE BRITO JUNQUEIRA - PQ. DAS ANDORINHAS - RIBEIRAO PRETO - SP","tipoLocal":"Residência","circunscricao":"03º D.P. RIBEIRAO PRETO","dataOcorrencia":"09/01/2014","turnoOcorrencia":"DE MADRUGADA","dataComunicacao":"15/04/2014","horaComunicacao":"17:40","dataElaboracao":"15/04/2014","horaElaboracao":"17:44","flagrante":"Não","examesRequisitados":"IML","solucao":"BO PARA ADENDO","partesEnvolvidas":[{"nome":"JOSE APARECIDO DE OLIVEIRA","tipoEnvolvimento":"Vítima","rg":"9665295-SP","naturalidade":"S.SIMAO -SP","nacionalidade":"BRASILEIRA","sexo":"Masculino","dataNascimento":"22/05/1957","idade":"56","estadoCivil":"Divorciado","instrucao":"2 Grau completo","profissao":"APOSENTADO(A)","cutis":"Branca","naturezasEnvolvidas":"Homicídio simples (art. 121)"}],"naturezas":[{"especie":"Título I - Pessoa (arts. 121 a 154)","descricao":"Homicídio simples (art. 121)"}],"numeroBoPrincipal":"103","anoBoPrincipal":"2014","nomeDelegaciaBoPrincipal":"03º D.P. RIBEIRAO PRETO","categoria":"HOMICIDIO_DOLOSO"}