{"idBO":"2014-20145-2721","numero":"2721","idDelegacia":"20145","tipoBoletim":"Principal","dependencia":"45º D.P. V BRASILANDIA","local":"RUA ANDRE OLINDO LEDNIK, 72 - BRASILANDIA - S.PAULO - SP","tipoLocal":"Via pública","circunscricao":"45º D.P. V BRASILANDIA","dataOcorrencia":"23/10/2014","turnoOcorrencia":"A TARDE","dataComunicacao":"23/10/2014","horaComunicacao":"19:15","dataElaboracao":"23/10/2014","horaElaboracao":"19:20","flagrante":"Não","examesRequisitados":"IC-IML","solucao":"BO PARA INQUÉRITO","partesEnvolvidas":[{"nome":"SILVIO NUNES BELMONTE","tipoEnvolvimento":"Vítima","rg":"023186036-SP","naturalidade":"SAO PAULO","nacionalidade":"BRASILEIRA","sexo":"Masculino","dataNascimento":"19/04/1974","idade":"40","estadoCivil":"Solteiro","instrucao":"1 Grau incompleto","profissao":"DESEMPREGADO(A)","cutis":"Parda","naturezasEnvolvidas":"Homicídio simples (art. 121)"}],"naturezas":[{"especie":"Título I - Pessoa (arts. 121 a 154)","descricao":"Homicídio simples (art. 121)"}],"categoria":"HOMICIDIO_DOLOSO"}