{"idBO":"2014-30211-1459","numero":"1459","idDelegacia":"30211","tipoBoletim":"Principal","dependencia":"DEL.POL.STA ISABEL","local":"RUA BARÃO DO RIO BRANCO, 1256 - MONTE NEGRO - CEP: 07500000 - S.ISABEL - SP","tipoLocal":"Comércio e serviços","circunscricao":"DEL.POL.STA ISABEL","dataOcorrencia":"24/05/2014","turnoOcorrencia":"DE MADRUGADA","dataComunicacao":"24/05/2014","horaComunicacao":"10:05","dataElaboracao":"24/05/2014","horaElaboracao":"10:08","flagrante":"Sim","examesRequisitados":"IC-IML","solucao":"BO PARA FLAGRANTE","partesEnvolvidas":[{"nome":"CARLOS HENRIQUE PAGNAN","tipoEnvolvimento":"Vítima","rg":"33323094-SP","naturalidade":"SÃO PAULO/SP","nacionalidade":"BRASILEIRA","sexo":"Masculino","dataNascimento":"24/04/1979","idade":"35","estadoCivil":"Separado","instrucao":"2 Grau completo","profissao":"MOTORISTA","cutis":"Branca","naturezasEnvolvidas":"Homicídio simples (art. 121)"}],"naturezas":[{"especie":"Título I - Pessoa (arts. 121 a 154)","descricao":"Homicídio simples (art. 121)"}],"categoria":"HOMICIDIO_DOLOSO"}