{"idBO":"2014-10108-3246","numero":"3246","idDelegacia":"10108","tipoBoletim":"Principal","dependencia":"08º D.P. BRAS","local":"RUA JOSE DE ALENCAR, 230 - BRÁS - S.PAULO - SP","tipoLocal":"Via pública","circunscricao":"08º D.P. BRAS","dataOcorrencia":"20/04/2014","turnoOcorrencia":"A NOITE","dataComunicacao":"21/04/2014","horaComunicacao":"01:33","dataElaboracao":"21/04/2014","horaElaboracao":"01:35","flagrante":"Não","examesRequisitados":"IC","solucao":"APRECIAÇÃO DO DELEGADO TITULAR","partesEnvolvidas":[{"nome":"VÍTIMA DESCONHECIDA","tipoEnvolvimento":"Vítima","sexo":"Feminino","idade":"0","cutis":"Parda","naturezasEnvolvidas":"Homicídio simples (art. 121)"}],"naturezas":[{"especie":"Título I - Pessoa (arts. 121 a 154)","descricao":"Homicídio simples (art. 121)"}],"categoria":"HOMICIDIO_DOLOSO"}