{"idBO":"2014-30138-2422","numero":"2422","idDelegacia":"30138","tipoBoletim":"Complementar","dependencia":"08º D.P. S.BERNARDO DO CAMPO","local":"ESTRADA DOS ALVARENGAS, 50 - ACAMPAMENTO DOS ENGENHEIROS - S.BERNARDO DO CAMPO - SP","tipoLocal":"Via pública","circunscricao":"03º D.P. S.BERNARDO DO CAMPO","dataOcorrencia":"17/09/2014","turnoOcorrencia":"A TARDE","dataComunicacao":"19/09/2014","horaComunicacao":"17:01","dataElaboracao":"19/09/2014","horaElaboracao":"17:07","flagrante":"Não","examesRequisitados":"IC-IML","solucao":"BO PARA ADENDO","partesEnvolvidas":[{"nome":"DOUGLAS EDUARDO DA SILVA CONCEICAO","tipoEnvolvimento":"Vítima","rg":"53331834-SP","naturalidade":"DIADEMA-SP","nacionalidade":"BRASILEIRA","sexo":"Masculino","dataNascimento":"27/12/2000","idade":"13","estadoCivil":"Solteiro","instrucao":"1 Grau incompleto","cutis":"Preta","naturezasEnvolvidas":"Homicídio qualificado (art. 121, §2o.)"}],"naturezas":[{"especie":"Título I - Pessoa (arts. 121 a 154)","descricao":"Homicídio qualificado (art. 121, §2o.)"}],"numeroBoPrincipal":"2411","anoBoPrincipal":"2014","nomeDelegaciaBoPrincipal":"04º D.P. DIADEMA","categoria":"HOMICIDIO_DOLOSO"}