{"idBO":"2014-120200-2080","numero":"2080","idDelegacia":"120200","tipoBoletim":"Principal","dependencia":"DEL.SEC.BOTUCATU","local":"TRECHO BAIRRO GUARANTÃ - - BOTUCATU - SP","tipoLocal":"Via pública","circunscricao":"02º D.P. BOTUCATU","dataOcorrencia":"07/12/2014","turnoOcorrencia":"A TARDE","dataComunicacao":"07/12/2014","horaComunicacao":"20:44","dataElaboracao":"07/12/2014","horaElaboracao":"20:58","flagrante":"Sim","examesRequisitados":"IC-IML","solucao":"BO PARA FLAGRANTE","partesEnvolvidas":[{"nome":"ADEMIR MATIAS","tipoEnvolvimento":"Vítima","rg":"40656671-SP","naturalidade":"MARILIA -SP","nacionalidade":"BRASILEIRA","sexo":"Masculino","dataNascimento":"08/03/1985","idade":"29","estadoCivil":"Solteiro","instrucao":"1 Grau completo","profissao":"OPERADOR DE MAQUINA","cutis":"Branca","naturezasEnvolvidas":"Homicídio qualificado (art. 121, §2o.)"}],"naturezas":[{"especie":"Título I - Pessoa (arts. 121 a 154)","descricao":"Homicídio qualificado (art. 121, §2o.)"},{"especie":"L 10826/03 - Estatuto do Desarmamento","descricao":"Porte ilegal de arma de fogo de uso permitido (Art. 14)"},{"especie":"Título XI - Administração pública (arts. 312 a 359-H)","descricao":"Resistência (art. 329)"}],"categoria":"HOMICIDIO_DOLOSO"}