{"idBO":"2014-30111-173","numero":"173","idDelegacia":"30111","tipoBoletim":"Principal","dependencia":"03º D.P. S.BERNARDO DO CAMPO","local":"R SERGIO CARDOSO, 335 - JARDIM BEATRIZ - S.BERNARDO DO CAMPO - SP","tipoLocal":"Via pública","circunscricao":"03º D.P. S.BERNARDO DO CAMPO","dataOcorrencia":"06/01/2014","turnoOcorrencia":"A NOITE","dataComunicacao":"07/01/2014","horaComunicacao":"00:33","dataElaboracao":"07/01/2014","horaElaboracao":"00:34","flagrante":"Não","solucao":"APRECIAÇÃO DO DELEGADO TITULAR","partesEnvolvidas":[{"nome":"EVILANE MONTEIRO DE MOURA","tipoEnvolvimento":"Vítima","rg":"26776084-SP","naturalidade":"PICOS -PI","nacionalidade":"BRASILEIRA","sexo":"Masculino","dataNascimento":"05/03/1964","idade":"49","estadoCivil":"Solteiro","instrucao":"2 Grau completo","profissao":"VIGILANTE","cutis":"Branca","naturezasEnvolvidas":"Homicídio simples (art. 121)"}],"naturezas":[{"especie":"Título I - Pessoa (arts. 121 a 154)","descricao":"Homicídio simples (art. 121)"}],"categoria":"HOMICIDIO_DOLOSO"}