{"idBO":"2014-120508-1796","numero":"1796","idDelegacia":"120508","tipoBoletim":"Principal","dependencia":"DEL.POL.MAIRINQUE","local":"ESTRADA ESTRADA CERIM, 99999 - DONA CATARINA - CEP: 18120000 - MAIRINQUE - SP","tipoLocal":"Via pública","circunscricao":"DEL.POL.MAIRINQUE","dataOcorrencia":"14/09/2014","turnoOcorrencia":"PELA MANHÃ","dataComunicacao":"14/09/2014","horaComunicacao":"10:39","dataElaboracao":"14/09/2014","horaElaboracao":"10:43","flagrante":"Não","solucao":"BO PARA FLAGRANTE","partesEnvolvidas":[{"nome":"DESCONHECIDO","tipoEnvolvimento":"Vítima","cutis":"Outros","naturezasEnvolvidas":"Homicídio qualificado (art. 121, §2o.)"}],"naturezas":[{"especie":"Título I - Pessoa (arts. 121 a 154)","descricao":"Homicídio qualificado (art. 121, §2o.)"}],"categoria":"HOMICIDIO_DOLOSO"}