{"idBO":"2014-30614-8415","numero":"8415","idDelegacia":"30614","tipoBoletim":"Principal","dependencia":"01º D.P. TABOÃO DA SERRA","local":"ESTRADA TENENTE JOSÉ MARIA DA CUNHA, 862 - JARDIM TRIANON - TABOAO DA SERRA - SP","tipoLocal":"Saúde","circunscricao":"01º D.P. TABOÃO DA SERRA","dataOcorrencia":"16/11/2014","turnoOcorrencia":"DE MADRUGADA","dataComunicacao":"16/11/2014","horaComunicacao":"03:49","dataElaboracao":"16/11/2014","horaElaboracao":"03:51","flagrante":"Não","examesRequisitados":"IML","solucao":"APRECIAÇÃO DO DELEGADO TITULAR","partesEnvolvidas":[{"nome":"REINAN DOS SANTOS SOARES","tipoEnvolvimento":"Vítima","rg":"50514938-SP","naturalidade":"MACAJUBA -BA","nacionalidade":"BRASILEIRA","sexo":"Masculino","dataNascimento":"06/08/1997","idade":"17","estadoCivil":"Solteiro","instrucao":"1 Grau completo","profissao":"PEDREIRO","cutis":"Parda","naturezasEnvolvidas":"Homicídio simples (art. 121)"}],"naturezas":[{"especie":"Título I - Pessoa (arts. 121 a 154)","descricao":"Homicídio simples (art. 121)"}],"categoria":"HOMICIDIO_DOLOSO"}