{"idBO":"2014-30418-5103","numero":"5103","idDelegacia":"30418","tipoBoletim":"Principal","dependencia":"05º D.P. OSASCO","local":"AVENIDA FUAD AUADA - BONFIM - OSASCO - SP","tipoLocal":"Via pública","circunscricao":"09º D.P. OSASCO","dataOcorrencia":"03/08/2014","turnoOcorrencia":"DE MADRUGADA","dataComunicacao":"03/08/2014","horaComunicacao":"03:19","dataElaboracao":"03/08/2014","horaElaboracao":"03:27","flagrante":"Não","examesRequisitados":"IC-IML","solucao":"ENCAMINHAMENTO DP ÁREA DO FATO","partesEnvolvidas":[{"sexo":"Masculino","idade":"0","cutis":"Preta","naturezasEnvolvidas":"Homicídio simples (art. 121)"}],"naturezas":[{"especie":"Título I - Pessoa (arts. 121 a 154)","descricao":"Homicídio simples (art. 121)"}],"categoria":"HOMICIDIO_DOLOSO"}