{"idBO":"2014-30403-7140","numero":"7140","idDelegacia":"30403","tipoBoletim":"Principal","dependencia":"DEL.POL.COTIA","local":"RUA EMERSON, 161 - LOTEAMENTO MARCO POLO - VARGEM GRANDE PAULISTA - SP","tipoLocal":"Via pública","circunscricao":"DEL.POL.VARGEM GRANDE PTA","dataOcorrencia":"22/11/2014","turnoOcorrencia":"A NOITE","dataComunicacao":"22/11/2014","horaComunicacao":"22:05","dataElaboracao":"22/11/2014","horaElaboracao":"22:08","flagrante":"Não","examesRequisitados":"IC-IML","solucao":"ENCAMINHAMENTO DP ÁREA DO FATO","partesEnvolvidas":[{"nome":"CELIO CRISTIANO DOMINGUES","tipoEnvolvimento":"Vítima","rg":"28620401-SP","naturalidade":"S.ROQUE -SP","nacionalidade":"BRASILEIRA","sexo":"Masculino","dataNascimento":"11/05/1978","idade":"36","estadoCivil":"Casado","instrucao":"2 Grau completo","profissao":"VIGILANTE","cutis":"Branca","naturezasEnvolvidas":"Homicídio simples (art. 121)"}],"naturezas":[{"especie":"Título I - Pessoa (arts. 121 a 154)","descricao":"Homicídio simples (art. 121)"}],"categoria":"HOMICIDIO_DOLOSO"}