{"idBO":"2014-30309-1900","numero":"1900","idDelegacia":"30309","tipoBoletim":"Principal","dependencia":"DEL.POL.SUZANO","local":"RUA CIDADE DE DIADEMA, 244 - JD IMPERADOR - SUZANO - SP","tipoLocal":"Residência","circunscricao":"02º D.P. SUZANO","dataOcorrencia":"31/03/2014","turnoOcorrencia":"A NOITE","dataComunicacao":"01/04/2014","horaComunicacao":"00:34","dataElaboracao":"01/04/2014","horaElaboracao":"00:36","flagrante":"Não","examesRequisitados":"IC-IML","solucao":"ENCAMINHAMENTO DP ÁREA DO FATO","partesEnvolvidas":[{"nome":"JOANA BATISTA DE OLIVEIRA","tipoEnvolvimento":"Vítima","rg":"8100320-SP","naturalidade":"VARZEA DA PALMA MG","nacionalidade":"BRASILEIRA","sexo":"Feminino","dataNascimento":"11/09/1959","idade":"54","estadoCivil":"Divorciado","instrucao":"1 Grau incompleto","profissao":"COZINHEIRO(A)","cutis":"Branca","naturezasEnvolvidas":"Homicídio simples (art. 121)"}],"naturezas":[{"especie":"Título I - Pessoa (arts. 121 a 154)","descricao":"Homicídio simples (art. 121)"}],"categoria":"HOMICIDIO_DOLOSO"}