{"idBO":"2014-10225-1915","numero":"1915","idDelegacia":"10225","tipoBoletim":"Principal","dependencia":"25º D.P. PARELHEIROS","local":"AVENIDA PAULO GUILGUER REIMBERG, 12000 - GRAJAU - S.PAULO - SP","tipoLocal":"Via pública","circunscricao":"25º D.P. PARELHEIROS","dataOcorrencia":"02/07/2014","turnoOcorrencia":"PELA MANHÃ","dataComunicacao":"02/07/2014","horaComunicacao":"12:23","dataElaboracao":"02/07/2014","horaElaboracao":"12:27","flagrante":"Não","examesRequisitados":"IC-IML","solucao":"APRECIAÇÃO DO DELEGADO TITULAR","partesEnvolvidas":[{"nome":"DESCONHECIDO","tipoEnvolvimento":"Vítima","sexo":"Masculino","idade":"0","cutis":"Branca","naturezasEnvolvidas":"Homicídio qualificado (art. 121, §2o.)"}],"naturezas":[{"especie":"Título I - Pessoa (arts. 121 a 154)","descricao":"Homicídio qualificado (art. 121, §2o.)"}],"categoria":"HOMICIDIO_DOLOSO"}