{"idBO":"2014-200100-919","numero":"919","idDelegacia":"200100","tipoBoletim":"Complementar","dependencia":"DHPP DIV. HOMICIDIOS","local":"RUA JOSE RIBEIRO, 2 - JD KERALUX - S.PAULO - SP","tipoLocal":"Via pública","circunscricao":"62º D.P. ERMELINO MATARAZZO","dataOcorrencia":"28/12/2014","turnoOcorrencia":"PELA MANHÃ","dataComunicacao":"28/12/2014","horaComunicacao":"11:25","dataElaboracao":"28/12/2014","horaElaboracao":"11:26","flagrante":"Não","examesRequisitados":"IC-IML","solucao":"BO PARA INQUÉRITO","partesEnvolvidas":[{"nome":"SEVERINO MARTINS BEZERRA DA SILVA","tipoEnvolvimento":"Vítima","rg":"39000083-SP","naturalidade":"GRAVATA -PE","nacionalidade":"BRASILEIRA","sexo":"Masculino","dataNascimento":"25/01/1973","idade":"41","estadoCivil":"Solteiro","instrucao":"1 Grau completo","profissao":"PINTOR(A)","cutis":"Parda","naturezasEnvolvidas":"Homicídio simples (art. 121)"}],"naturezas":[{"especie":"Título I - Pessoa (arts. 121 a 154)","descricao":"Homicídio simples (art. 121)"}],"numeroBoPrincipal":"12386","anoBoPrincipal":"2014","nomeDelegaciaBoPrincipal":"24º D.P. PONTE RASA","categoria":"HOMICIDIO_DOLOSO"}