{"idBO":"2014-100319-517","numero":"517","idDelegacia":"100319","tipoBoletim":"Principal","dependencia":"DEL.INV.GER. FRANCA","local":"RUA MANOEL DA SILVA PAULI - JARDIM AEROPORTO III - FRANCA - SP","tipoLocal":"Via pública","circunscricao":"06º D.P. FRANCA","dataOcorrencia":"11/12/2014","turnoOcorrencia":"A TARDE","dataComunicacao":"11/12/2014","horaComunicacao":"14:42","dataElaboracao":"11/12/2014","horaElaboracao":"14:44","flagrante":"Sim","solucao":"BO PARA FLAGRANTE","partesEnvolvidas":[{"nome":"LUIS CARLOS DE ANDRADE","tipoEnvolvimento":"Vítima","naturalidade":"GUATAPARA","nacionalidade":"BRASILEIRA","sexo":"Masculino","dataNascimento":"08/11/1953","idade":"61","estadoCivil":"Casado","profissao":"PEDREIRO","cutis":"Branca","naturezasEnvolvidas":"Homicídio qualificado (art. 121, §2o.)"}],"naturezas":[{"especie":"Título I - Pessoa (arts. 121 a 154)","descricao":"Homicídio qualificado (art. 121, §2o.)","desdobramentos":"II - por motivo fútil, IV - à traição ou mediante dissimulação ou outro recurso"}],"categoria":"HOMICIDIO_DOLOSO"}