{"idBO":"2014-10335-7771","numero":"7771","idDelegacia":"10335","tipoBoletim":"Principal","dependencia":"72º D.P. VILA PENTEADO","local":"AVENIDA AMADOR AGUIAR, 57 - JARAGUA - S.PAULO - SP","tipoLocal":"Via pública","circunscricao":"74º D.P. PARADA TAIPAS","dataOcorrencia":"09/09/2014","turnoOcorrencia":"A NOITE","dataComunicacao":"09/09/2014","horaComunicacao":"22:16","dataElaboracao":"09/09/2014","horaElaboracao":"22:18","flagrante":"Não","examesRequisitados":"IC-IML","solucao":"ENCAMINHAMENTO DP ÁREA DO FATO","partesEnvolvidas":[{"sexo":"Feminino","idade":"0","cutis":"Branca","naturezasEnvolvidas":"Homicídio simples (art. 121)"}],"naturezas":[{"especie":"Título I - Pessoa (arts. 121 a 154)","descricao":"Homicídio simples (art. 121)"}],"categoria":"HOMICIDIO_DOLOSO"}