{"idBO":"2014-30401-5455","numero":"5455","idDelegacia":"30401","tipoBoletim":"Principal","dependencia":"DEL.POL.BARUERI","local":"RUA DUARTE DA COSTA, 100 - PQ IMPERIAL - BARUERI - SP","tipoLocal":"Via pública","circunscricao":"02º D.P. BARUERI","dataOcorrencia":"20/08/2014","turnoOcorrencia":"A NOITE","dataComunicacao":"21/08/2014","horaComunicacao":"04:13","dataElaboracao":"21/08/2014","horaElaboracao":"04:16","flagrante":"Não","examesRequisitados":"IC","solucao":"APRECIAÇÃO DO DELEGADO TITULAR","partesEnvolvidas":[{"nome":"CAIQUE COSTA LUCAS","tipoEnvolvimento":"Vítima","rg":"37756017-SP","naturalidade":"OSASCO -SP","nacionalidade":"BRASILEIRA","sexo":"Masculino","dataNascimento":"30/06/1997","idade":"17","estadoCivil":"Solteiro","instrucao":"1 Grau completo","cutis":"Parda","naturezasEnvolvidas":"Homicídio simples (art. 121)"}],"naturezas":[{"especie":"Título I - Pessoa (arts. 121 a 154)","descricao":"Homicídio simples (art. 121)"},{"especie":"Título II - Patrimônio (arts. 155 a 183)","descricao":"Dano (art. 163)"}],"categoria":"HOMICIDIO_DOLOSO"}