{"idBO":"2014-10314-8083","numero":"8083","idDelegacia":"10314","tipoBoletim":"Principal","dependencia":"14º D.P. PINHEIROS","local":"AVENIDA REPUBLICA DO LIBANO, 1 - MOEMA - S.PAULO - SP","tipoLocal":"Via pública","circunscricao":"15º D.P. DR. LUC. H BEIGUELMAN","dataOcorrencia":"23/08/2014","turnoOcorrencia":"PELA MANHÃ","dataComunicacao":"23/08/2014","horaComunicacao":"11:22","dataElaboracao":"23/08/2014","horaElaboracao":"11:41","flagrante":"Não","examesRequisitados":"IC-IML","solucao":"BO PARA INQUÉRITO","partesEnvolvidas":[{"nome":"GLEMECIR MILSONI","tipoEnvolvimento":"Vítima","rg":"4662517-SP","naturalidade":"ARACATUBA -SP","sexo":"Masculino","dataNascimento":"30/04/1941","idade":"73","estadoCivil":"Casado","instrucao":"1 Grau completo","profissao":"COMERCIANTE","cutis":"Branca","naturezasEnvolvidas":"Homicídio simples (art. 121), Fuga de local de acidente (Art. 305), Racha (Art. 308), Omissão de socorro (Art. 304)"}],"naturezas":[{"especie":"Título I - Pessoa (arts. 121 a 154)","descricao":"Homicídio simples (art. 121)"},{"especie":"L 9503/97 - Código de Trânsito Brasileiro","descricao":"Omissão de socorro (Art. 304)"},{"especie":"L 9503/97 - Código de Trânsito Brasileiro","descricao":"Fuga de local de acidente (Art. 305)"},{"especie":"L 9503/97 - Código de Trânsito Brasileiro","descricao":"Racha (Art. 308)"}],"categoria":"HOMICIDIO_DOLOSO"}