{"idBO":"2014-10108-8016","numero":"8016","idDelegacia":"10108","tipoBoletim":"Principal","dependencia":"08º D.P. BRAS","local":"RUA PRESIDENTE BARAO DE GUAJARA, 51 - CAMBUCI - S.PAULO - SP","tipoLocal":"Via pública","circunscricao":"08º D.P. BRAS","dataOcorrencia":"04/10/2014","turnoOcorrencia":"PELA MANHÃ","dataComunicacao":"04/10/2014","horaComunicacao":"08:03","dataElaboracao":"04/10/2014","horaElaboracao":"08:07","flagrante":"Não","examesRequisitados":"IC-IML","solucao":"BO PARA INQUÉRITO","partesEnvolvidas":[{"sexo":"Masculino","idade":"0","cutis":"Amarela","naturezasEnvolvidas":"Homicídio qualificado (art. 121, §2o.)"}],"naturezas":[{"especie":"Título I - Pessoa (arts. 121 a 154)","descricao":"Homicídio qualificado (art. 121, §2o.)"}],"categoria":"HOMICIDIO_DOLOSO"}