{"idBO":"2014-30304-2763","numero":"2763","idDelegacia":"30304","tipoBoletim":"Principal","dependencia":"DEL.POL.ITAQUAQUECETUBA","local":"RUA QUARENTA E DOIS, 260 - PQ PIRATININGA - ITAQUAQUECETUBA - SP","tipoLocal":"Via pública","circunscricao":"01º D.P. ITAQUAQUECETUBA","dataOcorrencia":"10/05/2014","turnoOcorrencia":"DE MADRUGADA","dataComunicacao":"10/05/2014","horaComunicacao":"10:37","dataElaboracao":"10/05/2014","horaElaboracao":"10:44","flagrante":"Não","examesRequisitados":"IC-IML","solucao":"ENCAMINHAMENTO DP ÁREA DO FATO","partesEnvolvidas":[{"nome":"JOSE VALDECI DOS SANTOS SILVA","tipoEnvolvimento":"Vítima","rg":"71103789-SP","naturalidade":"LIMOEIRO -PE","nacionalidade":"BRASILEIRA","sexo":"Masculino","dataNascimento":"11/02/1981","idade":"33","estadoCivil":"Solteiro","instrucao":"Superior completo","profissao":"PROMOTOR DE EVENTOS","cutis":"Parda","naturezasEnvolvidas":"Homicídio qualificado (art. 121, §2o.)"}],"naturezas":[{"especie":"Título I - Pessoa (arts. 121 a 154)","descricao":"Homicídio qualificado (art. 121, §2o.)"}],"categoria":"HOMICIDIO_DOLOSO"}