{"idBO":"2014-10335-5735","numero":"5735","idDelegacia":"10335","tipoBoletim":"Principal","dependencia":"72º D.P. VILA PENTEADO","local":"RUA SANTO ANTONIO DO PIRAPETINGA, 119 - CACHOEIRINHA/JD PERI - S.PAULO - SP","tipoLocal":"Residência","circunscricao":"72º D.P. VILA PENTEADO","dataOcorrencia":"30/06/2014","turnoOcorrencia":"DE MADRUGADA","dataComunicacao":"30/06/2014","horaComunicacao":"16:10","dataElaboracao":"30/06/2014","horaElaboracao":"16:15","flagrante":"Não","solucao":"APRECIAÇÃO DO DELEGADO TITULAR","partesEnvolvidas":[{"nome":"ALOISIO SANTANA DE SOUZA","tipoEnvolvimento":"Vítima","sexo":"Masculino","idade":"45","cutis":"Parda","naturezasEnvolvidas":"Homicídio simples (art. 121)"}],"naturezas":[{"especie":"Título I - Pessoa (arts. 121 a 154)","descricao":"Homicídio simples (art. 121)"}],"categoria":"HOMICIDIO_DOLOSO"}