{"idBO":"2014-100912-757","numero":"757","idDelegacia":"100912","tipoBoletim":"Principal","dependencia":"DEL.POL.PLANTÃO BEBEDOURO","local":"RUA HENRIQUE TEIXEIRA DE CARVALHO, 830 - JD. UNIÃO - BEBEDOURO - SP","tipoLocal":"Via pública","circunscricao":"03º D.P. BEBEDOURO","dataOcorrencia":"01/04/2014","turnoOcorrencia":"DE MADRUGADA","dataComunicacao":"01/04/2014","horaComunicacao":"03:38","dataElaboracao":"01/04/2014","horaElaboracao":"03:41","flagrante":"Sim","examesRequisitados":"IC-IML","solucao":"ENCAMINHAMENTO DP ÁREA DO FATO","partesEnvolvidas":[{"nome":"PAULO EDUARDO PINTO PEREIRA","tipoEnvolvimento":"Vítima","rg":"21243035-SP","naturalidade":"MONTE AZUL PAULISTA -SP","nacionalidade":"BRASILEIRA","sexo":"Masculino","dataNascimento":"04/05/1972","idade":"41","estadoCivil":"Solteiro","instrucao":"1 Grau completo","cutis":"Branca","naturezasEnvolvidas":"Homicídio simples (art. 121)"}],"naturezas":[{"especie":"Título I - Pessoa (arts. 121 a 154)","descricao":"Homicídio simples (art. 121)"}],"categoria":"HOMICIDIO_DOLOSO"}