{"idBO":"2014-30105-645","numero":"645","idDelegacia":"30105","tipoBoletim":"Principal","dependencia":"04º D.P. SANTO ANDRÉ","local":"R VITOR MEIRELES, 228 - JARDIM GUARARA - S.ANDRE - SP","tipoLocal":"Via pública","circunscricao":"06º D.P. SANTO ANDRÉ","dataOcorrencia":"29/01/2014","turnoOcorrencia":"A NOITE","dataComunicacao":"30/01/2014","horaComunicacao":"01:42","dataElaboracao":"30/01/2014","horaElaboracao":"01:45","flagrante":"Não","examesRequisitados":"IC-IML","solucao":"ENCAMINHAMENTO DP ÁREA DO FATO","partesEnvolvidas":[{"nome":"MARCOS FRANCISCO DA SILVA","tipoEnvolvimento":"Vítima","rg":"19749434-SP","naturalidade":"SANTO ANDRE","nacionalidade":"BRASILEIRA","sexo":"Masculino","dataNascimento":"15/10/1970","idade":"43","estadoCivil":"Solteiro","profissao":"AJUDANTE GERAL","cutis":"Parda"}],"naturezas":[{"especie":"Título II - Patrimônio (arts. 155 a 183)","descricao":"Roubo (art. 157)","desdobramentos":"§3o. Se da violência resulta morte:"}],"categoria":"LATROCINIO"}