{"idBO":"2014-120200-689","numero":"689","idDelegacia":"120200","tipoBoletim":"Principal","dependencia":"DEL.SEC.BOTUCATU","local":"AVENIDA PETRARCA BACCHI, 38 - VILA MARIA - BOTUCATU - SP","tipoLocal":"Area não ocupada","circunscricao":"04º D.P. BOTUCATU","dataOcorrencia":"10/04/2014","turnoOcorrencia":"DE MADRUGADA","dataComunicacao":"13/04/2014","horaComunicacao":"09:37","dataElaboracao":"13/04/2014","horaElaboracao":"09:43","flagrante":"Não","examesRequisitados":"IC-IML","solucao":"ENCAMINHAMENTO DP ÁREA DO FATO","partesEnvolvidas":[{"nome":"ISMAEL LOURENCO JUNIOR","tipoEnvolvimento":"Vítima","rg":"29651598-SP","naturalidade":"BOTUCATU -SP","sexo":"Masculino","dataNascimento":"06/03/1976","idade":"38","estadoCivil":"Solteiro","instrucao":"1 Grau completo","profissao":"SERVENTE","cutis":"Branca","naturezasEnvolvidas":"Homicídio qualificado (art. 121, §2o.)"}],"naturezas":[{"especie":"Título I - Pessoa (arts. 121 a 154)","descricao":"Homicídio qualificado (art. 121, §2o.)","desdobramentos":"II - por motivo fútil, III - com emprego de meio insidioso ou cruel, ou de que resulte perigo comum, IV - à traição ou mediante dissimulação ou outro recurso, V - para assegurar a execução/ocultação/impunidade/vantagem de outro crime"}],"categoria":"HOMICIDIO_DOLOSO"}