{"idBO":"2014-30427-6155","numero":"6155","idDelegacia":"30427","tipoBoletim":"Principal","dependencia":"01º D.P. CARAPICUIBA","local":"RUA GEOVANE NAZARÉ DA SILVA OLIVEIRA, 1110 - CIDADE ARISTON - CARAPICUIBA - SP","tipoLocal":"Via pública","circunscricao":"01º D.P. CARAPICUIBA","dataOcorrencia":"24/06/2014","turnoOcorrencia":"DE MADRUGADA","dataComunicacao":"24/06/2014","horaComunicacao":"02:48","dataElaboracao":"24/06/2014","horaElaboracao":"02:51","flagrante":"Não","examesRequisitados":"IC-IML","solucao":"ENCAMINHAMENTO DP ÁREA DO FATO","partesEnvolvidas":[{"nome":"JORGE ROBERTO PEREIRA DA SILVA SOUSA","tipoEnvolvimento":"Vítima","rg":"0351282920086-MA","naturalidade":"FORT. DOS NOGUEIRAS","nacionalidade":"BRASILEIRA","sexo":"Masculino","dataNascimento":"14/05/1990","idade":"24","cutis":"Parda","naturezasEnvolvidas":"Homicídio qualificado (art. 121, §2o.), Localização/Apreensão de objeto, Destruição, subtração ou ocultação de cadáver (art. 211)"}],"naturezas":[{"especie":"Título I - Pessoa (arts. 121 a 154)","descricao":"Homicídio qualificado (art. 121, §2o.)","desdobramentos":"II - por motivo fútil"},{"especie":"Título V - Sentimento religioso e respeito aos mortos (arts. 208 a 212)","descricao":"Destruição, subtração ou ocultação de cadáver (art. 211)"},{"especie":"Captura procurado","descricao":"Captura de procurado"},{"especie":"Localização e/ou Devolução","descricao":"Localização/Apreensão de objeto"}],"categoria":"HOMICIDIO_DOLOSO"}