{"idBO":"2014-200100-291","numero":"291","idDelegacia":"200100","tipoBoletim":"Complementar","dependencia":"DHPP DIV. HOMICIDIOS","local":"ESTRADA SANTO ANDRE, 1844 - SAO RAFAEL - S.PAULO - SP","tipoLocal":"Via pública","circunscricao":"55º D.P. PARQUE S.RAFAEL","dataOcorrencia":"14/04/2014","turnoOcorrencia":"DE MADRUGADA","dataComunicacao":"15/04/2014","horaComunicacao":"05:19","dataElaboracao":"15/04/2014","horaElaboracao":"05:20","flagrante":"Não","examesRequisitados":"IC-IML","solucao":"BO PARA INQUÉRITO","partesEnvolvidas":[{"nome":"JOSEPH DE ARIMATEIA MONTEIRO","tipoEnvolvimento":"Vítima","rg":"48190090-SP","naturalidade":"S.PAULO -SP","nacionalidade":"BRASILEIRA","sexo":"Masculino","dataNascimento":"05/06/1992","idade":"21","instrucao":"1 Grau completo","cutis":"Branca","naturezasEnvolvidas":"Homicídio simples (art. 121)"}],"naturezas":[{"especie":"Título I - Pessoa (arts. 121 a 154)","descricao":"Homicídio simples (art. 121)"}],"numeroBoPrincipal":"4613","anoBoPrincipal":"2014","nomeDelegaciaBoPrincipal":"49º D.P. SAO MATEUS","categoria":"HOMICIDIO_DOLOSO"}