{"idBO":"2014-20224-10806","numero":"10806","idDelegacia":"20224","tipoBoletim":"Principal","dependencia":"24º D.P. PONTE RASA","local":"AVENIDA CAITITU, 957 - ITAQUERA - S.PAULO - SP","tipoLocal":"Restaurante e afins","circunscricao":"64º D.P. CID.AE CARVALHO","dataOcorrencia":"09/11/2014","turnoOcorrencia":"PELA MANHÃ","dataComunicacao":"09/11/2014","horaComunicacao":"10:09","dataElaboracao":"09/11/2014","horaElaboracao":"10:30","flagrante":"Não","examesRequisitados":"IC-IML","solucao":"ENCAMINHAMENTO DP ÁREA DO FATO","partesEnvolvidas":[{"nome":"SEVERINO MANOEL DOS SANTOS","tipoEnvolvimento":"Vítima","rg":"50524245-SP","naturalidade":"OROBO -PE","nacionalidade":"BRASILEIRA","sexo":"Masculino","dataNascimento":"03/07/1972","idade":"42","estadoCivil":"Casado","instrucao":"1 Grau completo","profissao":"COMERCIANTE","cutis":"Parda","naturezasEnvolvidas":"Homicídio simples (art. 121)"}],"naturezas":[{"especie":"Título I - Pessoa (arts. 121 a 154)","descricao":"Homicídio simples (art. 121)"}],"categoria":"HOMICIDIO_DOLOSO"}