{"idBO":"2014-30127-5251","numero":"5251","idDelegacia":"30127","tipoBoletim":"Principal","dependencia":"03º D.P. DIADEMA","local":"RUA BENEDITO FERNANDES, 118 - CASA GRANDE - DIADEMA - SP","tipoLocal":"Via pública","circunscricao":"02º D.P. DIADEMA","dataOcorrencia":"05/10/2014","turnoOcorrencia":"A NOITE","dataComunicacao":"05/10/2014","horaComunicacao":"23:34","dataElaboracao":"05/10/2014","horaElaboracao":"23:35","flagrante":"Não","examesRequisitados":"IC-IML","solucao":"ENCAMINHAMENTO DP ÁREA DO FATO","partesEnvolvidas":[{"nome":"JONATHAN DE OLIVEIRA GOMES","tipoEnvolvimento":"Vítima","rg":"39570730-SP","naturalidade":"S.BERNARDO DO CAMPO -SP","nacionalidade":"BRASILEIRA","sexo":"Masculino","dataNascimento":"02/10/1995","idade":"19","estadoCivil":"Solteiro","instrucao":"1 Grau completo","profissao":"ATENDENTE","cutis":"Branca","naturezasEnvolvidas":"Homicídio simples (art. 121)"}],"naturezas":[{"especie":"Título I - Pessoa (arts. 121 a 154)","descricao":"Homicídio simples (art. 121)"}],"categoria":"HOMICIDIO_DOLOSO"}