{"idBO":"2014-10336-4673","numero":"4673","idDelegacia":"10336","tipoBoletim":"Principal","dependencia":"73º D.P. JACANA","local":"RODOVIA FERNÃO DIAS, 86500 - JAÇANA - S.PAULO - SP","tipoLocal":"Rodovia/Estrada","circunscricao":"73º D.P. JACANA","dataOcorrencia":"30/04/2014","turnoOcorrencia":"A NOITE","dataComunicacao":"30/04/2014","horaComunicacao":"20:30","dataElaboracao":"30/04/2014","horaElaboracao":"20:41","flagrante":"Não","solucao":"APRECIAÇÃO DO DELEGADO TITULAR","partesEnvolvidas":[{"nome":"LUIZ CARLOS DA SILVA","tipoEnvolvimento":"Vítima","rg":"M4638686-MG","sexo":"Masculino","dataNascimento":"12/06/1965","idade":"48","profissao":"POLICIAL CIVIL","cutis":"Branca","naturezasEnvolvidas":"Homicídio qualificado (art. 121, §2o.)"}],"naturezas":[{"especie":"Título I - Pessoa (arts. 121 a 154)","descricao":"Homicídio qualificado (art. 121, §2o.)"}],"categoria":"HOMICIDIO_DOLOSO"}