{"idBO":"2014-100911-4281","numero":"4281","idDelegacia":"100911","tipoBoletim":"Complementar","dependencia":"DEL.SEC.SÃO CARLOS PLANTÃO","local":"RUA CAETANO BARION, 348 - JD REAL - S.CARLOS - SP","tipoLocal":"Via pública","circunscricao":"01º D.P. SÃO CARLOS","dataOcorrencia":"30/11/2014","turnoOcorrencia":"DE MADRUGADA","dataComunicacao":"30/11/2014","horaComunicacao":"06:02","dataElaboracao":"30/11/2014","horaElaboracao":"06:07","flagrante":"Não","solucao":"BO PARA ADENDO","partesEnvolvidas":[{"nome":"VALTER QUERSI","tipoEnvolvimento":"Vítima","rg":"17807404-SP","naturalidade":"CAFELANDIA -SP","nacionalidade":"BRASILEIRA","sexo":"Masculino","dataNascimento":"08/11/1965","idade":"49","estadoCivil":"Casado","profissao":"VIGILANTE","cutis":"Branca","naturezasEnvolvidas":"Roubo (art. 157), Homicídio simples (art. 121)"}],"naturezas":[{"especie":"Título II - Patrimônio (arts. 155 a 183)","descricao":"Roubo (art. 157)"},{"especie":"Título I - Pessoa (arts. 121 a 154)","descricao":"Homicídio simples (art. 121)"}],"numeroBoPrincipal":"4278","anoBoPrincipal":"2014","nomeDelegaciaBoPrincipal":"DEL.SEC.SÃO CARLOS PLANTÃO","categoria":"HOMICIDIO_DOLOSO"}