{"idBO":"2014-30212-3838","numero":"3838","idDelegacia":"30212","tipoBoletim":"Principal","dependencia":"04º D.P. GUARULHOS","local":"RUA VIELA CARNEIRO TRÊS, 14 - JD TUPINAMBA - GUARULHOS - SP","tipoLocal":"Residência","circunscricao":"04º D.P. GUARULHOS","dataOcorrencia":"23/05/2014","turnoOcorrencia":"A NOITE","dataComunicacao":"23/05/2014","horaComunicacao":"23:42","dataElaboracao":"23/05/2014","horaElaboracao":"23:44","flagrante":"Não","examesRequisitados":"IC-IML","solucao":"APRECIAÇÃO DO DELEGADO TITULAR","partesEnvolvidas":[{"nome":"EDINAR RODRIGUES DOS SANTOS","tipoEnvolvimento":"Vítima","rg":"26416977-SP","naturalidade":"PILAO ARCADO -BA","nacionalidade":"BRASILEIRA","sexo":"Masculino","dataNascimento":"01/07/1969","idade":"44","estadoCivil":"Convivente","instrucao":"1 Grau completo","profissao":"MOTORISTA","cutis":"Preta","naturezasEnvolvidas":"Homicídio simples (art. 121)"}],"naturezas":[{"especie":"Título I - Pessoa (arts. 121 a 154)","descricao":"Homicídio simples (art. 121)"}],"categoria":"HOMICIDIO_DOLOSO"}