{"idBO":"2014-20222-3146","numero":"3146","idDelegacia":"20222","tipoBoletim":"Principal","dependencia":"22º D.P. SAO MIGUEL PTA","local":"RUA JOAO NICARIO ELEUTERIO, 500 - SAO MIGUEL - S.PAULO - SP","tipoLocal":"Via pública","circunscricao":"22º D.P. SAO MIGUEL PTA","dataOcorrencia":"29/09/2014","turnoOcorrencia":"PELA MANHÃ","dataComunicacao":"29/09/2014","horaComunicacao":"09:31","dataElaboracao":"29/09/2014","horaElaboracao":"09:37","flagrante":"Não","examesRequisitados":"IC-IML","solucao":"ENCAMINHAMENTO DP ÁREA DO FATO","partesEnvolvidas":[{"nome":"DESCONHECIDO 1","tipoEnvolvimento":"Vítima","sexo":"Masculino","idade":"0","cutis":"Parda","naturezasEnvolvidas":"Homicídio qualificado (art. 121, §2o.)"},{"nome":"DESCONHECIDO 4","tipoEnvolvimento":"Vítima","sexo":"Feminino","idade":"0","cutis":"Parda","naturezasEnvolvidas":"Homicídio qualificado (art. 121, §2o.)"},{"nome":"DESCONHECIDO 2","tipoEnvolvimento":"Vítima","sexo":"Masculino","idade":"0","cutis":"Parda","naturezasEnvolvidas":"Homicídio qualificado (art. 121, §2o.)"}],"naturezas":[{"especie":"Título I - Pessoa (arts. 121 a 154)","descricao":"Homicídio qualificado (art. 121, §2o.)"}],"categoria":"HOMICIDIO_DOLOSO"}