{"idBO":"2014-10353-2169","numero":"2169","idDelegacia":"10353","tipoBoletim":"Principal","dependencia":"53º D.P. PARQUE DO CARMO","local":"R GUILHERME DA CRUZ, 1 - JD ELIAN - S.PAULO - SP","tipoLocal":"Via pública","circunscricao":"53º D.P. PARQUE DO CARMO","dataOcorrencia":"19/03/2014","turnoOcorrencia":"DE MADRUGADA","dataComunicacao":"19/03/2014","horaComunicacao":"10:37","dataElaboracao":"19/03/2014","horaElaboracao":"10:39","flagrante":"Não","examesRequisitados":"IML","solucao":"BO PARA INVESTIGAÇÃO","partesEnvolvidas":[{"nome":"ADILSON JORGE DA CRUZ","tipoEnvolvimento":"Vítima","rg":"48642027-SP","naturalidade":"S.PAULO -SP","nacionalidade":"BRASILEIRA","sexo":"Masculino","dataNascimento":"09/03/1995","idade":"19","estadoCivil":"Solteiro","instrucao":"1 Grau incompleto","profissao":"DESEMPREGADO","cutis":"Parda","naturezasEnvolvidas":"Homicídio qualificado (art. 121, §2o.)"},{"nome":"RICHARDSON GUILHERME FELIX VELOSO","tipoEnvolvimento":"Vítima","rg":"39537254-SP","naturalidade":"S.PAULO -SP","nacionalidade":"BRASILEIRA","sexo":"Masculino","dataNascimento":"19/05/1995","idade":"18","estadoCivil":"Solteiro","instrucao":"1 Grau completo","profissao":"AJUDANTE GERAL","cutis":"Parda","naturezasEnvolvidas":"Homicídio qualificado (art. 121, §2o.)"},{"nome":"MATEUS PEREIRA DA SILVA","tipoEnvolvimento":"Vítima","rg":"50773054-SP","naturalidade":"ESPERANTINOPOLIS -MA","nacionalidade":"BRASILEIRA","sexo":"Masculino","dataNascimento":"09/07/1998","idade":"15","estadoCivil":"Solteiro","instrucao":"1 Grau completo","profissao":"ESTUDANTE","cutis":"Parda","naturezasEnvolvidas":"Homicídio qualificado (art. 121, §2o.)"}],"naturezas":[{"especie":"Título I - Pessoa (arts. 121 a 154)","descricao":"Homicídio qualificado (art. 121, §2o.)","desdobramentos":"IV - à traição ou mediante dissimulação ou outro recurso"}],"categoria":"HOMICIDIO_DOLOSO"}