{"idBO":"2014-100908-2514","numero":"2514","idDelegacia":"100908","tipoBoletim":"Principal","dependencia":"DEL.SEC.ARARAQUARA PLANTÃO","local":"RUA CUSTÓDIA MARCELINO MARQUES - JARDIM NOVO AMERICO - ARARAQUARA - SP","tipoLocal":"Residência","circunscricao":"DEL.POL.AMÉRICO BRASILIENSE","dataOcorrencia":"28/06/2014","turnoOcorrencia":"A NOITE","dataComunicacao":"28/06/2014","horaComunicacao":"22:12","dataElaboracao":"28/06/2014","horaElaboracao":"22:18","flagrante":"Não","solucao":"APRECIAÇÃO DO DELEGADO TITULAR","partesEnvolvidas":[{"nome":"ROSILENE DE JESUS SILVA","tipoEnvolvimento":"Vítima","naturalidade":"BOM JESUS DA LAPA","nacionalidade":"BRASILEIRA","sexo":"Feminino","dataNascimento":"26/08/1977","idade":"36","estadoCivil":"Convivente","instrucao":"1 Grau completo","profissao":"AUXILIAR DE EXPEDICAO","cutis":"Parda","naturezasEnvolvidas":"Homicídio qualificado (art. 121, §2o.)"}],"naturezas":[{"especie":"Título I - Pessoa (arts. 121 a 154)","descricao":"Homicídio qualificado (art. 121, §2o.)","desdobramentos":"III - com emprego de meio insidioso ou cruel, ou de que resulte perigo comum"}],"categoria":"HOMICIDIO_DOLOSO"}