{"idBO":"2014-200100-307","numero":"307","idDelegacia":"200100","tipoBoletim":"Complementar","dependencia":"DHPP DIV. HOMICIDIOS","local":"AVENIDA JOAO DOS SANTOS ABREU, 890 - CACHOEIRINHA - S.PAULO - SP","tipoLocal":"Via pública","circunscricao":"40º D.P. VILA STA MARIA","dataOcorrencia":"21/04/2014","turnoOcorrencia":"DE MADRUGADA","dataComunicacao":"21/04/2014","horaComunicacao":"09:07","dataElaboracao":"21/04/2014","horaElaboracao":"09:08","flagrante":"Não","examesRequisitados":"IC-IML","solucao":"BO PARA INQUÉRITO","partesEnvolvidas":[{"nome":"RAFAEL DE OLIVEIRA ARRUDA","tipoEnvolvimento":"Vítima","rg":"49561814-SP","naturalidade":"S.PAULO -SP","nacionalidade":"BRASILEIRA","sexo":"Masculino","dataNascimento":"12/08/1993","idade":"20","estadoCivil":"Solteiro","instrucao":"2 Grau completo","profissao":"AJUDANTE GERAL","cutis":"Preta","naturezasEnvolvidas":"Homicídio simples (art. 121)"}],"naturezas":[{"especie":"Título I - Pessoa (arts. 121 a 154)","descricao":"Homicídio simples (art. 121)"}],"numeroBoPrincipal":"4368","anoBoPrincipal":"2014","nomeDelegaciaBoPrincipal":"13º D.P. CASA VERDE","categoria":"HOMICIDIO_DOLOSO"}