{"idBO":"2014-200100-891","numero":"891","idDelegacia":"200100","tipoBoletim":"Complementar","dependencia":"DHPP DIV. HOMICIDIOS","local":"RUA HORTOLANDIA, 1201 - PIRITUBA - S.PAULO - SP","tipoLocal":"Via pública","circunscricao":"87º D.P. V. P. BARRETO","dataOcorrencia":"17/12/2014","turnoOcorrencia":"DE MADRUGADA","dataComunicacao":"17/12/2014","horaComunicacao":"07:48","dataElaboracao":"17/12/2014","horaElaboracao":"07:48","flagrante":"Não","examesRequisitados":"IC","solucao":"BO PARA INQUÉRITO","partesEnvolvidas":[{"nome":"DESCONHECIDO","tipoEnvolvimento":"Vítima","sexo":"Masculino","idade":"0","cutis":"Preta","naturezasEnvolvidas":"Homicídio simples (art. 121)"}],"naturezas":[{"especie":"Título I - Pessoa (arts. 121 a 154)","descricao":"Homicídio simples (art. 121)"}],"numeroBoPrincipal":"8852","anoBoPrincipal":"2014","nomeDelegaciaBoPrincipal":"33º D.P. PIRITUBA","categoria":"HOMICIDIO_DOLOSO"}