{"idBO":"2014-130516-5632","numero":"5632","idDelegacia":"130516","tipoBoletim":"Principal","dependencia":"DEL.SEC.TAUBATE PLANTÃO","local":"RUA HELVINO DE MORÃES, 272 - VILA SÃO JOSÉ - CEP: 12100000 - TAUBATE - SP","tipoLocal":"Condominio Residencial","circunscricao":"01º D.P. TAUBATE","dataOcorrencia":"06/11/2014","turnoOcorrencia":"A TARDE","dataComunicacao":"06/11/2014","horaComunicacao":"20:02","dataElaboracao":"06/11/2014","horaElaboracao":"20:13","flagrante":"Não","examesRequisitados":"IC-IML","solucao":"ENCAMINHAMENTO DP ÁREA DO FATO","partesEnvolvidas":[{"nome":"ALEXANDRE GOMES DA SILVA","tipoEnvolvimento":"Vítima","rg":"37754560-SP","naturalidade":"SOUSA","nacionalidade":"BRASILEIRA","sexo":"Masculino","dataNascimento":"22/03/1982","idade":"32","estadoCivil":"Solteiro","instrucao":"1 Grau completo","profissao":"AJUDANTE DE PEDREIRO","cutis":"Parda","naturezasEnvolvidas":"Homicídio simples (art. 121)"}],"naturezas":[{"especie":"Título I - Pessoa (arts. 121 a 154)","descricao":"Homicídio simples (art. 121)"}],"categoria":"HOMICIDIO_DOLOSO"}