{"idBO":"2014-10361-1370","numero":"1370","idDelegacia":"10361","tipoBoletim":"Principal","dependencia":"70º D.P. VILA EMA","local":"AV VILA EMA, 5016 - VILA EMA - S.PAULO - SP","tipoLocal":"Via pública","circunscricao":"70º D.P. VILA EMA","dataOcorrencia":"18/03/2014","turnoOcorrencia":"A TARDE","dataComunicacao":"18/03/2014","horaComunicacao":"16:31","dataElaboracao":"18/03/2014","horaElaboracao":"16:48","flagrante":"Não","examesRequisitados":"IC-IML","solucao":"BO PARA INQUÉRITO","partesEnvolvidas":[{"nome":"NALCI GOMES","tipoEnvolvimento":"Vítima","rg":"19101799-SP","naturalidade":"S.PAULO -SP","nacionalidade":"BRASILEIRA","sexo":"Masculino","dataNascimento":"06/03/1966","idade":"48","estadoCivil":"Casado","instrucao":"1 Grau completo","profissao":"AJUDANTE GERAL","cutis":"Branca","naturezasEnvolvidas":"Homicídio qualificado (art. 121, §2o.)"}],"naturezas":[{"especie":"Título I - Pessoa (arts. 121 a 154)","descricao":"Homicídio qualificado (art. 121, §2o.)","desdobramentos":"IV - à traição ou mediante dissimulação ou outro recurso"}],"categoria":"HOMICIDIO_DOLOSO"}