{"idBO":"2014-30217-3622","numero":"3622","idDelegacia":"30217","tipoBoletim":"Principal","dependencia":"07º D.P. GUARULHOS","local":"AVENIDA PAPA JOÃO PAULO I, 4325 - INOCOOP - GUARULHOS - SP","tipoLocal":"Via pública","circunscricao":"07º D.P. GUARULHOS","dataOcorrencia":"16/05/2014","turnoOcorrencia":"DE MADRUGADA","dataComunicacao":"16/05/2014","horaComunicacao":"02:18","dataElaboracao":"16/05/2014","horaElaboracao":"02:20","flagrante":"Sim","examesRequisitados":"IC-IML","solucao":"BO PARA FLAGRANTE","partesEnvolvidas":[{"nome":"EDUARDO MATEUS MACEDO SILVA","tipoEnvolvimento":"Vítima","rg":"46926719-SP","nacionalidade":"BRASILEIRA","sexo":"Masculino","dataNascimento":"18/04/1990","idade":"24","estadoCivil":"Solteiro","instrucao":"1 Grau incompleto","cutis":"Parda","naturezasEnvolvidas":"Homicídio simples (art. 121)"}],"naturezas":[{"especie":"Título I - Pessoa (arts. 121 a 154)","descricao":"Homicídio simples (art. 121)"}],"categoria":"HOMICIDIO_DOLOSO"}