{"idBO":"2014-30201-2149","numero":"2149","idDelegacia":"30201","tipoBoletim":"Principal","dependencia":"DEL.POL.ARUJA","local":"RUA PÉROLA, 180 - JD EMILIA - ARUJA - SP","tipoLocal":"Via pública","circunscricao":"DEL.POL.ARUJA","dataOcorrencia":"01/07/2014","turnoOcorrencia":"DE MADRUGADA","dataComunicacao":"01/07/2014","horaComunicacao":"00:10","dataElaboracao":"01/07/2014","horaElaboracao":"00:13","flagrante":"Não","examesRequisitados":"IC","solucao":"APRECIAÇÃO DO DELEGADO TITULAR","partesEnvolvidas":[{"nome":"PREJ","tipoEnvolvimento":"Vítima","cutis":"Outros","naturezasEnvolvidas":"Homicídio qualificado (art. 121, §2o.)"}],"naturezas":[{"especie":"Título I - Pessoa (arts. 121 a 154)","descricao":"Homicídio qualificado (art. 121, §2o.)"}],"categoria":"HOMICIDIO_DOLOSO"}