{"idBO":"2014-30404-1977","numero":"1977","idDelegacia":"30404","tipoBoletim":"Principal","dependencia":"DEL.POL.EMBU DAS ARTES","local":"RUA JAMBEIRO, 170 - JD. SÃO MARCOS - EMBU - SP","tipoLocal":"Via pública","circunscricao":"01º D.P. EMBU DAS ARTES","dataOcorrencia":"25/05/2014","turnoOcorrencia":"DE MADRUGADA","dataComunicacao":"25/05/2014","horaComunicacao":"04:45","dataElaboracao":"25/05/2014","horaElaboracao":"05:01","flagrante":"Não","examesRequisitados":"IC-IML","solucao":"ENCAMINHAMENTO DP ÁREA DO FATO","partesEnvolvidas":[{"nome":"DESCONHECIDA","tipoEnvolvimento":"Vítima","sexo":"Masculino","idade":"0","cutis":"Parda","naturezasEnvolvidas":"Homicídio simples (art. 121)"}],"naturezas":[{"especie":"Título I - Pessoa (arts. 121 a 154)","descricao":"Homicídio simples (art. 121)"}],"categoria":"HOMICIDIO_DOLOSO"}