{"idBO":"2014-30212-7097","numero":"7097","idDelegacia":"30212","tipoBoletim":"Principal","dependencia":"04º D.P. GUARULHOS","local":"RUA PAULO CANARINHO, 142 - VILA NOVA CUMBICA - GUARULHOS - SP","tipoLocal":"Via pública","circunscricao":"08º D.P. GUARULHOS","dataOcorrencia":"29/09/2014","turnoOcorrencia":"DE MADRUGADA","dataComunicacao":"29/09/2014","horaComunicacao":"05:52","dataElaboracao":"29/09/2014","horaElaboracao":"05:55","flagrante":"Não","examesRequisitados":"IC-IML","solucao":"ENCAMINHAMENTO DP ÁREA DO FATO","partesEnvolvidas":[{"nome":"MARCIO ALVES DOS SANTOS","tipoEnvolvimento":"Vítima","rg":"58583045-SP","naturalidade":"AQUIDABA -SE","nacionalidade":"BRASILEIRA","sexo":"Masculino","dataNascimento":"11/06/1975","idade":"39","estadoCivil":"Separado","profissao":"MOTORISTA","cutis":"Parda","naturezasEnvolvidas":"Homicídio simples (art. 121)"}],"naturezas":[{"especie":"Título I - Pessoa (arts. 121 a 154)","descricao":"Homicídio simples (art. 121)"}],"categoria":"HOMICIDIO_DOLOSO"}