{"idBO":"2014-100427-3431","numero":"3431","idDelegacia":"100427","tipoBoletim":"Complementar","dependencia":"DEL.POL.SERRANA","local":"FAZENDA FIGUEIRA, 1 - ZONA - CEP: 14150000 - SERRANA - SP","tipoLocal":"Unidade rural","circunscricao":"DEL.POL.SERRANA","dataOcorrencia":"27/11/2014","turnoOcorrencia":"A NOITE","dataComunicacao":"28/11/2014","horaComunicacao":"14:05","dataElaboracao":"28/11/2014","horaElaboracao":"14:08","flagrante":"Não","examesRequisitados":"IC-IML","solucao":"BO PARA ADENDO","partesEnvolvidas":[{"nome":"CARLOS GIL SIQUEIRA CAMPOS","tipoEnvolvimento":"Vítima","rg":"25022773-SP","naturalidade":"RIO DE JANEIRO -RJ","nacionalidade":"BRASILEIRA","sexo":"Masculino","dataNascimento":"16/06/1965","idade":"49","estadoCivil":"Casado","instrucao":"2 Grau completo","profissao":"AGENTE PENITENCIARIO","cutis":"Branca","naturezasEnvolvidas":"Roubo (art. 157)"}],"naturezas":[{"especie":"Título II - Patrimônio (arts. 155 a 183)","descricao":"Roubo (art. 157)","desdobramentos":"§3o. Se da violência resulta morte:"}],"numeroBoPrincipal":"3426","anoBoPrincipal":"2014","nomeDelegaciaBoPrincipal":"DEL.POL.SERRANA","categoria":"LATROCINIO"}