{"idBO":"2014-130214-706","numero":"706","idDelegacia":"130214","tipoBoletim":"Principal","dependencia":"DEL.POL.POTIM","local":"RUA SÃO JOSÉ, 40 - VISTA ALEGRE - POTIM - SP","tipoLocal":"Residência","circunscricao":"DEL.POL.POTIM","dataOcorrencia":"06/10/2014","turnoOcorrencia":"EM HORA INCERTA","dataComunicacao":"06/10/2014","horaComunicacao":"11:30","dataElaboracao":"06/10/2014","horaElaboracao":"11:33","flagrante":"Não","examesRequisitados":"IC-IML","solucao":"BO PARA REGISTRO","partesEnvolvidas":[{"nome":"MARIA ROSELY DA SILVA","tipoEnvolvimento":"Vítima","rg":"36270942-SP","naturalidade":"CUNHA -SP","nacionalidade":"BRASILEIRA","sexo":"Feminino","dataNascimento":"08/10/1971","idade":"42","estadoCivil":"Divorciado","instrucao":"1 Grau completo","profissao":"AUTONOMO(A)","cutis":"Branca","naturezasEnvolvidas":"Homicídio simples (art. 121)"},{"nome":"JOAO DOMINGOS MACIEL","tipoEnvolvimento":"Autor/Vitima","rg":"28685150-SP","naturalidade":"AIURUOCA -MG","nacionalidade":"BRASILEIRA","sexo":"Masculino","dataNascimento":"06/07/1966","idade":"48","estadoCivil":"Convivente","profissao":"LAVRADOR(A)","cutis":"Branca","naturezasEnvolvidas":"Homicídio simples (art. 121), Suicídio consumado"}],"naturezas":[{"especie":"Título I - Pessoa (arts. 121 a 154)","descricao":"Homicídio simples (art. 121)"},{"especie":"Suicídio","descricao":"Suicídio consumado"}],"categoria":"HOMICIDIO_DOLOSO"}