{"idBO":"2014-10108-1548","numero":"1548","idDelegacia":"10108","tipoBoletim":"Principal","dependencia":"08º D.P. BRAS","local":"R JOAQUIM NABUCO, 64 - BRAS - S.PAULO - SP","tipoLocal":"Via pública","circunscricao":"08º D.P. BRAS","dataOcorrencia":"23/02/2014","turnoOcorrencia":"DE MADRUGADA","dataComunicacao":"23/02/2014","horaComunicacao":"06:39","dataElaboracao":"23/02/2014","horaElaboracao":"06:42","flagrante":"Não","examesRequisitados":"IML","solucao":"APRECIAÇÃO DO DELEGADO TITULAR","partesEnvolvidas":[{"sexo":"Masculino","idade":"50","cutis":"Branca","naturezasEnvolvidas":"Homicídio simples (art. 121)"}],"naturezas":[{"especie":"Título I - Pessoa (arts. 121 a 154)","descricao":"Homicídio simples (art. 121)"}],"categoria":"HOMICIDIO_DOLOSO"}