{"idBO":"2014-10356-8367","numero":"8367","idDelegacia":"10356","tipoBoletim":"Principal","dependencia":"89º D.P. JARDIM TABOAO","local":"AVENIDA MARGINAL DO RIO PINHEIROS, 15000 - VILA ANDRADE - S.PAULO - SP","tipoLocal":"Via pública","circunscricao":"89º D.P. JARDIM TABOAO","dataOcorrencia":"25/09/2014","turnoOcorrencia":"PELA MANHÃ","dataComunicacao":"25/09/2014","horaComunicacao":"14:32","dataElaboracao":"25/09/2014","horaElaboracao":"14:40","flagrante":"Não","solucao":"OFÍCIO","partesEnvolvidas":[{"sexo":"Feminino","idade":"0","cutis":"Outros","naturezasEnvolvidas":"Homicídio simples (art. 121)"}],"naturezas":[{"especie":"Título I - Pessoa (arts. 121 a 154)","descricao":"Homicídio simples (art. 121)"}],"categoria":"HOMICIDIO_DOLOSO"}