{"idBO":"2014-30221-282","numero":"282","idDelegacia":"30221","tipoBoletim":"Principal","dependencia":"09º D.P. GUARULHOS","local":"EST DOS FURNAS - VILA UNIAO - GUARULHOS - SP","tipoLocal":"Area não ocupada","circunscricao":"09º D.P. GUARULHOS","dataOcorrencia":"30/01/2014","turnoOcorrencia":"PELA MANHÃ","dataComunicacao":"30/01/2014","horaComunicacao":"10:03","dataElaboracao":"30/01/2014","horaElaboracao":"10:06","flagrante":"Não","examesRequisitados":"IC-IML","solucao":"APRECIAÇÃO DO DELEGADO TITULAR","partesEnvolvidas":[{"sexo":"Masculino","idade":"0","cutis":"Branca","naturezasEnvolvidas":"Homicídio simples (art. 121)"}],"naturezas":[{"especie":"Título I - Pessoa (arts. 121 a 154)","descricao":"Homicídio simples (art. 121)"}],"categoria":"HOMICIDIO_DOLOSO"}