{"idBO":"2014-200100-99","numero":"99","idDelegacia":"200100","tipoBoletim":"Complementar","dependencia":"DHPP DIV. HOMICIDIOS","local":"R DIAMANTE PRETO, 453 - TATUAPÉ - S.PAULO - SP","tipoLocal":"Via pública","circunscricao":"30º D.P. TATUAPE","dataOcorrencia":"04/02/2014","turnoOcorrencia":"A NOITE","dataComunicacao":"05/02/2014","horaComunicacao":"04:51","dataElaboracao":"05/02/2014","horaElaboracao":"04:52","flagrante":"Não","examesRequisitados":"IC-IML","solucao":"BO PARA INQUÉRITO","partesEnvolvidas":[{"nome":"RODRIGO BERMEJO","tipoEnvolvimento":"Vítima","rg":"61435101-SP","naturalidade":"S.PAULO -SP","sexo":"Masculino","dataNascimento":"07/12/1988","idade":"25","estadoCivil":"Solteiro","instrucao":"2 Grau completo","profissao":"DESEMPREGADO","cutis":"Parda","naturezasEnvolvidas":"Homicídio simples (art. 121)"},{"nome":"CESAR AUGUSTO GONZAGA PILAR","tipoEnvolvimento":"Vítima","rg":"37818478-SP","naturalidade":"S.PAULO -SP","nacionalidade":"BRASILEIRA","sexo":"Masculino","dataNascimento":"29/07/1996","idade":"17","estadoCivil":"Solteiro","instrucao":"1 Grau completo","cutis":"Parda","naturezasEnvolvidas":"Homicídio simples (art. 121)"},{"sexo":"Masculino","idade":"30","cutis":"Branca","naturezasEnvolvidas":"Homicídio simples (art. 121)"},{"nome":"VITOR CARDOSO","tipoEnvolvimento":"Vítima","sexo":"Masculino","dataNascimento":"31/07/1998","idade":"15","cutis":"Parda","naturezasEnvolvidas":"Homicídio simples (art. 121)"}],"naturezas":[{"especie":"Título I - Pessoa (arts. 121 a 154)","descricao":"Homicídio simples (art. 121)"},{"especie":"Título I - Pessoa (arts. 121 a 154)","descricao":"Homicídio simples (art. 121)"}],"numeroBoPrincipal":"852","anoBoPrincipal":"2014","nomeDelegaciaBoPrincipal":"31º D.P. VILA CARRAO","categoria":"HOMICIDIO_DOLOSO"}