{"idBO":"2014-140209-173","numero":"173","idDelegacia":"140209","tipoBoletim":"Complementar","dependencia":"DEIC-1ª DELEGACIA DA DISCCPAT","local":"RUA ANDREA BOLGI - JAGUARE - S.PAULO - SP","tipoLocal":"Residência","circunscricao":"93º D.P. JAGUARÉ","dataOcorrencia":"30/11/2014","turnoOcorrencia":"A NOITE","dataComunicacao":"02/12/2014","horaComunicacao":"12:30","dataElaboracao":"02/12/2014","horaElaboracao":"16:31","flagrante":"Não","solucao":"BO PARA ADENDO","partesEnvolvidas":[{"nome":"NOEMIA MARIA CARDOSO AIRES","tipoEnvolvimento":"Vítima","rg":"15221967-SP","naturalidade":"OSASCO -SP","nacionalidade":"BRASILEIRA","sexo":"Feminino","dataNascimento":"24/01/1967","idade":"47","estadoCivil":"Solteiro","instrucao":"Superior completo","profissao":"ANALISTA DE SISTEMAS","cutis":"Branca","naturezasEnvolvidas":"Roubo (art. 157)"}],"naturezas":[{"especie":"Ato infracional","descricao":"A.I.-Roubo (art. 157)","desdobramentos":"§3o. Se da violência resulta morte"},{"especie":"Título II - Patrimônio (arts. 155 a 183)","descricao":"Roubo (art. 157)","desdobramentos":"§3o. Se da violência resulta morte:"},{"especie":"L 8069/90 - ECA","descricao":"Caput Corromper ou facilitar a corrupção de menor de 18 anos (244B)"}],"numeroBoPrincipal":"5777","anoBoPrincipal":"2014","nomeDelegaciaBoPrincipal":"93º D.P. JAGUARÉ","categoria":"LATROCINIO"}