{"idBO":"2014-130312-240","numero":"240","idDelegacia":"130312","tipoBoletim":"Complementar","dependencia":"03º D.P. S.JOSE DOS CAMPOS","local":"RUA LEONOR DE ALMEIDA SOUTO - CAMPO DOS ALEMAES - S.JOSE DOS CAMPOS - SP","tipoLocal":"Via pública","circunscricao":"03º D.P. S.JOSE DOS CAMPOS","dataOcorrencia":"08/01/2014","turnoOcorrencia":"A NOITE","dataComunicacao":"13/01/2014","horaComunicacao":"06:50","dataElaboracao":"13/01/2014","horaElaboracao":"06:52","flagrante":"Não","examesRequisitados":"IML","solucao":"APRECIAÇÃO DO DELEGADO TITULAR","partesEnvolvidas":[{"nome":"MARCOS ADRIANO DA SILVA","tipoEnvolvimento":"Vítima","rg":"52521466-SP","naturalidade":"S.JOAQUIM DO MONTE -PE","nacionalidade":"BRASILEIRA","sexo":"Masculino","dataNascimento":"26/07/1985","idade":"28","estadoCivil":"Solteiro","instrucao":"1 Grau completo","cutis":"Branca","naturezasEnvolvidas":"Homicídio simples (art. 121)"}],"naturezas":[{"especie":"Título I - Pessoa (arts. 121 a 154)","descricao":"Homicídio simples (art. 121)"}],"numeroBoPrincipal":"166","anoBoPrincipal":"2014","nomeDelegaciaBoPrincipal":"03º D.P. S.JOSE DOS CAMPOS","categoria":"HOMICIDIO_DOLOSO"}