{"idBO":"2014-10335-442","numero":"442","idDelegacia":"10335","tipoBoletim":"Principal","dependencia":"72º D.P. VILA PENTEADO","local":"AV INAJAR DE SOUZA, 5660 - V NOVA CACHOEIRINHA - S.PAULO - SP","tipoLocal":"Residência","circunscricao":"72º D.P. VILA PENTEADO","dataOcorrencia":"13/01/2014","turnoOcorrencia":"PELA MANHÃ","dataComunicacao":"13/01/2014","horaComunicacao":"11:43","dataElaboracao":"13/01/2014","horaElaboracao":"11:45","flagrante":"Sim","examesRequisitados":"IC-IML","solucao":"BO PARA FLAGRANTE","partesEnvolvidas":[{"nome":"DESCONHECIDO","tipoEnvolvimento":"Vítima","sexo":"Feminino","idade":"0","cutis":"Parda","naturezasEnvolvidas":"Homicídio qualificado (art. 121, §2o.)"}],"naturezas":[{"especie":"Título V - Sentimento religioso e respeito aos mortos (arts. 208 a 212)","descricao":"Destruição, subtração ou ocultação de cadáver (art. 211)"},{"especie":"Título I - Pessoa (arts. 121 a 154)","descricao":"Homicídio qualificado (art. 121, §2o.)"}],"categoria":"HOMICIDIO_DOLOSO"}