{"idBO":"2014-100127-8","numero":"8","idDelegacia":"100127","tipoBoletim":"Complementar","dependencia":"DEL.INV.GER. ARARAQUARA","local":"RUA JOSE MANOEL DE MATTOS, 4107 - JD CRUZEIRO DO SUL - ARARAQUARA - SP","tipoLocal":"Via pública","circunscricao":"04º D.P. ARARAQUARA","dataOcorrencia":"20/01/2014","turnoOcorrencia":"DE MADRUGADA","dataComunicacao":"20/01/2014","horaComunicacao":"14:18","dataElaboracao":"20/01/2014","horaElaboracao":"14:21","flagrante":"Não","examesRequisitados":"IC-IML","solucao":"ENCAMINHAMENTO DP ÁREA DO FATO","partesEnvolvidas":[{"nome":"LILIAN DIAS TEIXEIRA","tipoEnvolvimento":"Vítima","rg":"46067625-SP","naturalidade":"ARARAQUARA -SP","nacionalidade":"BRASILEIRA","sexo":"Feminino","dataNascimento":"17/01/1989","idade":"25","estadoCivil":"Solteiro","instrucao":"1 Grau completo","profissao":"AUTONOMO(A)","cutis":"Branca","naturezasEnvolvidas":"Homicídio qualificado (art. 121, §2o.)"}],"naturezas":[{"especie":"Título I - Pessoa (arts. 121 a 154)","descricao":"Homicídio qualificado (art. 121, §2o.)"}],"numeroBoPrincipal":"271","anoBoPrincipal":"2014","nomeDelegaciaBoPrincipal":"DEL.SEC.ARARAQUARA PLANTÃO","categoria":"HOMICIDIO_DOLOSO"}