{"idBO":"2014-200100-497","numero":"497","idDelegacia":"200100","tipoBoletim":"Complementar","dependencia":"DHPP DIV. HOMICIDIOS","local":"AVENIDA PAULO GUILGUER REIMBERG, 12000 - GRAJAU - S.PAULO - SP","tipoLocal":"Via pública","circunscricao":"25º D.P. PARELHEIROS","dataOcorrencia":"02/07/2014","turnoOcorrencia":"PELA MANHÃ","dataComunicacao":"02/07/2014","horaComunicacao":"13:37","dataElaboracao":"02/07/2014","horaElaboracao":"13:38","flagrante":"Não","examesRequisitados":"IC-IML","solucao":"BO PARA INQUÉRITO","partesEnvolvidas":[{"nome":"DESCONHECIDO","tipoEnvolvimento":"Vítima","sexo":"Masculino","idade":"0","cutis":"Branca","naturezasEnvolvidas":"Homicídio qualificado (art. 121, §2o.)"}],"naturezas":[{"especie":"Título I - Pessoa (arts. 121 a 154)","descricao":"Homicídio qualificado (art. 121, §2o.)"}],"numeroBoPrincipal":"1915","anoBoPrincipal":"2014","nomeDelegaciaBoPrincipal":"25º D.P. PARELHEIROS","categoria":"HOMICIDIO_DOLOSO"}