{"idBO":"2014-30207-6669","numero":"6669","idDelegacia":"30207","tipoBoletim":"Principal","dependencia":"02º D.P. GUARULHOS","local":"RUA ORLANDO SEGALA - SITIO DOS MORROS - GUARULHOS - SP","tipoLocal":"Via pública","circunscricao":"09º D.P. GUARULHOS","dataOcorrencia":"08/11/2014","turnoOcorrencia":"PELA MANHÃ","dataComunicacao":"08/11/2014","horaComunicacao":"10:41","dataElaboracao":"08/11/2014","horaElaboracao":"10:45","flagrante":"Não","examesRequisitados":"IC-IML","solucao":"APRECIAÇÃO DO DELEGADO TITULAR","partesEnvolvidas":[{"nome":"A ESCLARECER","tipoEnvolvimento":"Vítima","sexo":"Masculino","idade":"0","cutis":"Preta","naturezasEnvolvidas":"Homicídio simples (art. 121)"}],"naturezas":[{"especie":"Título I - Pessoa (arts. 121 a 154)","descricao":"Homicídio simples (art. 121)"}],"categoria":"HOMICIDIO_DOLOSO"}