{"idBO":"2014-30401-4158","numero":"4158","idDelegacia":"30401","tipoBoletim":"Principal","dependencia":"DEL.POL.BARUERI","local":"RUA OLGA - PQ DOS CAMARGOS - BARUERI - SP","tipoLocal":"Via pública","circunscricao":"01º D.P. BARUERI","dataOcorrencia":"28/06/2014","turnoOcorrencia":"A NOITE","dataComunicacao":"29/06/2014","horaComunicacao":"02:19","dataElaboracao":"29/06/2014","horaElaboracao":"02:23","flagrante":"Não","examesRequisitados":"IML","solucao":"ENCAMINHAMENTO DP ÁREA DO FATO","partesEnvolvidas":[{"nome":"MARCELO APARECIDO DOS SANTOS","tipoEnvolvimento":"Vítima","rg":"34969366-SP","naturalidade":"S.PAULO -SP","nacionalidade":"BRASILEIRA","sexo":"Masculino","dataNascimento":"26/09/1972","idade":"41","estadoCivil":"Solteiro","instrucao":"1 Grau completo","profissao":"CONFERENTE","cutis":"Parda","naturezasEnvolvidas":"Homicídio simples (art. 121)"}],"naturezas":[{"especie":"Título I - Pessoa (arts. 121 a 154)","descricao":"Homicídio simples (art. 121)"},{"especie":"Título I - Pessoa (arts. 121 a 154)","descricao":"Homicídio simples (art. 121)"},{"especie":"Título I - Pessoa (arts. 121 a 154)","descricao":"Lesão corporal (art. 129)"}],"categoria":"HOMICIDIO_DOLOSO"}