{"idBO":"2014-110429-13140","numero":"13140","idDelegacia":"110429","tipoBoletim":"Principal","dependencia":"DEL.SEC.S.J RIO PRETO PLANTÃO","local":"RUA PROJETADA \"B\", 76 - EST SÃO MILGUEL ARCANJO II - S.JOSE DO RIO PRETO - SP","tipoLocal":"Restaurante e afins","circunscricao":"05º D.P. S.JOSE RIO PRETO","dataOcorrencia":"12/09/2014","turnoOcorrencia":"A NOITE","dataComunicacao":"13/09/2014","horaComunicacao":"04:13","dataElaboracao":"13/09/2014","horaElaboracao":"04:18","flagrante":"Sim","examesRequisitados":"IC-IML","solucao":"BO PARA FLAGRANTE","partesEnvolvidas":[],"naturezas":[{"especie":"Título I - Pessoa (arts. 121 a 154)","descricao":"Homicídio qualificado (art. 121, §2o.)"},{"especie":"Título VI - Dignidade Sexual (arts 213 a 234)","descricao":"Estupro (art.213)"},{"especie":"Título II - Patrimônio (arts. 155 a 183)","descricao":"Roubo (art. 157)"}],"categoria":"HOMICIDIO_DOLOSO"}