{"idBO":"2014-100402-1624","numero":"1624","idDelegacia":"100402","tipoBoletim":"Complementar","dependencia":"DEL.POL.BARRINHA","local":"RUA DOM PEDRO II, 294 - VILA RECREIO - BARRINHA - SP","tipoLocal":"Residência","circunscricao":"DEL.POL.BARRINHA","dataOcorrencia":"22/09/2014","turnoOcorrencia":"A NOITE","dataComunicacao":"25/09/2014","horaComunicacao":"08:57","dataElaboracao":"25/09/2014","horaElaboracao":"08:59","flagrante":"Sim","solucao":"BO PARA ADENDO","partesEnvolvidas":[{"nome":"EWERTON LAURISTON ANTONIO","tipoEnvolvimento":"Vítima","rg":"42029002-SP","naturalidade":"RIBEIRAO PRETO -SP","nacionalidade":"BRASILEIRA","sexo":"Masculino","dataNascimento":"21/12/1985","idade":"28","estadoCivil":"Casado","instrucao":"2 Grau completo","profissao":"METALURGICO(A)","cutis":"Parda","naturezasEnvolvidas":"Homicídio simples (art. 121)"}],"naturezas":[{"especie":"Título I - Pessoa (arts. 121 a 154)","descricao":"Homicídio simples (art. 121)"}],"numeroBoPrincipal":"1604","anoBoPrincipal":"2014","nomeDelegaciaBoPrincipal":"DEL.POL.BARRINHA","categoria":"HOMICIDIO_DOLOSO"}