{"idBO":"2014-10357-3350","numero":"3350","idDelegacia":"10357","tipoBoletim":"Principal","dependencia":"91º D.P. CEASA","local":"RUA SAO FIDELIS, 114 - JAGUARE - S.PAULO - SP","tipoLocal":"Via pública","circunscricao":"93º D.P. JAGUARÉ","dataOcorrencia":"05/05/2014","turnoOcorrencia":"A NOITE","dataComunicacao":"05/05/2014","horaComunicacao":"22:33","dataElaboracao":"05/05/2014","horaElaboracao":"22:35","flagrante":"Não","examesRequisitados":"IC-IML","solucao":"ENCAMINHAMENTO DP ÁREA DO FATO","partesEnvolvidas":[{"nome":"EDUARDO GEBAUER PIMENTEL","tipoEnvolvimento":"Vítima","rg":"3354878-SP","naturalidade":"S.PAULO -SP","nacionalidade":"BRASILEIRA","sexo":"Masculino","dataNascimento":"14/12/1944","idade":"69","estadoCivil":"Casado","instrucao":"Superior completo","cutis":"Branca","naturezasEnvolvidas":"Homicídio simples (art. 121)"}],"naturezas":[{"especie":"Título I - Pessoa (arts. 121 a 154)","descricao":"Homicídio simples (art. 121)"}],"categoria":"HOMICIDIO_DOLOSO"}