{"idBO":"2014-20249-1497","numero":"1497","idDelegacia":"20249","tipoBoletim":"Principal","dependencia":"49º D.P. SAO MATEUS","local":"R IGARAPE CAJUEIRO, 1 - - S.PAULO - SP","tipoLocal":"Saúde","circunscricao":"54º D.P. CID. TIRADENTES","dataOcorrencia":"02/02/2014","turnoOcorrencia":"A NOITE","dataComunicacao":"03/02/2014","horaComunicacao":"03:51","dataElaboracao":"03/02/2014","horaElaboracao":"03:59","flagrante":"Sim","examesRequisitados":"IC-IML","solucao":"BO PARA FLAGRANTE","partesEnvolvidas":[{"nome":"MARIA ELIZETE VIEIRA VIANA","tipoEnvolvimento":"Vítima","rg":"37712329-SP","naturalidade":"ITAPIPOCA -CE","nacionalidade":"BRASILEIRA","sexo":"Feminino","dataNascimento":"10/11/1993","idade":"20","estadoCivil":"Solteiro","instrucao":"2 Grau completo","profissao":"VENDEDOR(A)","cutis":"Parda","naturezasEnvolvidas":"Homicídio simples (art. 121)"}],"naturezas":[{"especie":"Título I - Pessoa (arts. 121 a 154)","descricao":"Homicídio qualificado (art. 121, §2o.)","desdobramentos":"II - por motivo fútil, IV - à traição ou mediante dissimulação ou outro recurso"},{"especie":"L 10826/03 - Estatuto do Desarmamento","descricao":"Posse ou porte ilegal de arma de fogo de uso restrito (Art. 16)","desdobramentos":"Nas mesmas penas incorrem quem (Par. único)"}],"categoria":"HOMICIDIO_DOLOSO"}