{"idBO":"2014-10367-1585","numero":"1585","idDelegacia":"10367","tipoBoletim":"Complementar","dependencia":"93º D.P. JAGUARÉ","local":"R PROFA ANA MARIA LELIS DA SILVA, 187 - RIO PEQUENO - S.PAULO - SP","tipoLocal":"Via pública","circunscricao":"93º D.P. JAGUARÉ","dataOcorrencia":"22/03/2014","turnoOcorrencia":"PELA MANHÃ","dataComunicacao":"25/03/2014","horaComunicacao":"08:18","dataElaboracao":"25/03/2014","horaElaboracao":"08:23","flagrante":"Não","solucao":"BO PARA ADENDO","partesEnvolvidas":[{"nome":"ALICIO APARECIDO VIOLA","tipoEnvolvimento":"Vítima","rg":"6265933-SP","naturalidade":"DEPOTIRENDABA- SP","nacionalidade":"BRASILEIRA","sexo":"Masculino","dataNascimento":"10/08/1950","idade":"63","estadoCivil":"Casado","instrucao":"2 Grau completo","profissao":"APOSENTADO(A)","cutis":"Branca","naturezasEnvolvidas":"Roubo (art. 157)"}],"naturezas":[{"especie":"Título II - Patrimônio (arts. 155 a 183)","descricao":"Roubo (art. 157)","desdobramentos":"§3o. Se da violência resulta morte:"}],"numeroBoPrincipal":"2199","anoBoPrincipal":"2014","nomeDelegaciaBoPrincipal":"91º D.P. CEASA","categoria":"LATROCINIO"}