{"idBO":"2014-10216-5485","numero":"5485","idDelegacia":"10216","tipoBoletim":"Principal","dependencia":"16º D.P. VILA CLEMENTINO","local":"RUA NELSON WASHINGTON PEREIRA, 317 - JABAQUARA - S.PAULO - SP","tipoLocal":"Via pública","circunscricao":"35º D.P. JABAQUARA","dataOcorrencia":"04/05/2014","turnoOcorrencia":"A NOITE","dataComunicacao":"04/05/2014","horaComunicacao":"22:24","dataElaboracao":"04/05/2014","horaElaboracao":"22:26","flagrante":"Não","examesRequisitados":"IML","solucao":"ENCAMINHAMENTO DP ÁREA DO FATO","partesEnvolvidas":[{"nome":"BRUNO MARQUES CARDIM","tipoEnvolvimento":"Vítima","rg":"35580442-SP","naturalidade":"S.PAULO -SP","sexo":"Masculino","dataNascimento":"25/03/1985","idade":"29","profissao":"SERVENTE","cutis":"Branca","naturezasEnvolvidas":"Homicídio simples (art. 121)"}],"naturezas":[{"especie":"Título I - Pessoa (arts. 121 a 154)","descricao":"Homicídio simples (art. 121)"}],"categoria":"HOMICIDIO_DOLOSO"}