{"idBO":"2014-100910-2016","numero":"2016","idDelegacia":"100910","tipoBoletim":"Principal","dependencia":"DEL.SEC.FRANCA PLANTÃO","local":"R. LUIS PUGLIA, 1914 - JD. RIVIEIRA - FRANCA - SP","tipoLocal":"Residência","circunscricao":"03º D.P. FRANCA","dataOcorrencia":"08/03/2014","turnoOcorrencia":"A TARDE","dataComunicacao":"08/03/2014","horaComunicacao":"18:00","dataElaboracao":"08/03/2014","horaElaboracao":"18:02","flagrante":"Não","examesRequisitados":"IC-IML","solucao":"APRECIAÇÃO DO DELEGADO TITULAR","partesEnvolvidas":[{"nome":"ANA CECILIA MACEDO","tipoEnvolvimento":"Vítima","rg":"8469739-SP","naturalidade":"PEDREGULHO -SP","nacionalidade":"BRASILEIRA","sexo":"Feminino","dataNascimento":"16/06/1944","idade":"69","estadoCivil":"Desquitado","instrucao":"1 Grau completo","profissao":"APOSENTADO(A)","cutis":"Branca","naturezasEnvolvidas":"Homicídio qualificado (art. 121, §2o.)"}],"naturezas":[{"especie":"Título I - Pessoa (arts. 121 a 154)","descricao":"Homicídio qualificado (art. 121, §2o.)"}],"categoria":"HOMICIDIO_DOLOSO"}