{"idBO":"2014-20224-5877","numero":"5877","idDelegacia":"20224","tipoBoletim":"Principal","dependencia":"24º D.P. PONTE RASA","local":"AVENIDA JACU-PESSEGO, 1 - ITAQUERA - S.PAULO - SP","tipoLocal":"Via pública","circunscricao":"64º D.P. CID.AE CARVALHO","dataOcorrencia":"15/06/2014","turnoOcorrencia":"PELA MANHÃ","dataComunicacao":"15/06/2014","horaComunicacao":"11:01","dataElaboracao":"15/06/2014","horaElaboracao":"11:12","flagrante":"Não","examesRequisitados":"IC-IML","solucao":"APRECIAÇÃO DO DELEGADO TITULAR","partesEnvolvidas":[{"nome":"VÍTIMA DESCONHECIDA APARENTANDO 17 ANOS DE IDADE","tipoEnvolvimento":"Vítima","naturalidade":"NÃO INFORMADO","sexo":"Masculino","idade":"0","cutis":"Parda","naturezasEnvolvidas":"Homicídio simples (art. 121)"}],"naturezas":[{"especie":"Título I - Pessoa (arts. 121 a 154)","descricao":"Homicídio simples (art. 121)"},{"especie":"Título I - Pessoa (arts. 121 a 154)","descricao":"Homicídio simples (art. 121)"}],"categoria":"HOMICIDIO_DOLOSO"}