{"idBO":"2014-130504-21","numero":"21","idDelegacia":"130504","tipoBoletim":"Principal","dependencia":"DEL.INV.GER. JACAREI","local":"RUA JOSE I. A. PEIXOTO - VERANEIO IJAL - JACAREI - SP","tipoLocal":"Via pública","circunscricao":"02º D.P. JACAREI","dataOcorrencia":"12/02/2014","turnoOcorrencia":"A TARDE","dataComunicacao":"12/02/2014","horaComunicacao":"16:58","dataElaboracao":"12/02/2014","horaElaboracao":"17:01","flagrante":"Não","examesRequisitados":"IC-IML","solucao":"BO PARA INQUÉRITO","partesEnvolvidas":[{"nome":"LUCAS OTAVIO DE ALBUQUERQUE PEREIRA","tipoEnvolvimento":"Vítima","rg":"52683031-SP","naturalidade":"S.PAULO -SP","nacionalidade":"BRASILEIRA","sexo":"Masculino","dataNascimento":"22/09/1997","idade":"16","estadoCivil":"Solteiro","instrucao":"1 Grau completo","cutis":"Branca","naturezasEnvolvidas":"Homicídio simples (art. 121)"}],"naturezas":[{"especie":"Título I - Pessoa (arts. 121 a 154)","descricao":"Homicídio simples (art. 121)"}],"categoria":"HOMICIDIO_DOLOSO"}