{"idBO":"2014-30315-194","numero":"194","idDelegacia":"30315","tipoBoletim":"Principal","dependencia":"SETOR HOM.SEC. MOGI CRUZES","local":"RUA LAURENTINO ALVES DOS SANTOS - VILA NATAL - MOGI DAS CRUZES - SP","tipoLocal":"Via pública","circunscricao":"01º D.P. MOGI DAS CRUZES","dataOcorrencia":"21/11/2014","turnoOcorrencia":"A NOITE","dataComunicacao":"21/11/2014","horaComunicacao":"23:44","dataElaboracao":"21/11/2014","horaElaboracao":"23:50","flagrante":"Não","examesRequisitados":"IC-IML","solucao":"BO PARA INQUÉRITO","partesEnvolvidas":[{"nome":"LUIZ FERNANDO MELO SANTANA","tipoEnvolvimento":"Vítima","nacionalidade":"BRASILEIRA","sexo":"Masculino","idade":"0","cutis":"Parda","naturezasEnvolvidas":"Homicídio qualificado (art. 121, §2o.)"}],"naturezas":[{"especie":"Título I - Pessoa (arts. 121 a 154)","descricao":"Homicídio qualificado (art. 121, §2o.)"}],"categoria":"HOMICIDIO_DOLOSO"}