{"idBO":"2014-200100-140","numero":"140","idDelegacia":"200100","tipoBoletim":"Complementar","dependencia":"DHPP DIV. HOMICIDIOS","local":"R MARCILIO DE SA, 300 - JD VERTENTES - S.PAULO - SP","tipoLocal":"Via pública","circunscricao":"34º D.P. MORUMBI","dataOcorrencia":"27/02/2014","turnoOcorrencia":"A NOITE","dataComunicacao":"27/02/2014","horaComunicacao":"22:43","dataElaboracao":"27/02/2014","horaElaboracao":"22:44","flagrante":"Não","examesRequisitados":"IC-IML","solucao":"BO PARA INQUÉRITO","partesEnvolvidas":[{"sexo":"Masculino","idade":"35","cutis":"Parda","naturezasEnvolvidas":"Homicídio simples (art. 121)"}],"naturezas":[{"especie":"Título I - Pessoa (arts. 121 a 154)","descricao":"Homicídio simples (art. 121)"}],"numeroBoPrincipal":"1984","anoBoPrincipal":"2014","nomeDelegaciaBoPrincipal":"89º D.P. JARDIM TABOAO","categoria":"HOMICIDIO_DOLOSO"}