{"idBO":"2014-30204-729","numero":"729","idDelegacia":"30204","tipoBoletim":"Principal","dependencia":"DEL.POL.FRANCO ROCHA","local":"R ALEXANDRE HERCULANO, 480 - PQ LANEL - FRANCO DA ROCHA - SP","tipoLocal":"Residência","circunscricao":"DEL.POL.FRANCO ROCHA","dataOcorrencia":"08/02/2014","turnoOcorrencia":"PELA MANHÃ","dataComunicacao":"08/02/2014","horaComunicacao":"14:52","dataElaboracao":"08/02/2014","horaElaboracao":"14:59","flagrante":"Não","examesRequisitados":"IC-IML","solucao":"BO PARA INQUÉRITO","partesEnvolvidas":[{"nome":"ANTONIO JOSE QUINTINO DA SILVA","tipoEnvolvimento":"Vítima","rg":"12879790-SP","naturalidade":"CACHOEIRO ITAPEMIRIM -ES","nacionalidade":"BRASILEIRA","sexo":"Masculino","dataNascimento":"30/10/1958","idade":"55","estadoCivil":"Solteiro","instrucao":"1 Grau completo","profissao":"AJUDANTE","cutis":"Parda","naturezasEnvolvidas":"Homicídio simples (art. 121)"}],"naturezas":[{"especie":"Título I - Pessoa (arts. 121 a 154)","descricao":"Homicídio simples (art. 121)"}],"categoria":"HOMICIDIO_DOLOSO"}