{"idBO":"2014-10247-13109","numero":"13109","idDelegacia":"10247","tipoBoletim":"Principal","dependencia":"47º D.P. CAPAO REDONDO","local":"RUA PROFESSOR ANTONIO AUSTREGESILO, 100 - CAPAO REDONDO - S.PAULO - SP","tipoLocal":"Via pública","circunscricao":"47º D.P. CAPAO REDONDO","dataOcorrencia":"27/11/2014","turnoOcorrencia":"A TARDE","dataComunicacao":"27/11/2014","horaComunicacao":"22:13","dataElaboracao":"27/11/2014","horaElaboracao":"22:17","flagrante":"Não","solucao":"BO PARA INVESTIGAÇÃO","partesEnvolvidas":[{"nome":"EDMAR LUIS PEREIRA ALVES","tipoEnvolvimento":"Vítima","naturalidade":"SÃO PAULO-SP","nacionalidade":"BRASILEIRA","sexo":"Masculino","dataNascimento":"21/03/1994","idade":"20","cutis":"Parda","naturezasEnvolvidas":"Homicídio simples (art. 121)"}],"naturezas":[{"especie":"Título I - Pessoa (arts. 121 a 154)","descricao":"Homicídio simples (art. 121)"}],"categoria":"HOMICIDIO_DOLOSO"}