{"idBO":"2014-200100-293","numero":"293","idDelegacia":"200100","tipoBoletim":"Complementar","dependencia":"DHPP DIV. HOMICIDIOS","local":"RUA PEDRO POMAR, 219 - BRASILANDIA - S.PAULO - SP","tipoLocal":"Via pública","circunscricao":"72º D.P. VILA PENTEADO","dataOcorrencia":"16/04/2014","turnoOcorrencia":"DE MADRUGADA","dataComunicacao":"16/04/2014","horaComunicacao":"05:59","dataElaboracao":"16/04/2014","horaElaboracao":"06:00","flagrante":"Não","examesRequisitados":"IC-IML","solucao":"BO PARA INQUÉRITO","partesEnvolvidas":[{"nome":"MARCUS VINICIUS DE OLIVEIRA","tipoEnvolvimento":"Vítima","rg":"35508747-SP","naturalidade":"SÃO PAULO","sexo":"Masculino","dataNascimento":"09/09/1991","idade":"22","estadoCivil":"Ignorado","cutis":"Preta","naturezasEnvolvidas":"Homicídio simples (art. 121)"},{"sexo":"Masculino","idade":"0","cutis":"Branca","naturezasEnvolvidas":"Homicídio simples (art. 121)"}],"naturezas":[{"especie":"Título I - Pessoa (arts. 121 a 154)","descricao":"Homicídio simples (art. 121)"},{"especie":"Título I - Pessoa (arts. 121 a 154)","descricao":"Homicídio simples (art. 121)"},{"especie":"Título I - Pessoa (arts. 121 a 154)","descricao":"Lesão corporal (art. 129)"}],"numeroBoPrincipal":"3419","anoBoPrincipal":"2014","nomeDelegaciaBoPrincipal":"72º D.P. VILA PENTEADO","categoria":"HOMICIDIO_DOLOSO"}