{"idBO":"2014-30309-243","numero":"243","idDelegacia":"30309","tipoBoletim":"Principal","dependencia":"DEL.POL.SUZANO","local":"RUA EMILIA BARRADA SIMÕES, 583 - MIGUEL BADRA BAIXO - SUZANO - SP","tipoLocal":"Via pública","circunscricao":"02º D.P. SUZANO","dataOcorrencia":"12/01/2014","turnoOcorrencia":"PELA MANHÃ","dataComunicacao":"12/01/2014","horaComunicacao":"10:05","dataElaboracao":"12/01/2014","horaElaboracao":"10:17","flagrante":"Não","examesRequisitados":"IC-IML","solucao":"APRECIAÇÃO DO DELEGADO TITULAR","partesEnvolvidas":[{"nome":"JEAN FELIPE DA CONCEIÇÃO MARIANO","tipoEnvolvimento":"Vítima","rg":"47222183-SP","naturalidade":"SÃO PAULO/SP","nacionalidade":"BRASILEIRA","sexo":"Masculino","dataNascimento":"05/04/1990","idade":"23","estadoCivil":"Solteiro","instrucao":"1 Grau incompleto","profissao":"AJUDANTE","cutis":"Parda","naturezasEnvolvidas":"Homicídio simples (art. 121)"},{"nome":"GABRIEL BEZERRA DOS SANTOS","tipoEnvolvimento":"Vítima","naturalidade":"IBIMIRIM/PE","nacionalidade":"BRASILEIRA","sexo":"Masculino","dataNascimento":"30/09/1994","idade":"19","estadoCivil":"Solteiro","instrucao":"1 Grau completo","profissao":"AJUDANTE","cutis":"Parda","naturezasEnvolvidas":"Homicídio simples (art. 121)"}],"naturezas":[{"especie":"Título I - Pessoa (arts. 121 a 154)","descricao":"Homicídio simples (art. 121)"}],"categoria":"HOMICIDIO_DOLOSO"}