{"idBO":"2014-200100-172","numero":"172","idDelegacia":"200100","tipoBoletim":"Complementar","dependencia":"DHPP DIV. HOMICIDIOS","local":"R JOAQUIM ANTONIO DE ARRUDA, 72 - PERUS - S.PAULO - SP","tipoLocal":"Via pública","circunscricao":"46º D.P. PERUS","dataOcorrencia":"13/03/2014","turnoOcorrencia":"DE MADRUGADA","dataComunicacao":"13/03/2014","horaComunicacao":"04:25","dataElaboracao":"13/03/2014","horaElaboracao":"04:27","flagrante":"Não","examesRequisitados":"IC-IML","solucao":"BO PARA INQUÉRITO","partesEnvolvidas":[{"nome":"JONATHAN FERNANDES CRUZ","tipoEnvolvimento":"Vítima","rg":"61813901-SP","naturalidade":"S.PAULO -SP","sexo":"Masculino","dataNascimento":"04/04/1992","idade":"21","estadoCivil":"Solteiro","instrucao":"1 Grau completo","profissao":"SERVENTE","cutis":"Branca","naturezasEnvolvidas":"Homicídio simples (art. 121)"}],"naturezas":[{"especie":"Título I - Pessoa (arts. 121 a 154)","descricao":"Homicídio simples (art. 121)"}],"numeroBoPrincipal":"1951","anoBoPrincipal":"2014","nomeDelegaciaBoPrincipal":"33º D.P. PIRITUBA","categoria":"HOMICIDIO_DOLOSO"}