{"idBO":"2014-30614-6864","numero":"6864","idDelegacia":"30614","tipoBoletim":"Principal","dependencia":"01º D.P. TABOÃO DA SERRA","local":"RUA LEONOR FLORINDA BARUTI, 175 - PQ.MARABÁ - TABOAO DA SERRA - SP","tipoLocal":"Via pública","circunscricao":"01º D.P. TABOÃO DA SERRA","dataOcorrencia":"13/09/2014","turnoOcorrencia":"A NOITE","dataComunicacao":"14/09/2014","horaComunicacao":"04:33","dataElaboracao":"14/09/2014","horaElaboracao":"04:35","flagrante":"Não","examesRequisitados":"IC-IML","solucao":"BO PARA INVESTIGAÇÃO","partesEnvolvidas":[{"nome":"JOSINALDO CAMPOS DO MONTE","tipoEnvolvimento":"Autor/Vitima","rg":"54861103-SP","naturalidade":"CRISOPOLIS -BA","nacionalidade":"BRASILEIRA","sexo":"Masculino","dataNascimento":"26/05/1993","idade":"21","estadoCivil":"Solteiro","instrucao":"1 Grau completo","profissao":"AJUDANTE","cutis":"Parda","naturezasEnvolvidas":"Homicídio simples (art. 121)"}],"naturezas":[{"especie":"Título II - Patrimônio (arts. 155 a 183)","descricao":"Roubo (art. 157)"},{"especie":"Título I - Pessoa (arts. 121 a 154)","descricao":"Homicídio simples (art. 121)"}],"categoria":"HOMICIDIO_DOLOSO"}