{"idBO":"2014-10226-7523","numero":"7523","idDelegacia":"10226","tipoBoletim":"Complementar","dependencia":"26º D.P. SACOMA","local":"RUA PARTICULAR, 5 - VILA LIVIERO - S.PAULO - SP","tipoLocal":"Via pública","circunscricao":"83º D.P. PARQUE BRISTOL","dataOcorrencia":"07/09/2014","turnoOcorrencia":"DE MADRUGADA","dataComunicacao":"07/09/2014","horaComunicacao":"05:49","dataElaboracao":"07/09/2014","horaElaboracao":"05:50","flagrante":"Não","examesRequisitados":"IC-IML","solucao":"BO PARA ADENDO","partesEnvolvidas":[{"nome":"JHONATA LIMA BENEVIDES","tipoEnvolvimento":"Vítima","rg":"49180996-SP","naturalidade":"S.PAULO -SP","nacionalidade":"BRASILEIRA","sexo":"Masculino","dataNascimento":"29/01/1993","idade":"21","estadoCivil":"Solteiro","instrucao":"2 Grau completo","profissao":"AJUDANTE GERAL","cutis":"Branca","naturezasEnvolvidas":"Homicídio simples (art. 121)"}],"naturezas":[{"especie":"Título I - Pessoa (arts. 121 a 154)","descricao":"Homicídio simples (art. 121)"}],"numeroBoPrincipal":"7522","anoBoPrincipal":"2014","nomeDelegaciaBoPrincipal":"26º D.P. SACOMA","categoria":"HOMICIDIO_DOLOSO"}