{"idBO":"2014-30404-868","numero":"868","idDelegacia":"30404","tipoBoletim":"Principal","dependencia":"DEL.POL.EMBU DAS ARTES","local":"R RAINHA MARIA STUART, 40 - VILA REGINA - EMBU - SP","tipoLocal":"Residência","circunscricao":"01º D.P. EMBU DAS ARTES","dataOcorrencia":"04/03/2014","turnoOcorrencia":"DE MADRUGADA","dataComunicacao":"04/03/2014","horaComunicacao":"10:10","dataElaboracao":"04/03/2014","horaElaboracao":"10:12","flagrante":"Não","examesRequisitados":"IC-IML","solucao":"ENCAMINHAMENTO DP ÁREA DO FATO","partesEnvolvidas":[{"nome":"FABIANO DA SILVA SANTOS","tipoEnvolvimento":"Vítima","rg":"34901462-SP","naturalidade":"S.PAULO -SP","sexo":"Masculino","dataNascimento":"05/07/1980","idade":"33","estadoCivil":"Solteiro","instrucao":"1 Grau completo","profissao":"VENDEDOR(A)","cutis":"Parda","naturezasEnvolvidas":"Homicídio simples (art. 121)"}],"naturezas":[{"especie":"Título I - Pessoa (arts. 121 a 154)","descricao":"Homicídio simples (art. 121)"}],"categoria":"HOMICIDIO_DOLOSO"}