{"idBO":"2014-20210-10162","numero":"10162","idDelegacia":"20210","tipoBoletim":"Principal","dependencia":"10º D.P. PENHA DE FRANCA","local":"AVENIDA CELSO GARCIA, 4815 - TATUAPE - S.PAULO - SP","tipoLocal":"Saúde","circunscricao":"52º D.P. PARQUE S.JORGE","dataOcorrencia":"17/10/2014","turnoOcorrencia":"DE MADRUGADA","dataComunicacao":"17/10/2014","horaComunicacao":"05:36","dataElaboracao":"17/10/2014","horaElaboracao":"05:39","flagrante":"Não","examesRequisitados":"IML","solucao":"ENCAMINHAMENTO DP ÁREA DO FATO","partesEnvolvidas":[{"nome":"EZEQUIEL JOSE DE OLIVEIRA","tipoEnvolvimento":"Vítima","rg":"24809798-SP","naturalidade":"S.PAULO -SP","nacionalidade":"BRASILEIRA","sexo":"Masculino","dataNascimento":"15/10/1972","idade":"42","estadoCivil":"Casado","instrucao":"1 Grau completo","profissao":"MOTORISTA","cutis":"Branca","naturezasEnvolvidas":"Homicídio simples (art. 121)"}],"naturezas":[{"especie":"Título I - Pessoa (arts. 121 a 154)","descricao":"Homicídio simples (art. 121)"}],"categoria":"HOMICIDIO_DOLOSO"}