{"idBO":"2014-30403-1053","numero":"1053","idDelegacia":"30403","tipoBoletim":"Principal","dependencia":"DEL.POL.COTIA","local":"AV BRASIL, 1050 - JD. MONTE SANTO - COTIA - SP","tipoLocal":"Via pública","circunscricao":"DEL.POL.COTIA","dataOcorrencia":"14/02/2014","turnoOcorrencia":"PELA MANHÃ","dataComunicacao":"14/02/2014","horaComunicacao":"10:32","dataElaboracao":"14/02/2014","horaElaboracao":"10:35","flagrante":"Não","examesRequisitados":"IC-IML","solucao":"BO PARA INVESTIGAÇÃO","partesEnvolvidas":[{"nome":"JOSIELE CRISTINA ALVES DE OLIVEIRA","tipoEnvolvimento":"Vítima","rg":"27683945-SP","naturalidade":"S.ROQUE -SP","nacionalidade":"BRASILEIRA","sexo":"Feminino","dataNascimento":"18/07/1983","idade":"30","estadoCivil":"Solteiro","instrucao":"1 Grau completo","profissao":"AUXILIAR DE PRODUCAO","cutis":"Branca","naturezasEnvolvidas":"Homicídio simples (art. 121)"}],"naturezas":[{"especie":"Título I - Pessoa (arts. 121 a 154)","descricao":"Homicídio simples (art. 121)"}],"categoria":"HOMICIDIO_DOLOSO"}