{"idBO":"2014-200100-921","numero":"921","idDelegacia":"200100","tipoBoletim":"Complementar","dependencia":"DHPP DIV. HOMICIDIOS","local":"ESTRADA SANTA INES, 1 - CACHOEIRINHA - S.PAULO - SP","tipoLocal":"Via pública","circunscricao":"38º D.P. VILA AMALIA","dataOcorrencia":"29/12/2014","turnoOcorrencia":"DE MADRUGADA","dataComunicacao":"29/12/2014","horaComunicacao":"05:03","dataElaboracao":"29/12/2014","horaElaboracao":"05:04","flagrante":"Não","examesRequisitados":"IC-IML","solucao":"BO PARA INQUÉRITO","partesEnvolvidas":[{"nome":"ANTENOR CALLADO FILHO","tipoEnvolvimento":"Vítima","rg":"14219371-SP","naturalidade":"S.PAULO -SP","sexo":"Masculino","dataNascimento":"02/09/1958","idade":"56","estadoCivil":"Solteiro","instrucao":"1 Grau completo","profissao":"PINTOR(A)","cutis":"Parda","naturezasEnvolvidas":"Homicídio qualificado (art. 121, §2o.)"}],"naturezas":[{"especie":"Título I - Pessoa (arts. 121 a 154)","descricao":"Homicídio qualificado (art. 121, §2o.)"}],"numeroBoPrincipal":"10595","anoBoPrincipal":"2014","nomeDelegaciaBoPrincipal":"72º D.P. VILA PENTEADO","categoria":"HOMICIDIO_DOLOSO"}