{"idBO":"2014-200100-265","numero":"265","idDelegacia":"200100","tipoBoletim":"Complementar","dependencia":"DHPP DIV. HOMICIDIOS","local":"AVENIDA ELISIO TEIXEIRA LEITE, 383 - FREGUESIA DO O - S.PAULO - SP","tipoLocal":"Via pública","circunscricao":"28º D.P. FREGUESIA DO O","dataOcorrencia":"06/04/2014","turnoOcorrencia":"A NOITE","dataComunicacao":"07/04/2014","horaComunicacao":"01:46","dataElaboracao":"07/04/2014","horaElaboracao":"01:48","flagrante":"Não","examesRequisitados":"IC-IML","solucao":"BO PARA INQUÉRITO","partesEnvolvidas":[{"nome":"JAILSON DE SANTANA MATOS","tipoEnvolvimento":"Vítima","rg":"30865296-SP","naturalidade":"S.PAULO -SP","nacionalidade":"BRASILEIRA","sexo":"Masculino","dataNascimento":"07/07/1981","idade":"32","estadoCivil":"Solteiro","instrucao":"2 Grau completo","profissao":"GARÇON(ETE)","cutis":"Branca","naturezasEnvolvidas":"Homicídio simples (art. 121)"}],"naturezas":[{"especie":"Título I - Pessoa (arts. 121 a 154)","descricao":"Homicídio simples (art. 121)"}],"numeroBoPrincipal":"3836","anoBoPrincipal":"2014","nomeDelegaciaBoPrincipal":"13º D.P. CASA VERDE","categoria":"HOMICIDIO_DOLOSO"}