{"idBO":"2014-100115-224","numero":"224","idDelegacia":"100115","tipoBoletim":"Principal","dependencia":"DEL.POL.RINCÃO","local":"AVENIDA JOSÉ DE MELO, 81 - VILA FEPASA - CEP: 14835000 - RINCAO - SP","tipoLocal":"Residência","circunscricao":"DEL.POL.RINCÃO","dataOcorrencia":"05/07/2014","turnoOcorrencia":"A NOITE","dataComunicacao":"06/07/2014","horaComunicacao":"00:15","dataElaboracao":"06/07/2014","horaElaboracao":"00:26","flagrante":"Não","examesRequisitados":"IC-IML","solucao":"BO PARA INVESTIGAÇÃO","partesEnvolvidas":[{"nome":"DONIZETE APARECIDO DE MATOS","tipoEnvolvimento":"Vítima","rg":"29951243-SP","naturalidade":"ARARAQUARA -SP","nacionalidade":"BRASILEIRA","sexo":"Masculino","dataNascimento":"02/01/1964","idade":"50","estadoCivil":"Solteiro","profissao":"APOSENTADO(A)","cutis":"Parda","naturezasEnvolvidas":"Homicídio qualificado (art. 121, §2o.)"}],"naturezas":[{"especie":"Título I - Pessoa (arts. 121 a 154)","descricao":"Homicídio qualificado (art. 121, §2o.)"}],"categoria":"HOMICIDIO_DOLOSO"}