{"idBO":"2014-30614-2461","numero":"2461","idDelegacia":"30614","tipoBoletim":"Principal","dependencia":"01º D.P. TABOÃO DA SERRA","local":"R MARIA APARECIDA NICOLETTI, 315 - - TABOAO DA SERRA - SP","tipoLocal":"Via pública","circunscricao":"01º D.P. TABOÃO DA SERRA","dataOcorrencia":"26/03/2014","turnoOcorrencia":"DE MADRUGADA","dataComunicacao":"26/03/2014","horaComunicacao":"10:55","dataElaboracao":"26/03/2014","horaElaboracao":"11:06","flagrante":"Não","examesRequisitados":"IML","solucao":"BO PARA INVESTIGAÇÃO","partesEnvolvidas":[{"sexo":"Masculino","idade":"0","cutis":"Parda","naturezasEnvolvidas":"Homicídio simples (art. 121)"}],"naturezas":[{"especie":"Título I - Pessoa (arts. 121 a 154)","descricao":"Homicídio simples (art. 121)"}],"categoria":"HOMICIDIO_DOLOSO"}