{"idBO":"2014-10353-7422","numero":"7422","idDelegacia":"10353","tipoBoletim":"Principal","dependencia":"53º D.P. PARQUE DO CARMO","local":"RUA INACIO MONTEIRO - CIDADE TIRADENTES - S.PAULO - SP","tipoLocal":"Unidade rural","circunscricao":"44º D.P. GUAIANAZES","dataOcorrencia":"10/10/2014","turnoOcorrencia":"A NOITE","dataComunicacao":"11/10/2014","horaComunicacao":"08:35","dataElaboracao":"11/10/2014","horaElaboracao":"08:45","flagrante":"Não","examesRequisitados":"IC-IML","solucao":"ENCAMINHAMENTO DP ÁREA DO FATO","partesEnvolvidas":[{"nome":"JOSE ROBESFLAIO PAULA DE ALMEIDA","tipoEnvolvimento":"Vítima","rg":"39726447-SP","naturalidade":"TABULEIRO DO NORTE -CE","nacionalidade":"BRASILEIRA","sexo":"Masculino","dataNascimento":"13/10/1980","idade":"33","estadoCivil":"Casado","instrucao":"1 Grau completo","profissao":"AUTONOMO(A)","cutis":"Parda","naturezasEnvolvidas":"Homicídio simples (art. 121)"}],"naturezas":[{"especie":"Título I - Pessoa (arts. 121 a 154)","descricao":"Homicídio simples (art. 121)"}],"categoria":"HOMICIDIO_DOLOSO"}