{"idBO":"2014-30406-3163","numero":"3163","idDelegacia":"30406","tipoBoletim":"Principal","dependencia":"DEL.POL.ITAPECERICA DA SERRA","local":"RUA FARIA LEMOS, 7 - DELFIM VERDE - ITAPECERICA DA SERRA - SP","tipoLocal":"Via pública","circunscricao":"DEL.POL.ITAPECERICA DA SERRA","dataOcorrencia":"07/07/2014","turnoOcorrencia":"A TARDE","dataComunicacao":"07/07/2014","horaComunicacao":"21:04","dataElaboracao":"07/07/2014","horaElaboracao":"21:06","flagrante":"Não","examesRequisitados":"IC-IML","solucao":"BO PARA INQUÉRITO","partesEnvolvidas":[{"nome":"RINALDO BENEDITO DA SILVA","tipoEnvolvimento":"Vítima","rg":"24719694-SP","naturalidade":"S.BENTO DO SAPUCAI -SP","nacionalidade":"BRASILEIRA","sexo":"Masculino","dataNascimento":"14/11/1959","idade":"54","estadoCivil":"Solteiro","instrucao":"1 Grau completo","profissao":"DESEMPREGADO(A)","cutis":"Branca","naturezasEnvolvidas":"Homicídio qualificado (art. 121, §2o.)"}],"naturezas":[{"especie":"Título I - Pessoa (arts. 121 a 154)","descricao":"Homicídio qualificado (art. 121, §2o.)","desdobramentos":"III - com emprego de meio insidioso ou cruel, ou de que resulte perigo comum"}],"categoria":"HOMICIDIO_DOLOSO"}