{"idBO":"2014-100919-1209","numero":"1209","idDelegacia":"100919","tipoBoletim":"Principal","dependencia":"CENTRAL POL. JUD. RIB. PRETO","local":"RUA ESPÍRITO SANTO, 2930 - VILA ALBERTINA - RIBEIRAO PRETO - SP","tipoLocal":"Comércio e serviços","circunscricao":"05º D.P. RIBEIRAO PRETO","dataOcorrencia":"24/05/2014","turnoOcorrencia":"DE MADRUGADA","dataComunicacao":"24/05/2014","horaComunicacao":"08:30","dataElaboracao":"24/05/2014","horaElaboracao":"08:32","flagrante":"Sim","examesRequisitados":"IC-IML","solucao":"ENCAMINHAMENTO DP ÁREA DO FATO","partesEnvolvidas":[{"nome":"JOAO EVANGELISTA DA SILVA","tipoEnvolvimento":"Vítima","rg":"32288018-SP","naturalidade":"CAMPOS SALES -CE","nacionalidade":"BRASILEIRA","sexo":"Masculino","dataNascimento":"12/08/1976","idade":"37","estadoCivil":"Solteiro","instrucao":"1 Grau completo","profissao":"AJUDANTE DE PEDREIRO","cutis":"Branca","naturezasEnvolvidas":"Homicídio qualificado (art. 121, §2o.)"}],"naturezas":[{"especie":"Título I - Pessoa (arts. 121 a 154)","descricao":"Homicídio qualificado (art. 121, §2o.)","desdobramentos":"II - por motivo fútil"},{"especie":"Título I - Pessoa (arts. 121 a 154)","descricao":"Homicídio qualificado (art. 121, §2o.)","desdobramentos":"II - por motivo fútil"}],"categoria":"HOMICIDIO_DOLOSO"}