{"idBO":"2014-10371-5945","numero":"5945","idDelegacia":"10371","tipoBoletim":"Principal","dependencia":"98º D.P. JARDIM MIRIAM","local":"RUA SALVADOR DALI, 1400 - JD APURA - S.PAULO - SP","tipoLocal":"Area não ocupada","circunscricao":"98º D.P. JARDIM MIRIAM","dataOcorrencia":"29/06/2014","turnoOcorrencia":"A TARDE","dataComunicacao":"30/06/2014","horaComunicacao":"01:27","dataElaboracao":"30/06/2014","horaElaboracao":"01:30","flagrante":"Não","examesRequisitados":"IC-IML","solucao":"BO PARA INVESTIGAÇÃO","partesEnvolvidas":[{"nome":"DESCONHECIDO APROXIMADAMENTE 30 ANOS","tipoEnvolvimento":"Vítima","sexo":"Masculino","idade":"30","cutis":"Parda","naturezasEnvolvidas":"Homicídio simples (art. 121)"}],"naturezas":[{"especie":"Título I - Pessoa (arts. 121 a 154)","descricao":"Homicídio simples (art. 121)"}],"categoria":"HOMICIDIO_DOLOSO"}