{"idBO":"2014-30403-7855","numero":"7855","idDelegacia":"30403","tipoBoletim":"Principal","dependencia":"DEL.POL.COTIA","local":"ESTRADA DAS PITAS - PITAS - CEP: 06700000 - COTIA - SP","tipoLocal":"Via pública","circunscricao":"DEL.POL.COTIA","dataOcorrencia":"26/12/2014","turnoOcorrencia":"A TARDE","dataComunicacao":"26/12/2014","horaComunicacao":"18:09","dataElaboracao":"26/12/2014","horaElaboracao":"18:11","flagrante":"Não","examesRequisitados":"IML","solucao":"BO PARA INVESTIGAÇÃO","partesEnvolvidas":[{"sexo":"Masculino","idade":"0","cutis":"Parda","naturezasEnvolvidas":"Homicídio simples (art. 121)"}],"naturezas":[{"especie":"Título I - Pessoa (arts. 121 a 154)","descricao":"Homicídio simples (art. 121)"}],"categoria":"HOMICIDIO_DOLOSO"}