{"idBO":"2014-10374-10673","numero":"10673","idDelegacia":"10374","tipoBoletim":"Principal","dependencia":"101º D.P. JDIM IMBUIAS","local":"RUA GUSTAVO ADOLFO BECQUER, 160 - JD FLORESTA - CEP: 04836050 - S.PAULO - SP","tipoLocal":"Residência","circunscricao":"101º D.P. JDIM IMBUIAS","dataOcorrencia":"15/11/2014","turnoOcorrencia":"A NOITE","dataComunicacao":"16/11/2014","horaComunicacao":"03:16","dataElaboracao":"16/11/2014","horaElaboracao":"03:26","flagrante":"Não","examesRequisitados":"IC-IML","solucao":"BO PARA INVESTIGAÇÃO","partesEnvolvidas":[{"nome":"FRANCISCO JOSE DE SOUSA","tipoEnvolvimento":"Vítima","rg":"18016103-SP","naturalidade":"S.JOSE DA LAGOA TAPADA-PB","nacionalidade":"BRASILEIRA","sexo":"Masculino","dataNascimento":"14/04/1961","idade":"53","estadoCivil":"Casado","profissao":"AJUDANTE","cutis":"Parda","naturezasEnvolvidas":"Homicídio simples (art. 121)"}],"naturezas":[{"especie":"Título I - Pessoa (arts. 121 a 154)","descricao":"Homicídio simples (art. 121)"}],"categoria":"HOMICIDIO_DOLOSO"}