{"idBO":"2014-30122-8141","numero":"8141","idDelegacia":"30122","tipoBoletim":"Principal","dependencia":"01º D.P. DIADEMA","local":"AVENIDA ANTÔNIO SILVIO CUNHA BUENO, 184 - INAMAR - DIADEMA - SP","tipoLocal":"Via pública","circunscricao":"04º D.P. DIADEMA","dataOcorrencia":"18/11/2014","turnoOcorrencia":"A NOITE","dataComunicacao":"19/11/2014","horaComunicacao":"01:31","dataElaboracao":"19/11/2014","horaElaboracao":"01:33","flagrante":"Não","examesRequisitados":"IC-IML","solucao":"ENCAMINHAMENTO DP ÁREA DO FATO","partesEnvolvidas":[{"nome":"LUCAS MOURA DE PAULA","tipoEnvolvimento":"Vítima","rg":"48770823-SP","naturalidade":"S.ANDRE -SP","nacionalidade":"BRASILEIRA","sexo":"Masculino","dataNascimento":"18/09/1992","idade":"22","estadoCivil":"Solteiro","instrucao":"1 Grau completo","cutis":"Branca","naturezasEnvolvidas":"Homicídio simples (art. 121)"}],"naturezas":[{"especie":"Título I - Pessoa (arts. 121 a 154)","descricao":"Homicídio simples (art. 121)"}],"categoria":"HOMICIDIO_DOLOSO"}