{"idBO":"2014-30102-1635","numero":"1635","idDelegacia":"30102","tipoBoletim":"Principal","dependencia":"01º D.P. SANTO ANDRÉ","local":"R BERNARDINO DE CAMPOS, 300 - CENTRO - S.ANDRE - SP","tipoLocal":"Lazer e recreação","circunscricao":"01º D.P. SANTO ANDRÉ","dataOcorrencia":"09/03/2014","turnoOcorrencia":"A NOITE","dataComunicacao":"09/03/2014","horaComunicacao":"20:32","dataElaboracao":"09/03/2014","horaElaboracao":"20:36","flagrante":"Sim","examesRequisitados":"IML","solucao":"BO PARA FLAGRANTE","partesEnvolvidas":[{"nome":"MARIA VILANI FERNANDES DE OLIVEIRA","tipoEnvolvimento":"Vítima","rg":"36623546-SP","naturalidade":"BOM SUCESSO -PB","nacionalidade":"BRASILEIRA","sexo":"Feminino","dataNascimento":"14/08/1968","idade":"45","estadoCivil":"Viuvo","cutis":"Branca","naturezasEnvolvidas":"Homicídio qualificado (art. 121, §2o.)"}],"naturezas":[{"especie":"Título I - Pessoa (arts. 121 a 154)","descricao":"Homicídio qualificado (art. 121, §2o.)","desdobramentos":"II - por motivo fútil"}],"categoria":"HOMICIDIO_DOLOSO"}