{"idBO":"2014-10329-3918","numero":"3918","idDelegacia":"10329","tipoBoletim":"Complementar","dependencia":"66º D.P. JDIM ARICANDUVA","local":"AVENIDA RIO DAS PEDRAS, 3938 - JD ARICANDUVA - S.PAULO - SP","tipoLocal":"Comércio e serviços","circunscricao":"66º D.P. JDIM ARICANDUVA","dataOcorrencia":"12/11/2014","turnoOcorrencia":"DE MADRUGADA","dataComunicacao":"13/11/2014","horaComunicacao":"13:21","dataElaboracao":"13/11/2014","horaElaboracao":"13:27","flagrante":"Não","solucao":"BO PARA ADENDO","partesEnvolvidas":[{"nome":"WASHINGTON CLAYTON DIAS VÍTIMA FATAL","tipoEnvolvimento":"Vítima","rg":"30282708-SP","naturalidade":"S.PAULO -SP","sexo":"Masculino","dataNascimento":"07/02/1982","idade":"32","estadoCivil":"Solteiro","instrucao":"1 Grau completo","profissao":"DESEMPREGADO(A)","cutis":"Parda","naturezasEnvolvidas":"Homicídio qualificado (art. 121, §2o.)"}],"naturezas":[{"especie":"Título I - Pessoa (arts. 121 a 154)","descricao":"Homicídio qualificado (art. 121, §2o.)"},{"especie":"Título I - Pessoa (arts. 121 a 154)","descricao":"Homicídio qualificado (art. 121, §2o.)"}],"numeroBoPrincipal":"3892","anoBoPrincipal":"2014","nomeDelegaciaBoPrincipal":"66º D.P. JDIM ARICANDUVA","categoria":"HOMICIDIO_DOLOSO"}