{"idBO":"2014-30404-1317","numero":"1317","idDelegacia":"30404","tipoBoletim":"Principal","dependencia":"DEL.POL.EMBU DAS ARTES","local":"AVENIDA DEZOITO DE JULHO, 100 - JARDIM VISTA ALEGRE - EMBU - SP","tipoLocal":"Via pública","circunscricao":"DEL.POL.EMBU DAS ARTES","dataOcorrencia":"06/04/2014","turnoOcorrencia":"DE MADRUGADA","dataComunicacao":"06/04/2014","horaComunicacao":"10:27","dataElaboracao":"06/04/2014","horaElaboracao":"10:30","flagrante":"Não","examesRequisitados":"IC-IML","solucao":"BO PARA INVESTIGAÇÃO","partesEnvolvidas":[{"nome":"DESCONHECIDO","tipoEnvolvimento":"Vítima","sexo":"Masculino","idade":"0","cutis":"Parda","naturezasEnvolvidas":"Homicídio simples (art. 121)"}],"naturezas":[{"especie":"Título I - Pessoa (arts. 121 a 154)","descricao":"Homicídio simples (art. 121)"}],"categoria":"HOMICIDIO_DOLOSO"}