{"idBO":"2014-200100-366","numero":"366","idDelegacia":"200100","tipoBoletim":"Complementar","dependencia":"DHPP DIV. HOMICIDIOS","local":"RUA RICARDO DA COSTA, 100 - CIDADE TIRADENTES - S.PAULO - SP","tipoLocal":"Via pública","circunscricao":"54º D.P. CID. TIRADENTES","dataOcorrencia":"12/05/2014","turnoOcorrencia":"EM HORA INCERTA","dataComunicacao":"13/05/2014","horaComunicacao":"15:07","dataElaboracao":"13/05/2014","horaElaboracao":"15:08","flagrante":"Não","examesRequisitados":"IC-IML","solucao":"BO PARA INQUÉRITO","partesEnvolvidas":[{"nome":"INDIVIDUO DESCONHECIDO","tipoEnvolvimento":"Vítima","sexo":"Masculino","idade":"0","cutis":"Outros","naturezasEnvolvidas":"Homicídio qualificado (art. 121, §2o.)"}],"naturezas":[{"especie":"Título I - Pessoa (arts. 121 a 154)","descricao":"Homicídio qualificado (art. 121, §2o.)","desdobramentos":"III - com emprego de meio insidioso ou cruel, ou de que resulte perigo comum"}],"numeroBoPrincipal":"2506","anoBoPrincipal":"2014","nomeDelegaciaBoPrincipal":"54º D.P. CID. TIRADENTES","categoria":"HOMICIDIO_DOLOSO"}