{"idBO":"2014-200100-911","numero":"911","idDelegacia":"200100","tipoBoletim":"Complementar","dependencia":"DHPP DIV. HOMICIDIOS","local":"RUA PIEDADE DO PARAOPEBA, 109 - CACHOEIRINHA - S.PAULO - SP","tipoLocal":"Via pública","circunscricao":"72º D.P. VILA PENTEADO","dataOcorrencia":"26/12/2014","turnoOcorrencia":"A NOITE","dataComunicacao":"27/12/2014","horaComunicacao":"05:53","dataElaboracao":"27/12/2014","horaElaboracao":"05:54","flagrante":"Não","examesRequisitados":"IC-IML","solucao":"BO PARA INQUÉRITO","partesEnvolvidas":[{"nome":"JHONATHAN TECO SANTORO","tipoEnvolvimento":"Vítima","rg":"30000744-SP","naturalidade":"S.PAULO -SP","nacionalidade":"BRASILEIRA","sexo":"Masculino","dataNascimento":"18/06/1985","idade":"29","estadoCivil":"Solteiro","instrucao":"2 Grau completo","cutis":"Parda","naturezasEnvolvidas":"Homicídio simples (art. 121)"}],"naturezas":[{"especie":"Título I - Pessoa (arts. 121 a 154)","descricao":"Homicídio simples (art. 121)"}],"numeroBoPrincipal":"10551","anoBoPrincipal":"2014","nomeDelegaciaBoPrincipal":"72º D.P. VILA PENTEADO","categoria":"HOMICIDIO_DOLOSO"}