{"idBO":"2014-130312-4170","numero":"4170","idDelegacia":"130312","tipoBoletim":"Principal","dependencia":"03º D.P. S.JOSE DOS CAMPOS","local":"AVENIDA BRASIL, 140 - CAPUAVA - S.JOSE DOS CAMPOS - SP","tipoLocal":"Via pública","circunscricao":"06º D.P. S.JOSE DOS CAMPOS","dataOcorrencia":"28/06/2014","turnoOcorrencia":"A NOITE","dataComunicacao":"29/06/2014","horaComunicacao":"03:53","dataElaboracao":"29/06/2014","horaElaboracao":"03:57","flagrante":"Sim","examesRequisitados":"IC-IML","solucao":"BO PARA FLAGRANTE","partesEnvolvidas":[{"nome":"ALEX DE MORAES CORREA","tipoEnvolvimento":"Vítima","rg":"30242207-SP","naturalidade":"JACAREI -SP","nacionalidade":"BRASILEIRA","sexo":"Masculino","dataNascimento":"19/04/1979","idade":"35","profissao":"POLICIAL MILITAR","cutis":"Branca","naturezasEnvolvidas":"Homicídio qualificado (art. 121, §2o.)"}],"naturezas":[{"especie":"Título I - Pessoa (arts. 121 a 154)","descricao":"Homicídio qualificado (art. 121, §2o.)"},{"especie":"Título I - Pessoa (arts. 121 a 154)","descricao":"Homicídio qualificado (art. 121, §2o.)"},{"especie":"Título II - Patrimônio (arts. 155 a 183)","descricao":"Roubo (art. 157)"},{"especie":"Localização e/ou Devolução","descricao":"Localização/Apreensão e Entrega de veículo"}],"categoria":"HOMICIDIO_DOLOSO"}