{"idBO":"2014-30427-955","numero":"955","idDelegacia":"30427","tipoBoletim":"Principal","dependencia":"01º D.P. CARAPICUIBA","local":"R BANDEIRANTES, 29 - VILA DIRCE - CARAPICUIBA - SP","tipoLocal":"Comércio e serviços","circunscricao":"02º D.P. CARAPICUIBA","dataOcorrencia":"23/01/2014","turnoOcorrencia":"EM HORA INCERTA","dataComunicacao":"23/01/2014","horaComunicacao":"23:12","dataElaboracao":"23/01/2014","horaElaboracao":"23:15","flagrante":"Não","examesRequisitados":"IC-IML","solucao":"BO PARA INVESTIGAÇÃO","partesEnvolvidas":[{"nome":"JOSE AUGUSTO AGUIAR ELERES","tipoEnvolvimento":"Vítima","rg":"39987840-SP","naturalidade":"BELEM -PA","sexo":"Masculino","dataNascimento":"12/05/1964","idade":"49","estadoCivil":"Solteiro","instrucao":"1 Grau completo","profissao":"CABELEIREIRO(A)","cutis":"Parda","naturezasEnvolvidas":"Homicídio simples (art. 121)"}],"naturezas":[{"especie":"Título I - Pessoa (arts. 121 a 154)","descricao":"Homicídio simples (art. 121)"}],"categoria":"HOMICIDIO_DOLOSO"}