{"idBO":"2014-130517-2467","numero":"2467","idDelegacia":"130517","tipoBoletim":"Principal","dependencia":"DEL.POL.PLANTÃO PINDA","local":"RUA JOSE BENEDITO QUIRINO, 180 - LOTEAMENTO SOLO RICO - PINDAMONHANGABA - SP","tipoLocal":"Via pública","circunscricao":"03º D.P. PINDAMONHANGABA","dataOcorrencia":"20/10/2014","turnoOcorrencia":"A TARDE","dataComunicacao":"20/10/2014","horaComunicacao":"19:55","dataElaboracao":"20/10/2014","horaElaboracao":"20:02","flagrante":"Não","examesRequisitados":"IC-IML","solucao":"BO PARA INVESTIGAÇÃO","partesEnvolvidas":[{"nome":"RICARDO MOREIRA DE SOUZA","tipoEnvolvimento":"Vítima","rg":"29253767-SP","naturalidade":"PINDAMONHANGABA -SP","nacionalidade":"BRASILEIRA","sexo":"Masculino","dataNascimento":"14/12/1978","idade":"35","estadoCivil":"Solteiro","instrucao":"2 Grau completo","profissao":"CASEIRO(A)","cutis":"Branca","naturezasEnvolvidas":"Homicídio qualificado (art. 121, §2o.)"}],"naturezas":[{"especie":"Título I - Pessoa (arts. 121 a 154)","descricao":"Homicídio qualificado (art. 121, §2o.)"}],"categoria":"HOMICIDIO_DOLOSO"}