{"idBO":"2014-30309-3963","numero":"3963","idDelegacia":"30309","tipoBoletim":"Principal","dependencia":"DEL.POL.SUZANO","local":"RUA CIDADE DE DIADEMA, 596 - PARQUE MARIA HELENA - SUZANO - SP","tipoLocal":"Via pública","circunscricao":"02º D.P. SUZANO","dataOcorrencia":"09/07/2014","turnoOcorrencia":"DE MADRUGADA","dataComunicacao":"09/07/2014","horaComunicacao":"03:52","dataElaboracao":"09/07/2014","horaElaboracao":"03:56","flagrante":"Não","examesRequisitados":"IML","solucao":"ENCAMINHAMENTO DP ÁREA DO FATO","partesEnvolvidas":[],"naturezas":[{"especie":"Título VI - Dignidade Sexual (arts 213 a 234)","descricao":"Estupro (art.213)"},{"especie":"Título I - Pessoa (arts. 121 a 154)","descricao":"Homicídio qualificado (art. 121, §2o.)","desdobramentos":"III - com emprego de meio insidioso ou cruel, ou de que resulte perigo comum"}],"categoria":"HOMICIDIO_DOLOSO"}