{"idBO":"2014-20249-4613","numero":"4613","idDelegacia":"20249","tipoBoletim":"Principal","dependencia":"49º D.P. SAO MATEUS","local":"ESTRADA SANTO ANDRE, 1844 - SAO RAFAEL - S.PAULO - SP","tipoLocal":"Via pública","circunscricao":"55º D.P. PARQUE S.RAFAEL","dataOcorrencia":"14/04/2014","turnoOcorrencia":"DE MADRUGADA","dataComunicacao":"15/04/2014","horaComunicacao":"01:56","dataElaboracao":"15/04/2014","horaElaboracao":"02:24","flagrante":"Não","examesRequisitados":"IC-IML","solucao":"ENCAMINHAMENTO DP ÁREA DO FATO","partesEnvolvidas":[{"nome":"JOSEPH DE ARIMATEIA MONTEIRO","tipoEnvolvimento":"Vítima","rg":"48190090-SP","naturalidade":"S.PAULO -SP","nacionalidade":"BRASILEIRA","sexo":"Masculino","dataNascimento":"05/06/1992","idade":"21","instrucao":"1 Grau completo","cutis":"Branca","naturezasEnvolvidas":"Homicídio simples (art. 121)"}],"naturezas":[{"especie":"Título I - Pessoa (arts. 121 a 154)","descricao":"Homicídio simples (art. 121)"}],"categoria":"HOMICIDIO_DOLOSO"}