{"idBO":"2014-30103-7252","numero":"7252","idDelegacia":"30103","tipoBoletim":"Principal","dependencia":"02º D.P. SANTO ANDRÉ","local":"RUA DOS EUCALÍPTOS, 17 - JARDIM SANTO ANTÔNIO - S.ANDRE - SP","tipoLocal":"Residência","circunscricao":"02º D.P. SANTO ANDRÉ","dataOcorrencia":"22/10/2014","turnoOcorrencia":"PELA MANHÃ","dataComunicacao":"22/10/2014","horaComunicacao":"09:49","dataElaboracao":"22/10/2014","horaElaboracao":"09:56","flagrante":"Não","examesRequisitados":"IC-IML","solucao":"APRECIAÇÃO DO DELEGADO TITULAR","partesEnvolvidas":[{"nome":"MARCOS ALVES DE OLIVEIRA","tipoEnvolvimento":"Vítima","rg":"17308634-SP","naturalidade":"S.ANDRE -SP","nacionalidade":"BRASILEIRA","sexo":"Masculino","dataNascimento":"22/08/1971","idade":"43","estadoCivil":"Solteiro","instrucao":"2 Grau completo","profissao":"ANALISTA DE SISTEMAS","cutis":"Branca","naturezasEnvolvidas":"Homicídio qualificado (art. 121, §2o.)"}],"naturezas":[{"especie":"Título I - Pessoa (arts. 121 a 154)","descricao":"Homicídio qualificado (art. 121, §2o.)"}],"categoria":"HOMICIDIO_DOLOSO"}