{"idBO":"2014-30304-569","numero":"569","idDelegacia":"30304","tipoBoletim":"Principal","dependencia":"DEL.POL.ITAQUAQUECETUBA","local":"RUA ILHA BELA, 10 - VILA CELESTE - ITAQUAQUECETUBA - SP","tipoLocal":"Residência","circunscricao":"DEL.POL.ITAQUAQUECETUBA","dataOcorrencia":"29/01/2014","turnoOcorrencia":"A NOITE","dataComunicacao":"30/01/2014","horaComunicacao":"05:56","dataElaboracao":"30/01/2014","horaElaboracao":"05:58","flagrante":"Não","examesRequisitados":"IC-IML","solucao":"APRECIAÇÃO DO DELEGADO TITULAR","partesEnvolvidas":[{"nome":"JOSE CARLOS PEDRO DA SILVA","tipoEnvolvimento":"Vítima","rg":"24721976-SP","naturalidade":"ALPERCATA/MG","nacionalidade":"BRASILEIRA","sexo":"Masculino","dataNascimento":"03/01/1975","idade":"39","estadoCivil":"Convivente","instrucao":"2 Grau completo","profissao":"MESTRE DE OBRAS","cutis":"Parda","naturezasEnvolvidas":"Homicídio simples (art. 121)"}],"naturezas":[{"especie":"Título I - Pessoa (arts. 121 a 154)","descricao":"Homicídio simples (art. 121)"}],"categoria":"HOMICIDIO_DOLOSO"}