{"idBO":"2014-30403-4106","numero":"4106","idDelegacia":"30403","tipoBoletim":"Principal","dependencia":"DEL.POL.COTIA","local":"ESTRADA DA BARRAGEM, 502 - GANJA SAEKE - COTIA - SP","tipoLocal":"Area não ocupada","circunscricao":"DEL.POL.COTIA","dataOcorrencia":"29/06/2014","turnoOcorrencia":"EM HORA INCERTA","dataComunicacao":"29/06/2014","horaComunicacao":"19:15","dataElaboracao":"29/06/2014","horaElaboracao":"19:42","flagrante":"Não","examesRequisitados":"IC-IML","solucao":"APRECIAÇÃO DO DELEGADO TITULAR","partesEnvolvidas":[{"nome":"DESCONHECIDO","tipoEnvolvimento":"Vítima","sexo":"Masculino","idade":"0","cutis":"Parda","naturezasEnvolvidas":"Homicídio qualificado (art. 121, §2o.), Destruição, subtração ou ocultação de cadáver (art. 211)"}],"naturezas":[{"especie":"Título I - Pessoa (arts. 121 a 154)","descricao":"Homicídio qualificado (art. 121, §2o.)","desdobramentos":"IV - à traição ou mediante dissimulação ou outro recurso"},{"especie":"Título V - Sentimento religioso e respeito aos mortos (arts. 208 a 212)","descricao":"Destruição, subtração ou ocultação de cadáver (art. 211)"}],"categoria":"HOMICIDIO_DOLOSO"}