{"idBO":"2014-110429-7574","numero":"7574","idDelegacia":"110429","tipoBoletim":"Complementar","dependencia":"DEL.SEC.S.J RIO PRETO PLANTÃO","local":"RUA ÊNIO POLI, 35 - JAGUARE - S.JOSE DO RIO PRETO - SP","tipoLocal":"Comércio e serviços","circunscricao":"03º D.P. S.JOSE RIO PRETO","dataOcorrencia":"23/05/2014","turnoOcorrencia":"A NOITE","dataComunicacao":"24/05/2014","horaComunicacao":"09:46","dataElaboracao":"24/05/2014","horaElaboracao":"09:57","flagrante":"Não","solucao":"BO PARA ADENDO","partesEnvolvidas":[{"sexo":"Masculino","idade":"0","cutis":"Parda","naturezasEnvolvidas":"Homicídio simples (art. 121)"}],"naturezas":[{"especie":"Título II - Patrimônio (arts. 155 a 183)","descricao":"Roubo (art. 157)"},{"especie":"Título I - Pessoa (arts. 121 a 154)","descricao":"Homicídio simples (art. 121)"}],"numeroBoPrincipal":"7564","anoBoPrincipal":"2014","nomeDelegaciaBoPrincipal":"DEL.SEC.S.J RIO PRETO PLANTÃO","categoria":"HOMICIDIO_DOLOSO"}