{"idBO":"2014-100308-1726","numero":"1726","idDelegacia":"100308","tipoBoletim":"Principal","dependencia":"DEL.POL.ITUVERAVA","local":"RUA AUGUSTO BARBOSA SANDOVAL, 361 - JARDIM GUANABARA - ITUVERAVA - SP","tipoLocal":"Via pública","circunscricao":"01º D.P. ITUVERAVA","dataOcorrencia":"31/07/2014","turnoOcorrencia":"A NOITE","dataComunicacao":"31/07/2014","horaComunicacao":"23:00","dataElaboracao":"31/07/2014","horaElaboracao":"23:11","flagrante":"Não","examesRequisitados":"IC-IML","solucao":"APRECIAÇÃO DO DELEGADO TITULAR","partesEnvolvidas":[{"nome":"DIEGO REIS DE OLIVEIRA","tipoEnvolvimento":"Vítima","rg":"45793377-SP","naturalidade":"MORRO AGUDO -SP","nacionalidade":"BRASILEIRA","sexo":"Masculino","dataNascimento":"03/11/1989","idade":"24","estadoCivil":"Solteiro","instrucao":"1 Grau completo","profissao":"LAVRADOR(A)","cutis":"Branca","naturezasEnvolvidas":"Homicídio simples (art. 121)"}],"naturezas":[{"especie":"Título I - Pessoa (arts. 121 a 154)","descricao":"Homicídio simples (art. 121)"}],"categoria":"HOMICIDIO_DOLOSO"}