{"idBO":"2014-100908-1422","numero":"1422","idDelegacia":"100908","tipoBoletim":"Principal","dependencia":"DEL.SEC.ARARAQUARA PLANTÃO","local":"FAZENDA ROTA DO PEIXE - RURAL - ARARAQUARA - SP","tipoLocal":"Unidade rural","circunscricao":"03º D.P. ARARAQUARA","dataOcorrencia":"12/04/2014","turnoOcorrencia":"A TARDE","dataComunicacao":"12/04/2014","horaComunicacao":"20:21","dataElaboracao":"12/04/2014","horaElaboracao":"20:31","flagrante":"Não","examesRequisitados":"IC-IML","solucao":"ENCAMINHAMENTO DP ÁREA DO FATO","partesEnvolvidas":[{"nome":"WELLINGTON JOSE DA SILVA","tipoEnvolvimento":"Vítima","rg":"38543186-SP","naturalidade":"SIRINHAEM -PE","nacionalidade":"BRASILEIRA","sexo":"Masculino","dataNascimento":"17/05/1987","idade":"26","estadoCivil":"Solteiro","instrucao":"1 Grau completo","profissao":"PEDREIRO","cutis":"Preta","naturezasEnvolvidas":"Homicídio qualificado (art. 121, §2o.)"}],"naturezas":[{"especie":"Título I - Pessoa (arts. 121 a 154)","descricao":"Homicídio qualificado (art. 121, §2o.)"},{"especie":"Título I - Pessoa (arts. 121 a 154)","descricao":"Homicídio qualificado (art. 121, §2o.)"}],"categoria":"HOMICIDIO_DOLOSO"}