{"idBO":"2014-30407-1111","numero":"1111","idDelegacia":"30407","tipoBoletim":"Principal","dependencia":"DEL.POL.ITAPEVI","local":"RUA DANIEL ARAGÃO, 48 - AMADOR BUENO - ITAPEVI - SP","tipoLocal":"Via pública","circunscricao":"DEL.POL.ITAPEVI","dataOcorrencia":"24/02/2014","turnoOcorrencia":"DE MADRUGADA","dataComunicacao":"24/02/2014","horaComunicacao":"04:13","dataElaboracao":"24/02/2014","horaElaboracao":"04:15","flagrante":"Não","examesRequisitados":"IC-IML","solucao":"BO PARA INVESTIGAÇÃO","partesEnvolvidas":[{"nome":"DONIZETE HENRIQUE DE OLIVEIRA PRADO","tipoEnvolvimento":"Vítima","rg":"40477735-SP","naturalidade":"PASSOS -MG","nacionalidade":"BRASILEIRA","sexo":"Masculino","dataNascimento":"02/05/1984","idade":"29","estadoCivil":"Solteiro","instrucao":"2 Grau completo","profissao":"AUXILIAR DE SERVIÇOS GERAIS","cutis":"Parda","naturezasEnvolvidas":"Homicídio simples (art. 121)"}],"naturezas":[{"especie":"Título I - Pessoa (arts. 121 a 154)","descricao":"Homicídio simples (art. 121)"}],"categoria":"HOMICIDIO_DOLOSO"}