{"idBO":"2014-30407-2164","numero":"2164","idDelegacia":"30407","tipoBoletim":"Principal","dependencia":"DEL.POL.ITAPEVI","local":"RUA JOÃO PÍRES DE OLIVEIRA - CENTRO - ITAPEVI - SP","tipoLocal":"Via pública","circunscricao":"DEL.POL.ITAPEVI","dataOcorrencia":"11/04/2014","turnoOcorrencia":"A TARDE","dataComunicacao":"11/04/2014","horaComunicacao":"18:04","dataElaboracao":"11/04/2014","horaElaboracao":"18:06","flagrante":"Sim","examesRequisitados":"IC-IML","solucao":"BO PARA FLAGRANTE","partesEnvolvidas":[{"nome":"HUGO COSTA TAVARES","tipoEnvolvimento":"Autor/Vitima","rg":"49517948-SP","naturalidade":"COTIA -SP","nacionalidade":"BRASILEIRA","sexo":"Masculino","dataNascimento":"10/08/1995","idade":"18","estadoCivil":"Solteiro","instrucao":"1 Grau completo","profissao":"SERRALHEIRO(A)","cutis":"Parda","naturezasEnvolvidas":"Roubo (art. 157), Homicídio simples (art. 121)"}],"naturezas":[{"especie":"L 10826/03 - Estatuto do Desarmamento","descricao":"Porte ilegal de arma de fogo de uso permitido (Art. 14)"},{"especie":"Título II - Patrimônio (arts. 155 a 183)","descricao":"Roubo (art. 157)"},{"especie":"Título I - Pessoa (arts. 121 a 154)","descricao":"Homicídio simples (art. 121)"}],"categoria":"HOMICIDIO_DOLOSO"}