{"idBO":"2014-10336-8320","numero":"8320","idDelegacia":"10336","tipoBoletim":"Principal","dependencia":"73º D.P. JACANA","local":"RUA SAO JOSE DE SERZEDELO - JACANA - S.PAULO - SP","tipoLocal":"Via pública","circunscricao":"73º D.P. JACANA","dataOcorrencia":"07/08/2014","turnoOcorrencia":"DE MADRUGADA","dataComunicacao":"07/08/2014","horaComunicacao":"01:57","dataElaboracao":"07/08/2014","horaElaboracao":"01:58","flagrante":"Não","examesRequisitados":"IC-IML","solucao":"APRECIAÇÃO DO DELEGADO TITULAR","partesEnvolvidas":[{"nome":"THIAGO SANTOS DO NASCIMENTO","tipoEnvolvimento":"Vítima","rg":"41478943-SP","naturalidade":"S.PAULO -SP","sexo":"Masculino","dataNascimento":"05/03/1988","idade":"26","estadoCivil":"Solteiro","cutis":"Branca","naturezasEnvolvidas":"Homicídio simples (art. 121)"}],"naturezas":[{"especie":"Título I - Pessoa (arts. 121 a 154)","descricao":"Homicídio simples (art. 121)"},{"especie":"Título I - Pessoa (arts. 121 a 154)","descricao":"Homicídio simples (art. 121)"}],"categoria":"HOMICIDIO_DOLOSO"}