{"idBO":"2014-30217-3150","numero":"3150","idDelegacia":"30217","tipoBoletim":"Principal","dependencia":"07º D.P. GUARULHOS","local":"AVENIDA MARTINS JÚNIOR, 2650 - TABOAO - GUARULHOS - SP","tipoLocal":"Via pública","circunscricao":"09º D.P. GUARULHOS","dataOcorrencia":"27/04/2014","turnoOcorrencia":"A NOITE","dataComunicacao":"27/04/2014","horaComunicacao":"21:59","dataElaboracao":"27/04/2014","horaElaboracao":"22:07","flagrante":"Não","examesRequisitados":"IC-IML","solucao":"ENCAMINHAMENTO DP ÁREA DO FATO","partesEnvolvidas":[{"sexo":"Masculino","idade":"0","cutis":"Parda","naturezasEnvolvidas":"Homicídio simples (art. 121)"}],"naturezas":[{"especie":"Título I - Pessoa (arts. 121 a 154)","descricao":"Homicídio simples (art. 121)"}],"categoria":"HOMICIDIO_DOLOSO"}