{"idBO":"2014-200100-897","numero":"897","idDelegacia":"200100","tipoBoletim":"Complementar","dependencia":"DHPP DIV. HOMICIDIOS","local":"RUA GERVASIO LEITE REBELO, 1165 - CACHOEIRINHA - S.PAULO - SP","tipoLocal":"Comércio e serviços","circunscricao":"72º D.P. VILA PENTEADO","dataOcorrencia":"20/12/2014","turnoOcorrencia":"A NOITE","dataComunicacao":"21/12/2014","horaComunicacao":"00:14","dataElaboracao":"21/12/2014","horaElaboracao":"00:14","flagrante":"Não","examesRequisitados":"IC-IML","solucao":"BO PARA INQUÉRITO","partesEnvolvidas":[{"nome":"ALEXANDRE DOS SANTOS SILVA","tipoEnvolvimento":"Vítima","rg":"45306057-SP","naturalidade":"S.PAULO -SP","nacionalidade":"BRASILEIRA","sexo":"Masculino","dataNascimento":"26/01/1982","idade":"32","estadoCivil":"Solteiro","instrucao":"1 Grau completo","profissao":"COLETOR","cutis":"Parda","naturezasEnvolvidas":"Homicídio simples (art. 121)"}],"naturezas":[{"especie":"Título I - Pessoa (arts. 121 a 154)","descricao":"Homicídio simples (art. 121)"},{"especie":"Título I - Pessoa (arts. 121 a 154)","descricao":"Homicídio simples (art. 121)"}],"numeroBoPrincipal":"10407","anoBoPrincipal":"2014","nomeDelegaciaBoPrincipal":"72º D.P. VILA PENTEADO","categoria":"HOMICIDIO_DOLOSO"}