{"idBO":"2014-240001-432","numero":"432","idDelegacia":"240001","tipoBoletim":"Complementar","dependencia":"DEL.INV.GER. PIRACICABA","local":"RUA ERNESTO PORTANTE, 150 - VILA PRUDENTE - PIRACICABA - SP","tipoLocal":"Residência","circunscricao":"06º D.P. PIRACICABA","dataOcorrencia":"01/12/2014","turnoOcorrencia":"PELA MANHÃ","dataComunicacao":"01/12/2014","horaComunicacao":"23:12","dataElaboracao":"01/12/2014","horaElaboracao":"23:13","flagrante":"Sim","examesRequisitados":"IC-IML","solucao":"BO PARA ADENDO","partesEnvolvidas":[{"nome":"HELTON GABRIEL HUANCA CARVALHO","tipoEnvolvimento":"Vítima","rg":"43437981-SP","naturalidade":"PIRACICABA -SP","nacionalidade":"BRASILEIRA","sexo":"Masculino","dataNascimento":"10/08/1985","idade":"29","estadoCivil":"Solteiro","instrucao":"Superior completo","profissao":"ANALISTA","cutis":"Branca","naturezasEnvolvidas":"Roubo (art. 157)"}],"naturezas":[{"especie":"Título II - Patrimônio (arts. 155 a 183)","descricao":"Roubo (art. 157)","desdobramentos":"§3o. Se da violência resulta morte:"},{"especie":"Título II - Patrimônio (arts. 155 a 183)","descricao":"Roubo (art. 157)"}],"numeroBoPrincipal":"431","anoBoPrincipal":"2014","nomeDelegaciaBoPrincipal":"DEL.INV.GER. PIRACICABA","categoria":"LATROCINIO"}