{"idBO":"2014-120523-805","numero":"805","idDelegacia":"120523","tipoBoletim":"Complementar","dependencia":"06º D.P. SOROCABA","local":"RUA MARIO MONTEIRO DE CARVALHO, 334 - CAJURU - CEP: 00000000 - SOROCABA - SP","tipoLocal":"Via pública","circunscricao":"06º D.P. SOROCABA","dataOcorrencia":"04/08/2014","turnoOcorrencia":"A TARDE","dataComunicacao":"25/08/2014","horaComunicacao":"10:19","dataElaboracao":"25/08/2014","horaElaboracao":"10:23","flagrante":"Não","examesRequisitados":"IC-IML","solucao":"BO PARA ADENDO","partesEnvolvidas":[{"nome":"CARLOS ALBERTO SANTOS","tipoEnvolvimento":"Vítima","rg":"7311523-SP","naturalidade":"ITAJUIPE-BA","nacionalidade":"BRASILEIRA","sexo":"Masculino","dataNascimento":"30/03/1942","idade":"72","estadoCivil":"Casado","profissao":"APOSENTADO(A)","cutis":"Parda","naturezasEnvolvidas":"Homicídio qualificado (art. 121, §2o.)"}],"naturezas":[{"especie":"Título I - Pessoa (arts. 121 a 154)","descricao":"Homicídio qualificado (art. 121, §2o.)"}],"numeroBoPrincipal":"7648","anoBoPrincipal":"2014","nomeDelegaciaBoPrincipal":"PLANTÃO DE SOROCABA","categoria":"HOMICIDIO_DOLOSO"}