{"idBO":"2014-30109-8023","numero":"8023","idDelegacia":"30109","tipoBoletim":"Principal","dependencia":"01º D.P. S.B.C-DR OMAR CASSIM","local":"VIELA SAO FRANCISCO - JD. SILVINA - S.BERNARDO DO CAMPO - SP","tipoLocal":"Via pública","circunscricao":"06º D.P. S.BERNARDO DO CAMPO","dataOcorrencia":"05/07/2014","turnoOcorrencia":"A NOITE","dataComunicacao":"06/07/2014","horaComunicacao":"02:29","dataElaboracao":"06/07/2014","horaElaboracao":"02:38","flagrante":"Não","examesRequisitados":"IC-IML","solucao":"APRECIAÇÃO DO DELEGADO TITULAR","partesEnvolvidas":[{"nome":"ANDRE LUIZ DE AZEVEDO","tipoEnvolvimento":"Vítima","rg":"45730120-SP","naturalidade":"MOSSORO -RN","nacionalidade":"BRASILEIRA","sexo":"Masculino","dataNascimento":"15/08/1988","idade":"25","cutis":"Branca","naturezasEnvolvidas":"Homicídio simples (art. 121)"}],"naturezas":[{"especie":"Título I - Pessoa (arts. 121 a 154)","descricao":"Homicídio simples (art. 121)"}],"categoria":"HOMICIDIO_DOLOSO"}