{"idBO":"2014-10247-4909","numero":"4909","idDelegacia":"10247","tipoBoletim":"Principal","dependencia":"47º D.P. CAPAO REDONDO","local":"RUA PAOLO PORPORA, 111 - JARDIM ANGELA - S.PAULO - SP","tipoLocal":"Via pública","circunscricao":"47º D.P. CAPAO REDONDO","dataOcorrencia":"29/04/2014","turnoOcorrencia":"A NOITE","dataComunicacao":"30/04/2014","horaComunicacao":"02:35","dataElaboracao":"30/04/2014","horaElaboracao":"00:59","flagrante":"Não","solucao":"BO PARA FLAGRANTE","partesEnvolvidas":[{"nome":"JOAO DOS SANTOS SANTA BARBARA","tipoEnvolvimento":"Vítima","rg":"37976045-SP","naturalidade":"SERRA PRETA -BA","nacionalidade":"BRASILEIRA","sexo":"Masculino","dataNascimento":"23/06/1976","idade":"37","estadoCivil":"Solteiro","instrucao":"1 Grau completo","cutis":"Parda","naturezasEnvolvidas":"Homicídio simples (art. 121)"}],"naturezas":[{"especie":"Título I - Pessoa (arts. 121 a 154)","descricao":"Homicídio simples (art. 121)"}],"categoria":"HOMICIDIO_DOLOSO"}