{"idBO":"2014-10326-4643","numero":"4643","idDelegacia":"10326","tipoBoletim":"Principal","dependencia":"63º D.P. VILA JACUI","local":"RUA JULITA OLIVEIRA GALINDO, 248 - VILA JACUI - S.PAULO - SP","tipoLocal":"Via pública","circunscricao":"63º D.P. VILA JACUI","dataOcorrencia":"01/05/2014","turnoOcorrencia":"A NOITE","dataComunicacao":"01/05/2014","horaComunicacao":"20:33","dataElaboracao":"01/05/2014","horaElaboracao":"20:39","flagrante":"Não","examesRequisitados":"IC-IML","solucao":"BO PARA INQUÉRITO","partesEnvolvidas":[{"nome":"DELSON MATOS DA SILVA","tipoEnvolvimento":"Vítima","rg":"26091632-SP","naturalidade":"BELEM -PA","sexo":"Masculino","dataNascimento":"17/06/1964","idade":"49","estadoCivil":"Solteiro","instrucao":"1 Grau completo","profissao":"DESEMPREGADO","cutis":"Branca","naturezasEnvolvidas":"Homicídio simples (art. 121)"}],"naturezas":[{"especie":"Título I - Pessoa (arts. 121 a 154)","descricao":"Homicídio simples (art. 121)"}],"categoria":"HOMICIDIO_DOLOSO"}