{"idBO":"2014-200100-135","numero":"135","idDelegacia":"200100","tipoBoletim":"Complementar","dependencia":"DHPP DIV. HOMICIDIOS","local":"AV INDIANOPOLIS, 1788 - PLANALTO PAULISTA - S.PAULO - SP","tipoLocal":"Via pública","circunscricao":"16º D.P. VILA CLEMENTINO","dataOcorrencia":"27/02/2014","turnoOcorrencia":"DE MADRUGADA","dataComunicacao":"27/02/2014","horaComunicacao":"09:20","dataElaboracao":"27/02/2014","horaElaboracao":"09:22","flagrante":"Não","examesRequisitados":"IC-IML","solucao":"BO PARA INQUÉRITO","partesEnvolvidas":[{"nome":"GEORGE MULLER ALVES DOS SANTOS","tipoEnvolvimento":"Vítima","rg":"56780176-SP","naturalidade":"BOA VISTA -RR","sexo":"Masculino","dataNascimento":"20/05/1986","idade":"27","estadoCivil":"Solteiro","instrucao":"2 Grau completo","profissao":"AUTONOMO(A)","cutis":"Parda","naturezasEnvolvidas":"Homicídio simples (art. 121)"}],"naturezas":[{"especie":"Título I - Pessoa (arts. 121 a 154)","descricao":"Homicídio simples (art. 121)"}],"numeroBoPrincipal":"2604","anoBoPrincipal":"2014","nomeDelegaciaBoPrincipal":"16º D.P. VILA CLEMENTINO","categoria":"HOMICIDIO_DOLOSO"}