{"idBO":"2014-10247-198","numero":"198","idDelegacia":"10247","tipoBoletim":"Complementar","dependencia":"47º D.P. CAPAO REDONDO","local":"R DOM SALOMAO FERRAZ, 100 - VILA ANDRADE - CEP: 05729140 - S.PAULO - SP","tipoLocal":"Residência","circunscricao":"37º D.P. CAMPO LIMPO","dataOcorrencia":"05/01/2014","turnoOcorrencia":"DE MADRUGADA","dataComunicacao":"06/01/2014","horaComunicacao":"01:40","dataElaboracao":"06/01/2014","horaElaboracao":"01:46","flagrante":"Não","solucao":"ENCAMINHAMENTO DP ÁREA DO FATO","partesEnvolvidas":[{"nome":"MARIA CELIA BARBOSA DE OLIVEIRA","tipoEnvolvimento":"Vítima","rg":"50738147-SP","naturalidade":"FORTALEZA -CE","nacionalidade":"BRASILEIRA","sexo":"Feminino","dataNascimento":"26/05/1973","idade":"40","estadoCivil":"Solteiro","instrucao":"1 Grau completo","profissao":"NAO INFORMADA","cutis":"Preta","naturezasEnvolvidas":"Homicídio simples (art. 121)"}],"naturezas":[{"especie":"Título I - Pessoa (arts. 121 a 154)","descricao":"Homicídio simples (art. 121)"}],"numeroBoPrincipal":"128","anoBoPrincipal":"2014","nomeDelegaciaBoPrincipal":"89º D.P. JARDIM TABOAO","categoria":"HOMICIDIO_DOLOSO"}