{"idBO":"2014-10247-6957","numero":"6957","idDelegacia":"10247","tipoBoletim":"Principal","dependencia":"47º D.P. CAPAO REDONDO","local":"RUA DIRIAMBA, 250 - JARDIM ANGELA - S.PAULO - SP","tipoLocal":"Via pública","circunscricao":"100º D.P. JDIM HERCULANO","dataOcorrencia":"21/06/2014","turnoOcorrencia":"DE MADRUGADA","dataComunicacao":"21/06/2014","horaComunicacao":"03:51","dataElaboracao":"21/06/2014","horaElaboracao":"03:55","flagrante":"Não","solucao":"ENCAMINHAMENTO DP ÁREA DO FATO","partesEnvolvidas":[{"sexo":"Masculino","idade":"0","cutis":"Parda","naturezasEnvolvidas":"Homicídio simples (art. 121)"}],"naturezas":[{"especie":"Título I - Pessoa (arts. 121 a 154)","descricao":"Homicídio simples (art. 121)"}],"categoria":"HOMICIDIO_DOLOSO"}