{"idBO":"2014-30217-5958","numero":"5958","idDelegacia":"30217","tipoBoletim":"Principal","dependencia":"07º D.P. GUARULHOS","local":"RUA CÂNDIDO SÁLES, 702 - PRESIDENTE DUTRA - GUARULHOS - SP","tipoLocal":"Restaurante e afins","circunscricao":"07º D.P. GUARULHOS","dataOcorrencia":"16/08/2014","turnoOcorrencia":"A TARDE","dataComunicacao":"16/08/2014","horaComunicacao":"13:33","dataElaboracao":"16/08/2014","horaElaboracao":"13:37","flagrante":"Não","examesRequisitados":"IC-IML","solucao":"APRECIAÇÃO DO DELEGADO TITULAR","partesEnvolvidas":[{"nome":"FRANCISCO PEREIRA DE ASSIS","tipoEnvolvimento":"Vítima","rg":"34808374-SP","naturalidade":"SERRA TALHADA -PE","nacionalidade":"BRASILEIRA","sexo":"Masculino","dataNascimento":"09/11/1961","idade":"52","estadoCivil":"Casado","instrucao":"1 Grau completo","profissao":"COMERCIANTE","cutis":"Branca","naturezasEnvolvidas":"Homicídio simples (art. 121)"}],"naturezas":[{"especie":"Título I - Pessoa (arts. 121 a 154)","descricao":"Homicídio simples (art. 121)"}],"categoria":"HOMICIDIO_DOLOSO"}