{"idBO":"2014-10336-11507","numero":"11507","idDelegacia":"10336","tipoBoletim":"Principal","dependencia":"73º D.P. JACANA","local":"AVENIDA NOSSA SENHORA DO LORETO, 1271 - VILA MEDEIROS - S.PAULO - SP","tipoLocal":"Via pública","circunscricao":"39º D.P. VILA GUSTAVO","dataOcorrencia":"02/11/2014","turnoOcorrencia":"A NOITE","dataComunicacao":"02/11/2014","horaComunicacao":"22:38","dataElaboracao":"02/11/2014","horaElaboracao":"22:44","flagrante":"Não","examesRequisitados":"IC-IML","solucao":"ENCAMINHAMENTO DP ÁREA DO FATO","partesEnvolvidas":[{"nome":"FRANCISCO DE ASSIS MACIEL BEZERRA","tipoEnvolvimento":"Vítima","rg":"41670588-SP","naturalidade":"IBIMIRIM -PEHTTP://RDO.POLICIACIVIL.SP.G","nacionalidade":"BRASILEIRA","sexo":"Masculino","dataNascimento":"16/09/1990","idade":"24","estadoCivil":"Convivente","instrucao":"1 Grau completo","profissao":"MOTO-BOY","cutis":"Branca","naturezasEnvolvidas":"Homicídio simples (art. 121)"}],"naturezas":[{"especie":"Título I - Pessoa (arts. 121 a 154)","descricao":"Homicídio simples (art. 121)"}],"categoria":"HOMICIDIO_DOLOSO"}