{"idBO":"2014-130515-2512","numero":"2512","idDelegacia":"130515","tipoBoletim":"Principal","dependencia":"DEL.SEC.JACAREI PLANTÃO","local":"TRAVESSA AMAZONAS, 206 - RIO COMPRIDO - JACAREI - SP","tipoLocal":"Residência","circunscricao":"01º D.P. JACAREI","dataOcorrencia":"03/08/2014","turnoOcorrencia":"DE MADRUGADA","dataComunicacao":"03/08/2014","horaComunicacao":"12:48","dataElaboracao":"03/08/2014","horaElaboracao":"12:57","flagrante":"Não","examesRequisitados":"IC-IML","solucao":"BO PARA INVESTIGAÇÃO","partesEnvolvidas":[{"nome":"FRANCISCO EVALDO BENICIO DOS SANTOS","tipoEnvolvimento":"Vítima","rg":"71086404-SP","naturalidade":"BREJO DOS SANTOS -PB","nacionalidade":"BRASILEIRA","sexo":"Masculino","dataNascimento":"24/09/1983","idade":"30","instrucao":"1 Grau completo","profissao":"PEDREIRO","cutis":"Branca","naturezasEnvolvidas":"Homicídio simples (art. 121)"}],"naturezas":[{"especie":"Título I - Pessoa (arts. 121 a 154)","descricao":"Homicídio simples (art. 121)"}],"categoria":"HOMICIDIO_DOLOSO"}