{"idBO":"2014-30309-583","numero":"583","idDelegacia":"30309","tipoBoletim":"Principal","dependencia":"DEL.POL.SUZANO","local":"R NICASSIO SILVA BASTOS, 226 - PARQUE BUENOS AIRES - SUZANO - SP","tipoLocal":"Via pública","circunscricao":"01º D.P. SUZANO","dataOcorrencia":"29/01/2014","turnoOcorrencia":"A NOITE","dataComunicacao":"29/01/2014","horaComunicacao":"21:45","dataElaboracao":"29/01/2014","horaElaboracao":"22:05","flagrante":"Não","examesRequisitados":"IC-IML","solucao":"ENCAMINHAMENTO DP ÁREA DO FATO","partesEnvolvidas":[{"nome":"PAULO ROGERIO DA SILVA TORRALVO","tipoEnvolvimento":"Vítima","rg":"34882772-SP","naturalidade":"S.ANDRE -SP","nacionalidade":"BRASILEIRA","sexo":"Masculino","dataNascimento":"30/08/1978","idade":"35","cutis":"Branca","naturezasEnvolvidas":"Homicídio simples (art. 121)"}],"naturezas":[{"especie":"Título I - Pessoa (arts. 121 a 154)","descricao":"Homicídio simples (art. 121)"}],"categoria":"HOMICIDIO_DOLOSO"}