{"idBO":"2014-30218-1207","numero":"1207","idDelegacia":"30218","tipoBoletim":"Principal","dependencia":"08º D.P. GUARULHOS","local":"AVENIDA LINDOMAR GOMES DE OLIVEIRA, 648 - CUMBICA - GUARULHOS - SP","tipoLocal":"Via pública","circunscricao":"08º D.P. GUARULHOS","dataOcorrencia":"05/06/2014","turnoOcorrencia":"DE MADRUGADA","dataComunicacao":"05/06/2014","horaComunicacao":"09:31","dataElaboracao":"05/06/2014","horaElaboracao":"10:00","flagrante":"Não","examesRequisitados":"IC-IML","solucao":"APRECIAÇÃO DO DELEGADO TITULAR","partesEnvolvidas":[{"nome":"ERIVALDO DE BARROS CAVALCANTE","tipoEnvolvimento":"Vítima","rg":"47303354-SP","naturalidade":"AGUAS BELAS -PE","nacionalidade":"BRASILEIRA","sexo":"Masculino","dataNascimento":"29/07/1990","idade":"23","estadoCivil":"Solteiro","instrucao":"1 Grau completo","profissao":"MOTO-BOY","cutis":"Branca","naturezasEnvolvidas":"Homicídio simples (art. 121)"}],"naturezas":[{"especie":"Título I - Pessoa (arts. 121 a 154)","descricao":"Homicídio simples (art. 121)"},{"especie":"Localização e/ou Devolução","descricao":"Localização/Apreensão de objeto"},{"especie":"Localização e/ou Devolução","descricao":"Localização/Apreensão de veículo"}],"categoria":"HOMICIDIO_DOLOSO"}