{"idBO":"2014-110434-650","numero":"650","idDelegacia":"110434","tipoBoletim":"Principal","dependencia":"DEL.POL.IBIRÁ","local":"RUA EUGENIO TEODORO, 665 - SAÃO BENEDITO - IBIRA - SP","tipoLocal":"Restaurante e afins","circunscricao":"DEL.POL.IBIRÁ","dataOcorrencia":"27/12/2014","turnoOcorrencia":"A NOITE","dataComunicacao":"27/12/2014","horaComunicacao":"21:07","dataElaboracao":"27/12/2014","horaElaboracao":"21:13","flagrante":"Não","examesRequisitados":"IC-IML","solucao":"BO PARA INQUÉRITO","partesEnvolvidas":[{"nome":"JEAN CASSIO MIRANDA","tipoEnvolvimento":"Vítima","rg":"26348364-SP","naturalidade":"CATANDUVA -SP","nacionalidade":"BRASILEIRA","sexo":"Masculino","dataNascimento":"26/04/1977","idade":"37","estadoCivil":"Solteiro","instrucao":"1 Grau completo","profissao":"PEDREIRO","cutis":"Branca","naturezasEnvolvidas":"Homicídio simples (art. 121)"}],"naturezas":[{"especie":"Título I - Pessoa (arts. 121 a 154)","descricao":"Homicídio simples (art. 121)"}],"categoria":"HOMICIDIO_DOLOSO"}