{"idBO":"2014-20249-15102","numero":"15102","idDelegacia":"20249","tipoBoletim":"Principal","dependencia":"49º D.P. SAO MATEUS","local":"RUA PERA MIRIM, 148 - SAO RAFAEL - S.PAULO - SP","tipoLocal":"Restaurante e afins","circunscricao":"49º D.P. SAO MATEUS","dataOcorrencia":"04/12/2014","turnoOcorrencia":"A TARDE","dataComunicacao":"04/12/2014","horaComunicacao":"19:39","dataElaboracao":"04/12/2014","horaElaboracao":"19:44","flagrante":"Não","solucao":"BO PARA REGISTRO","partesEnvolvidas":[{"nome":"LUIZ FERNANDO GOMES DE MOURA","tipoEnvolvimento":"Vítima","rg":"37710753-SP","naturalidade":"S.PAULO -SP","nacionalidade":"BRASILEIRA","sexo":"Masculino","dataNascimento":"14/03/1999","idade":"15","estadoCivil":"Solteiro","instrucao":"1 Grau completo","cutis":"Parda","naturezasEnvolvidas":"Homicídio qualificado (art. 121, §2o.)"}],"naturezas":[{"especie":"Título I - Pessoa (arts. 121 a 154)","descricao":"Homicídio qualificado (art. 121, §2o.)"},{"especie":"Título I - Pessoa (arts. 121 a 154)","descricao":"Homicídio qualificado (art. 121, §2o.)"}],"categoria":"HOMICIDIO_DOLOSO"}