{"idBO":"2014-30304-8353","numero":"8353","idDelegacia":"30304","tipoBoletim":"Principal","dependencia":"DEL.POL.ITAQUAQUECETUBA","local":"RUA MAIRIPORÃ, 520 - ESTÂNCIA PARAÍSO - ITAQUAQUECETUBA - SP","tipoLocal":"Via pública","circunscricao":"DEL.POL.ITAQUAQUECETUBA","dataOcorrencia":"13/12/2014","turnoOcorrencia":"A NOITE","dataComunicacao":"14/12/2014","horaComunicacao":"06:01","dataElaboracao":"14/12/2014","horaElaboracao":"06:05","flagrante":"Não","examesRequisitados":"IC-IML","solucao":"APRECIAÇÃO DO DELEGADO TITULAR","partesEnvolvidas":[{"nome":"DIEGO MARCAL DO CARMO","tipoEnvolvimento":"Vítima","rg":"43462855-SP","naturalidade":"GUARULHOS -SP","nacionalidade":"BRASILEIRA","sexo":"Masculino","dataNascimento":"08/10/1994","idade":"20","estadoCivil":"Solteiro","instrucao":"1 Grau completo","cutis":"Parda","naturezasEnvolvidas":"Roubo (art. 157)"}],"naturezas":[{"especie":"Título II - Patrimônio (arts. 155 a 183)","descricao":"Roubo (art. 157)","desdobramentos":"§3o. Se da violência resulta morte:"}],"categoria":"LATROCINIO"}