{"idBO":"2014-200100-65","numero":"65","idDelegacia":"200100","tipoBoletim":"Complementar","dependencia":"DHPP DIV. HOMICIDIOS","local":"R ANTONIO LOPES MACHADO, 207 - JD MACEDONIA - S.PAULO - SP","tipoLocal":"Via pública","circunscricao":"47º D.P. CAPAO REDONDO","dataOcorrencia":"25/01/2014","turnoOcorrencia":"DE MADRUGADA","dataComunicacao":"25/01/2014","horaComunicacao":"06:40","dataElaboracao":"25/01/2014","horaElaboracao":"06:41","flagrante":"Não","examesRequisitados":"IC-IML","solucao":"BO PARA INQUÉRITO","partesEnvolvidas":[{"nome":"ITALO PEREIRA SOARES","tipoEnvolvimento":"Vítima","rg":"54525017-SP","naturalidade":"S.PAULO -SP","nacionalidade":"BRASILEIRA","sexo":"Masculino","dataNascimento":"22/03/1996","idade":"17","cutis":"Parda","naturezasEnvolvidas":"Homicídio simples (art. 121)"}],"naturezas":[{"especie":"Título I - Pessoa (arts. 121 a 154)","descricao":"Homicídio simples (art. 121)"}],"numeroBoPrincipal":"1021","anoBoPrincipal":"2014","nomeDelegaciaBoPrincipal":"47º D.P. CAPAO REDONDO","categoria":"HOMICIDIO_DOLOSO"}