{"idBO":"2014-130504-64","numero":"64","idDelegacia":"130504","tipoBoletim":"Principal","dependencia":"DEL.INV.GER. JACAREI","local":"RUA JOSÉ FERNANDES PINTO, 140 - PARATEI DO MEIO - JACAREI - SP","tipoLocal":"Via pública","circunscricao":"02º D.P. JACAREI","dataOcorrencia":"20/05/2014","turnoOcorrencia":"PELA MANHÃ","dataComunicacao":"20/05/2014","horaComunicacao":"10:05","dataElaboracao":"20/05/2014","horaElaboracao":"10:25","flagrante":"Não","examesRequisitados":"IC-IML","solucao":"BO PARA INQUÉRITO","partesEnvolvidas":[{"nome":"ROMERO MACENA DE FREITAS","tipoEnvolvimento":"Vítima","rg":"48103572-SP","naturalidade":"S.PAULO -SP","sexo":"Masculino","dataNascimento":"26/02/1990","idade":"24","estadoCivil":"Solteiro","instrucao":"1 Grau completo","profissao":"SERVENTE","cutis":"Branca","naturezasEnvolvidas":"Homicídio simples (art. 121)"}],"naturezas":[{"especie":"Título I - Pessoa (arts. 121 a 154)","descricao":"Homicídio simples (art. 121)"}],"categoria":"HOMICIDIO_DOLOSO"}