{"idBO":"2014-30404-4868","numero":"4868","idDelegacia":"30404","tipoBoletim":"Principal","dependencia":"DEL.POL.EMBU DAS ARTES","local":"AVENIDA DAS POMBAS, 333 - JD VAZAME - EMBU - SP","tipoLocal":"Residência","circunscricao":"01º D.P. EMBU DAS ARTES","dataOcorrencia":"29/12/2014","turnoOcorrencia":"DE MADRUGADA","dataComunicacao":"29/12/2014","horaComunicacao":"03:00","dataElaboracao":"29/12/2014","horaElaboracao":"03:35","flagrante":"Não","examesRequisitados":"IC-IML","solucao":"ENCAMINHAMENTO DP ÁREA DO FATO","partesEnvolvidas":[{"nome":"WENDEL BARBOSA DOS SANTOS SILVA","tipoEnvolvimento":"Vítima","rg":"36819438-SP","naturalidade":"S.PAULO -SP","nacionalidade":"BRASILEIRA","sexo":"Masculino","dataNascimento":"26/12/1995","idade":"19","estadoCivil":"Solteiro","instrucao":"1 Grau completo","cutis":"Preta","naturezasEnvolvidas":"Homicídio simples (art. 121)"}],"naturezas":[{"especie":"Título I - Pessoa (arts. 121 a 154)","descricao":"Homicídio simples (art. 121)"}],"categoria":"HOMICIDIO_DOLOSO"}