{"idBO":"2014-140209-35","numero":"35","idDelegacia":"140209","tipoBoletim":"Principal","dependencia":"DEIC-1ª DELEGACIA DA DISCCPAT","local":"AVENIDA MORUMBI - MORUMBI - S.PAULO - SP","tipoLocal":"Via pública","circunscricao":"34º D.P. MORUMBI","dataOcorrencia":"04/04/2014","turnoOcorrencia":"A TARDE","dataComunicacao":"04/04/2014","horaComunicacao":"14:58","dataElaboracao":"04/04/2014","horaElaboracao":"15:01","flagrante":"Não","examesRequisitados":"IC-IML","solucao":"BO PARA FLAGRANTE","partesEnvolvidas":[{"nome":"ANDRES FERMIN HEREDIA GUZMAN","tipoEnvolvimento":"Vítima","nacionalidade":"BOLIVIANO","sexo":"Masculino","dataNascimento":"30/11/1953","idade":"60","cutis":"Branca","naturezasEnvolvidas":"Homicídio simples (art. 121)"}],"naturezas":[{"especie":"Título I - Pessoa (arts. 121 a 154)","descricao":"Homicídio simples (art. 121)"}],"categoria":"HOMICIDIO_DOLOSO"}