{"idBO":"2014-10310-8355","numero":"8355","idDelegacia":"10310","tipoBoletim":"Complementar","dependencia":"56º D.P. VILA ALPINA","local":"RUA PROFESSOR HENRI WEBER, 37 - AGUA RASA - S.PAULO - SP","tipoLocal":"Residência","circunscricao":"29º D.P. VILA PRUDENTE","dataOcorrencia":"26/12/2014","turnoOcorrencia":"A NOITE","dataComunicacao":"27/12/2014","horaComunicacao":"13:57","dataElaboracao":"27/12/2014","horaElaboracao":"13:59","flagrante":"Não","solucao":"BO PARA ADENDO","partesEnvolvidas":[{"nome":"MICHELLIN ALCANTARA DA SILVA PEREIRA","tipoEnvolvimento":"Vítima","rg":"37488746-SP","naturalidade":"S.PAULO -SP","nacionalidade":"BRASILEIRA","sexo":"Feminino","dataNascimento":"03/07/1985","idade":"29","estadoCivil":"Solteiro","instrucao":"1 Grau completo","cutis":"Parda","naturezasEnvolvidas":"Homicídio qualificado (art. 121, §2o.), Violência Doméstica"}],"naturezas":[{"especie":"Título I - Pessoa (arts. 121 a 154)","descricao":"Homicídio qualificado (art. 121, §2o.)","desdobramentos":"II - por motivo fútil, III - com emprego de meio insidioso ou cruel, ou de que resulte perigo comum"},{"especie":"Título XI - Administração pública (arts. 312 a 359-H)","descricao":"Fraude processual (art. 347)"},{"especie":"L 11340/06 Violência Doméstica","descricao":"Violência Doméstica"}],"numeroBoPrincipal":"8354","anoBoPrincipal":"2014","nomeDelegaciaBoPrincipal":"56º D.P. VILA ALPINA","categoria":"HOMICIDIO_DOLOSO"}