{"idBO":"2014-130325-1219","numero":"1219","idDelegacia":"130325","tipoBoletim":"Complementar","dependencia":"07º D.P. S.JOSE DOS CAMPOS","local":"RUA BELIZI, 83 - D. PEDRO II - S.JOSE DOS CAMPOS - SP","tipoLocal":"Via pública","circunscricao":"07º D.P. S.JOSE DOS CAMPOS","dataOcorrencia":"12/08/2014","turnoOcorrencia":"DE MADRUGADA","dataComunicacao":"13/08/2014","horaComunicacao":"17:37","dataElaboracao":"13/08/2014","horaElaboracao":"17:38","flagrante":"Não","examesRequisitados":"IC-IML","solucao":"BO PARA ADENDO","partesEnvolvidas":[{"nome":"CICERO ALEXANDRE DA SILVA","tipoEnvolvimento":"Autor/Vitima","rg":"45958993-SP","naturalidade":"PARAISOPOLIS -MG","nacionalidade":"BRASILEIRA","sexo":"Masculino","dataNascimento":"23/02/1996","idade":"18","estadoCivil":"Solteiro","instrucao":"1 Grau completo","cutis":"Branca","naturezasEnvolvidas":"Roubo (art. 157), Homicídio simples (art. 121)"}],"naturezas":[{"especie":"Título I - Pessoa (arts. 121 a 154)","descricao":"Homicídio simples (art. 121)"},{"especie":"Título II - Patrimônio (arts. 155 a 183)","descricao":"Roubo (art. 157)"}],"numeroBoPrincipal":"5221","anoBoPrincipal":"2014","nomeDelegaciaBoPrincipal":"03º D.P. S.JOSE DOS CAMPOS","categoria":"HOMICIDIO_DOLOSO"}