{"idBO":"2014-120500-9680","numero":"9680","idDelegacia":"120500","tipoBoletim":"Principal","dependencia":"DEL.SEC.SOROCABA","local":"RUA SANTA ISABEL, 179 - JARDIM SAO BENTO - SOROCABA - SP","tipoLocal":"Residência","circunscricao":"02º D.P. SOROCABA","dataOcorrencia":"04/10/2014","turnoOcorrencia":"A NOITE","dataComunicacao":"05/10/2014","horaComunicacao":"00:31","dataElaboracao":"05/10/2014","horaElaboracao":"00:38","flagrante":"Não","examesRequisitados":"IC-IML","solucao":"APRECIAÇÃO DO DELEGADO TITULAR","partesEnvolvidas":[{"nome":"LUIZ HENRIQUE CIRINO GONCALVES","tipoEnvolvimento":"Vítima","rg":"22123114-SP","naturalidade":"ELDORADO -SP","sexo":"Masculino","dataNascimento":"22/11/1969","idade":"44","instrucao":"1 Grau completo","cutis":"Parda","naturezasEnvolvidas":"Homicídio qualificado (art. 121, §2o.)"}],"naturezas":[{"especie":"Título I - Pessoa (arts. 121 a 154)","descricao":"Homicídio qualificado (art. 121, §2o.)"}],"categoria":"HOMICIDIO_DOLOSO"}