{"idBO":"2014-10247-4071","numero":"4071","idDelegacia":"10247","tipoBoletim":"Principal","dependencia":"47º D.P. CAPAO REDONDO","local":"RUA MAJER KUCINSKI, 10 - CAPAO REDONDO - S.PAULO - SP","tipoLocal":"Via pública","circunscricao":"47º D.P. CAPAO REDONDO","dataOcorrencia":"09/04/2014","turnoOcorrencia":"PELA MANHÃ","dataComunicacao":"09/04/2014","horaComunicacao":"09:45","dataElaboracao":"09/04/2014","horaElaboracao":"09:48","flagrante":"Não","solucao":"BO PARA INVESTIGAÇÃO","partesEnvolvidas":[{"sexo":"Masculino","idade":"0","cutis":"Parda","naturezasEnvolvidas":"Homicídio qualificado (art. 121, §2o.)"}],"naturezas":[{"especie":"Título I - Pessoa (arts. 121 a 154)","descricao":"Homicídio qualificado (art. 121, §2o.)"}],"categoria":"HOMICIDIO_DOLOSO"}