{"idBO":"2014-130204-834","numero":"834","idDelegacia":"130204","tipoBoletim":"Principal","dependencia":"DEL.POL.LORENA","local":"RUA LOCAL INCERTO - CECAP - CEP: 12600000 - LORENA - SP","tipoLocal":"Via pública","circunscricao":"02º D.P. LORENA","dataOcorrencia":"17/06/2014","turnoOcorrencia":"A NOITE","dataComunicacao":"17/06/2014","horaComunicacao":"21:33","dataElaboracao":"17/06/2014","horaElaboracao":"21:47","flagrante":"Não","examesRequisitados":"IML","solucao":"APRECIAÇÃO DO DELEGADO TITULAR","partesEnvolvidas":[{"nome":"VINICIUS VIEIRA DA SILVA","tipoEnvolvimento":"Vítima","rg":"54027080-SP","naturalidade":"LORENA -SP","nacionalidade":"BRASILEIRA","sexo":"Masculino","dataNascimento":"26/06/1995","idade":"18","estadoCivil":"Solteiro","instrucao":"1 Grau completo","profissao":"ADMINISTRADOR FINANCEIRO","cutis":"Parda","naturezasEnvolvidas":"Homicídio simples (art. 121)"}],"naturezas":[{"especie":"Título I - Pessoa (arts. 121 a 154)","descricao":"Homicídio simples (art. 121)"}],"categoria":"HOMICIDIO_DOLOSO"}