{"idBO":"2014-120609-3516","numero":"3516","idDelegacia":"120609","tipoBoletim":"Complementar","dependencia":"DEL.POL.PLANTÃO TATUI","local":"RUA JOAQUIM EUGÊNIO SANTOS, 181 - JARDIM TOMAS GUEDES - TATUI - SP","tipoLocal":"Via pública","circunscricao":"DEL.POL.TATUI","dataOcorrencia":"05/07/2014","turnoOcorrencia":"PELA MANHÃ","dataComunicacao":"05/07/2014","horaComunicacao":"14:06","dataElaboracao":"05/07/2014","horaElaboracao":"14:07","flagrante":"Não","examesRequisitados":"SVO","solucao":"BO PARA ADENDO","partesEnvolvidas":[{"nome":"MARCIO ROBERTO DE MORAIS","tipoEnvolvimento":"Vítima","rg":"34337825-SP","naturalidade":"ARUJA -SP","nacionalidade":"BRASILEIRA","sexo":"Masculino","dataNascimento":"20/10/1978","idade":"35","estadoCivil":"Solteiro","instrucao":"1 Grau completo","profissao":"APOSENTADO(A)","cutis":"Branca","naturezasEnvolvidas":"Homicídio qualificado (art. 121, §2o.)"}],"naturezas":[{"especie":"Título I - Pessoa (arts. 121 a 154)","descricao":"Homicídio qualificado (art. 121, §2o.)"}],"numeroBoPrincipal":"3511","anoBoPrincipal":"2014","nomeDelegaciaBoPrincipal":"DEL.POL.PLANTÃO TATUI","categoria":"HOMICIDIO_DOLOSO"}