{"idBO":"2014-200100-27","numero":"27","idDelegacia":"200100","tipoBoletim":"Complementar","dependencia":"DHPP DIV. HOMICIDIOS","local":"AV DARCY REIS, 2027 - PARQUE DOS PRÍNCIPES - S.PAULO - SP","tipoLocal":"Via pública","circunscricao":"51º D.P. RIO PEQUENO","dataOcorrencia":"07/01/2014","turnoOcorrencia":"PELA MANHÃ","dataComunicacao":"07/01/2014","horaComunicacao":"14:41","dataElaboracao":"07/01/2014","horaElaboracao":"14:43","flagrante":"Não","examesRequisitados":"IC-IML","solucao":"BO PARA REGISTRO","partesEnvolvidas":[{"nome":"BEATRICE GOPFERT","tipoEnvolvimento":"Vítima","rg":"21253719-SP","naturalidade":"S.PAULO -SP","nacionalidade":"BRASILEIRA","sexo":"Feminino","dataNascimento":"21/09/1968","idade":"45","cutis":"Branca","naturezasEnvolvidas":"Homicídio qualificado (art. 121, §2o.)"}],"naturezas":[{"especie":"Título I - Pessoa (arts. 121 a 154)","descricao":"Homicídio qualificado (art. 121, §2o.)","desdobramentos":"III - com emprego de meio insidioso ou cruel, ou de que resulte perigo comum"}],"numeroBoPrincipal":"81","anoBoPrincipal":"2014","nomeDelegaciaBoPrincipal":"51º D.P. RIO PEQUENO","categoria":"HOMICIDIO_DOLOSO"}