{"idBO":"2014-10335-7745","numero":"7745","idDelegacia":"10335","tipoBoletim":"Complementar","dependencia":"72º D.P. VILA PENTEADO","local":"RUA ODASSI NASSALI, 215 - CACHOEIRINHA - S.PAULO - SP","tipoLocal":"Via pública","circunscricao":"38º D.P. VILA AMALIA","dataOcorrencia":"08/09/2014","turnoOcorrencia":"A NOITE","dataComunicacao":"09/09/2014","horaComunicacao":"01:51","dataElaboracao":"09/09/2014","horaElaboracao":"01:53","flagrante":"Não","examesRequisitados":"IC-IML","solucao":"BO PARA ADENDO","partesEnvolvidas":[{"nome":"SANDRA ESCOREL DE FREITAS","tipoEnvolvimento":"Vítima","rg":"41266659-SP","naturalidade":"S.PAULO","nacionalidade":"BRASILEIRA","sexo":"Feminino","dataNascimento":"22/06/1980","idade":"34","estadoCivil":"Solteiro","instrucao":"1 Grau incompleto","profissao":"SEGURANCA","cutis":"Parda","naturezasEnvolvidas":"Homicídio simples (art. 121)"}],"naturezas":[{"especie":"Título I - Pessoa (arts. 121 a 154)","descricao":"Homicídio simples (art. 121)"}],"numeroBoPrincipal":"7743","anoBoPrincipal":"2014","nomeDelegaciaBoPrincipal":"72º D.P. VILA PENTEADO","categoria":"HOMICIDIO_DOLOSO"}