{"idBO":"2014-10335-5246","numero":"5246","idDelegacia":"10335","tipoBoletim":"Principal","dependencia":"72º D.P. VILA PENTEADO","local":"AVENIDA INAJAR DE SOUZA, 4758 - VILA RICA - S.PAULO - SP","tipoLocal":"Via pública","circunscricao":"72º D.P. VILA PENTEADO","dataOcorrencia":"15/06/2014","turnoOcorrencia":"PELA MANHÃ","dataComunicacao":"15/06/2014","horaComunicacao":"11:36","dataElaboracao":"15/06/2014","horaElaboracao":"11:47","flagrante":"Não","examesRequisitados":"IC-IML","solucao":"APRECIAÇÃO DO DELEGADO TITULAR","partesEnvolvidas":[{"nome":"JOÃO BATISTA DE SOUZA","tipoEnvolvimento":"Vítima","rg":"01657232-PB","naturalidade":"TAPEROA-PB","nacionalidade":"BRASILEIRA","sexo":"Masculino","idade":"0","estadoCivil":"Casado","instrucao":"2 Grau completo","profissao":"POLICIAL MILITAR","cutis":"Parda","naturezasEnvolvidas":"Roubo (art. 157)"}],"naturezas":[{"especie":"Título II - Patrimônio (arts. 155 a 183)","descricao":"Roubo (art. 157)","desdobramentos":"§3o. Se da violência resulta morte:"}],"categoria":"LATROCINIO"}