{"idBO":"2014-130517-759","numero":"759","idDelegacia":"130517","tipoBoletim":"Principal","dependencia":"DEL.POL.PLANTÃO PINDA","local":"ESTRADA MUNICIPAL DO TANQUE, 4010 - RURAL - PINDAMONHANGABA - SP","tipoLocal":"Unidade rural","circunscricao":"03º D.P. PINDAMONHANGABA","dataOcorrencia":"27/03/2014","turnoOcorrencia":"A NOITE","dataComunicacao":"28/03/2014","horaComunicacao":"02:37","dataElaboracao":"28/03/2014","horaElaboracao":"02:49","flagrante":"Sim","examesRequisitados":"IC-IML","partesEnvolvidas":[{"nome":"CONCEICAO APARECIDA DE FATIMA FERRAZ","tipoEnvolvimento":"Vítima","rg":"11047042-SP","naturalidade":"EST DE SAO PAULO","nacionalidade":"BRASILEIRA","sexo":"Feminino","dataNascimento":"07/09/1956","idade":"57","estadoCivil":"Solteiro","instrucao":"2 Grau completo","profissao":"PENSIONISTA","cutis":"Branca","naturezasEnvolvidas":"Homicídio simples (art. 121)"}],"naturezas":[{"especie":"Título I - Pessoa (arts. 121 a 154)","descricao":"Homicídio simples (art. 121)"},{"especie":"Título V - Sentimento religioso e respeito aos mortos (arts. 208 a 212)","descricao":"Destruição, subtração ou ocultação de cadáver (art. 211)"}],"categoria":"HOMICIDIO_DOLOSO"}