{"idBO":"2014-30124-4131","numero":"4131","idDelegacia":"30124","tipoBoletim":"Principal","dependencia":"01º D.P. MAUA","local":"RUA SÃO DOMINGOS, 249 - PARQUE DAS AMÉRICAS - MAUA - SP","tipoLocal":"Restaurante e afins","circunscricao":"02º D.P. MAUA","dataOcorrencia":"27/05/2014","turnoOcorrencia":"A NOITE","dataComunicacao":"27/05/2014","horaComunicacao":"21:20","dataElaboracao":"27/05/2014","horaElaboracao":"21:22","flagrante":"Não","examesRequisitados":"IC-IML","solucao":"ENCAMINHAMENTO DP ÁREA DO FATO","partesEnvolvidas":[{"nome":"THIAGO HUMBERTO DA SILVA","tipoEnvolvimento":"Vítima","rg":"34788392-SP","naturalidade":"MAUA -SP","nacionalidade":"BRASILEIRA","sexo":"Masculino","dataNascimento":"10/05/1984","idade":"30","estadoCivil":"Convivente","instrucao":"2 Grau completo","profissao":"VENDEDOR(A)","cutis":"Branca","naturezasEnvolvidas":"Homicídio simples (art. 121)"}],"naturezas":[{"especie":"Título I - Pessoa (arts. 121 a 154)","descricao":"Homicídio simples (art. 121)"}],"categoria":"HOMICIDIO_DOLOSO"}