{"idBO":"2014-120500-10192","numero":"10192","idDelegacia":"120500","tipoBoletim":"Principal","dependencia":"DEL.SEC.SOROCABA","local":"RUA DOS ALPES, 870 - JARDIM NORCROSS - SOROCABA - SP","tipoLocal":"Residência","circunscricao":"10º D.P. SOROCABA","dataOcorrencia":"20/10/2014","turnoOcorrencia":"A NOITE","dataComunicacao":"21/10/2014","horaComunicacao":"02:46","dataElaboracao":"21/10/2014","horaElaboracao":"02:59","flagrante":"Não","examesRequisitados":"IC-IML","solucao":"ENCAMINHAMENTO DP ÁREA DO FATO","partesEnvolvidas":[{"nome":"PATRICK WALISSON DE OLIVEIRA","tipoEnvolvimento":"Vítima","rg":"48825289-SP","naturalidade":"CAPAO BONITO -SP","nacionalidade":"BRASILEIRA","sexo":"Masculino","dataNascimento":"11/05/1993","idade":"21","estadoCivil":"Solteiro","instrucao":"2 Grau completo","cutis":"Branca","naturezasEnvolvidas":"Homicídio simples (art. 121)"}],"naturezas":[{"especie":"Título I - Pessoa (arts. 121 a 154)","descricao":"Homicídio simples (art. 121)"}],"categoria":"HOMICIDIO_DOLOSO"}