{"idBO":"2014-10336-9019","numero":"9019","idDelegacia":"10336","tipoBoletim":"Principal","dependencia":"73º D.P. JACANA","local":"RUA TERCEIRO SARGENTO JOAO LOPES FILHO, 100 - PARQUE NOVO MUNDO - S.PAULO - SP","tipoLocal":"Via pública","circunscricao":"90º D.P. PQ. NOVO MUNDO","dataOcorrencia":"26/08/2014","turnoOcorrencia":"A NOITE","dataComunicacao":"27/08/2014","horaComunicacao":"01:19","dataElaboracao":"27/08/2014","horaElaboracao":"01:20","flagrante":"Não","examesRequisitados":"IC-IML","solucao":"ENCAMINHAMENTO DP ÁREA DO FATO","partesEnvolvidas":[{"nome":"MAILSON LIMA DO CARMO","tipoEnvolvimento":"Vítima","rg":"49827484-SP","naturalidade":"PESQUEIRA -PE","sexo":"Masculino","dataNascimento":"09/05/1989","idade":"25","cutis":"Parda","naturezasEnvolvidas":"Homicídio simples (art. 121)"}],"naturezas":[{"especie":"Título I - Pessoa (arts. 121 a 154)","descricao":"Homicídio simples (art. 121)"}],"categoria":"HOMICIDIO_DOLOSO"}