{"idBO":"2014-20250-6483","numero":"6483","idDelegacia":"20250","tipoBoletim":"Complementar","dependencia":"50º D.P. ITAIM PAULISTA","local":"RUA PIACATUBA, 69 - ITAIM PAULISTA - S.PAULO - SP","tipoLocal":"Residência","circunscricao":"50º D.P. ITAIM PAULISTA","dataOcorrencia":"19/06/2014","turnoOcorrencia":"PELA MANHÃ","dataComunicacao":"19/06/2014","horaComunicacao":"15:14","dataElaboracao":"19/06/2014","horaElaboracao":"15:16","flagrante":"Não","examesRequisitados":"IML","solucao":"BO PARA ADENDO","partesEnvolvidas":[{"nome":"CAMILLY FERREIRA PIMENTA","tipoEnvolvimento":"Vítima","rg":"57358016-SP","naturalidade":"S.PAULO -SP","nacionalidade":"BRASILEIRA","sexo":"Feminino","dataNascimento":"12/01/2010","idade":"4","estadoCivil":"Solteiro","instrucao":"Analfabeto","cutis":"Branca","naturezasEnvolvidas":"Homicídio qualificado (art. 121, §2o.)"},{"nome":"JECLERSON BELMIRO PIMENTA","tipoEnvolvimento":"Autor/Vitima","rg":"47364381-SP","naturalidade":"S.PAULO -SP","nacionalidade":"BRASILEIRA","sexo":"Masculino","dataNascimento":"25/03/1991","idade":"23","estadoCivil":"Solteiro","instrucao":"2 Grau completo","profissao":"DESEMPREGADO","cutis":"Parda","naturezasEnvolvidas":"Homicídio qualificado (art. 121, §2o.)"}],"naturezas":[{"especie":"Título I - Pessoa (arts. 121 a 154)","descricao":"Homicídio qualificado (art. 121, §2o.)","desdobramentos":"II - por motivo fútil"}],"numeroBoPrincipal":"6479","anoBoPrincipal":"2014","nomeDelegaciaBoPrincipal":"50º D.P. ITAIM PAULISTA","categoria":"HOMICIDIO_DOLOSO"}