{"idBO":"2014-200100-675","numero":"675","idDelegacia":"200100","tipoBoletim":"Complementar","dependencia":"DHPP DIV. HOMICIDIOS","local":"AVENIDA INAJAR DE SOUZA, 3161 - LIMAO - S.PAULO - SP","tipoLocal":"Via pública","circunscricao":"28º D.P. FREGUESIA DO O","dataOcorrencia":"25/09/2014","turnoOcorrencia":"PELA MANHÃ","dataComunicacao":"25/09/2014","horaComunicacao":"11:16","dataElaboracao":"25/09/2014","horaElaboracao":"11:17","flagrante":"Não","examesRequisitados":"IC-IML","solucao":"BO PARA INQUÉRITO","partesEnvolvidas":[{"nome":"FATAL ISAAC FRANCISCO DA SILVA","tipoEnvolvimento":"Vítima","rg":"14511171-SP","naturalidade":"S.PAULO -SP","sexo":"Masculino","dataNascimento":"01/04/1962","idade":"52","estadoCivil":"Solteiro","instrucao":"1 Grau completo","profissao":"MECANICO DE AUTOMOVEL","cutis":"Parda","naturezasEnvolvidas":"Homicídio qualificado (art. 121, §2o.)"}],"naturezas":[{"especie":"Título I - Pessoa (arts. 121 a 154)","descricao":"Homicídio qualificado (art. 121, §2o.)"}],"numeroBoPrincipal":"4352","anoBoPrincipal":"2014","nomeDelegaciaBoPrincipal":"28º D.P. FREGUESIA DO O","categoria":"HOMICIDIO_DOLOSO"}