{"idBO":"2014-110429-8371","numero":"8371","idDelegacia":"110429","tipoBoletim":"Principal","dependencia":"DEL.SEC.S.J RIO PRETO PLANTÃO","local":"RUA FREI REMBERTO LESSING, 900 - SAO DEOCLECIANO - S.JOSE DO RIO PRETO - SP","tipoLocal":"Via pública","circunscricao":"03º D.P. S.JOSE RIO PRETO","dataOcorrencia":"09/06/2014","turnoOcorrencia":"PELA MANHÃ","dataComunicacao":"09/06/2014","horaComunicacao":"14:37","dataElaboracao":"09/06/2014","horaElaboracao":"14:52","flagrante":"Não","examesRequisitados":"IC-IML","solucao":"ENCAMINHAMENTO DP ÁREA DO FATO","partesEnvolvidas":[{"nome":"EMERSON EDUARDO CEZAR","tipoEnvolvimento":"Vítima","rg":"24845002-SP","naturalidade":"S.PAULO -SP","sexo":"Masculino","dataNascimento":"24/06/1972","idade":"41","estadoCivil":"Casado","profissao":"COMERCIANTE","cutis":"Branca","naturezasEnvolvidas":"Homicídio simples (art. 121)"}],"naturezas":[{"especie":"Título I - Pessoa (arts. 121 a 154)","descricao":"Homicídio simples (art. 121)"},{"especie":"Título I - Pessoa (arts. 121 a 154)","descricao":"Homicídio simples (art. 121)"}],"categoria":"HOMICIDIO_DOLOSO"}