{"idBO":"2014-10102-4163","numero":"4163","idDelegacia":"10102","tipoBoletim":"Principal","dependencia":"02º D.P. BOM RETIRO","local":"RUA VITORIA, 611 - REPUBLICA - S.PAULO - SP","tipoLocal":"Via pública","circunscricao":"03º D.P. CAMPOS ELISEOS","dataOcorrencia":"29/06/2014","turnoOcorrencia":"DE MADRUGADA","dataComunicacao":"29/06/2014","horaComunicacao":"06:22","dataElaboracao":"29/06/2014","horaElaboracao":"06:30","flagrante":"Não","examesRequisitados":"IC-IML","solucao":"ENCAMINHAMENTO DP ÁREA DO FATO","partesEnvolvidas":[{"nome":"ROGER PARIGUANA DIAZ","tipoEnvolvimento":"Vítima","nacionalidade":"PERUANA","sexo":"Masculino","dataNascimento":"12/02/1968","idade":"46","cutis":"Branca","naturezasEnvolvidas":"Homicídio simples (art. 121)"}],"naturezas":[{"especie":"Título I - Pessoa (arts. 121 a 154)","descricao":"Homicídio simples (art. 121)"}],"categoria":"HOMICIDIO_DOLOSO"}