{"idBO":"2014-30411-6662","numero":"6662","idDelegacia":"30411","tipoBoletim":"Principal","dependencia":"01º D.P. OSASCO","local":"RUA ANÍSIO DA SILVEIRA, 36 - JAGUARIBE - OSASCO - SP","tipoLocal":"Via pública","circunscricao":"08º D.P. OSASCO","dataOcorrencia":"19/11/2014","turnoOcorrencia":"A NOITE","dataComunicacao":"20/11/2014","horaComunicacao":"02:11","dataElaboracao":"20/11/2014","horaElaboracao":"02:27","flagrante":"Não","examesRequisitados":"IC-IML","solucao":"ENCAMINHAMENTO DP ÁREA DO FATO","partesEnvolvidas":[{"nome":"VINICIUS COSTA DE SOUSA","tipoEnvolvimento":"Vítima","rg":"49073195-SP","naturalidade":"OSASCO -SP","nacionalidade":"BRASILEIRA","sexo":"Masculino","dataNascimento":"27/02/1993","idade":"21","estadoCivil":"Solteiro","instrucao":"1 Grau completo","profissao":"DESEMPREGADO(A)","cutis":"Branca","naturezasEnvolvidas":"Homicídio simples (art. 121)"}],"naturezas":[{"especie":"Título I - Pessoa (arts. 121 a 154)","descricao":"Homicídio simples (art. 121)"}],"categoria":"HOMICIDIO_DOLOSO"}