{"idBO":"2014-120607-4423","numero":"4423","idDelegacia":"120607","tipoBoletim":"Principal","dependencia":"PLANTÃO DE SOROCABA - Z. NORTE","local":"RUA JOSÉ MARTINÊS PÉRES, 1 - JARDIM J S CARVALHO - CEP: 00000000 - SOROCABA - SP","tipoLocal":"Area não ocupada","circunscricao":"11º D.P. SOROCABA","dataOcorrencia":"30/04/2014","turnoOcorrencia":"PELA MANHÃ","dataComunicacao":"30/04/2014","horaComunicacao":"11:27","dataElaboracao":"30/04/2014","horaElaboracao":"11:44","flagrante":"Não","examesRequisitados":"IC-IML","solucao":"ENCAMINHAMENTO DP ÁREA DO FATO","partesEnvolvidas":[{"cutis":"Outros","naturezasEnvolvidas":"Homicídio qualificado (art. 121, §2o.)"},{"cutis":"Outros","naturezasEnvolvidas":"Homicídio qualificado (art. 121, §2o.)"},{"cutis":"Outros","naturezasEnvolvidas":"Homicídio qualificado (art. 121, §2o.)"}],"naturezas":[{"especie":"Título I - Pessoa (arts. 121 a 154)","descricao":"Homicídio qualificado (art. 121, §2o.)","desdobramentos":"III - com emprego de meio insidioso ou cruel, ou de que resulte perigo comum"}],"categoria":"HOMICIDIO_DOLOSO"}