{"idBO":"2014-120511-874","numero":"874","idDelegacia":"120511","tipoBoletim":"Principal","dependencia":"DEL.POL.PORTO FELIZ","local":"ESTRADA DA CAPUAVA - CAPUAVA - PORTO FELIZ - SP","tipoLocal":"Area não ocupada","circunscricao":"DEL.POL.PORTO FELIZ","dataOcorrencia":"31/05/2014","turnoOcorrencia":"PELA MANHÃ","dataComunicacao":"31/05/2014","horaComunicacao":"12:04","dataElaboracao":"31/05/2014","horaElaboracao":"12:10","flagrante":"Não","examesRequisitados":"IC-IML","solucao":"BO PARA INVESTIGAÇÃO","partesEnvolvidas":[{"nome":"A IDENTIFICAR","tipoEnvolvimento":"Vítima","sexo":"Masculino","idade":"0","cutis":"Preta","naturezasEnvolvidas":"Homicídio qualificado (art. 121, §2o.)"},{"nome":"A ESCLARECER","tipoEnvolvimento":"Vítima","sexo":"Feminino","idade":"0","cutis":"Preta","naturezasEnvolvidas":"Homicídio qualificado (art. 121, §2o.)"}],"naturezas":[{"especie":"Título I - Pessoa (arts. 121 a 154)","descricao":"Homicídio qualificado (art. 121, §2o.)"}],"categoria":"HOMICIDIO_DOLOSO"}