{"idBO":"2014-30404-877","numero":"877","idDelegacia":"30404","tipoBoletim":"Complementar","dependencia":"DEL.POL.EMBU DAS ARTES","local":"R RAINHA MARIA STUART, 40 - VILA REGINA - EMBU - SP","tipoLocal":"Residência","circunscricao":"01º D.P. EMBU DAS ARTES","dataOcorrencia":"04/03/2014","turnoOcorrencia":"DE MADRUGADA","dataComunicacao":"04/03/2014","horaComunicacao":"20:38","dataElaboracao":"04/03/2014","horaElaboracao":"20:40","flagrante":"Sim","examesRequisitados":"IML","solucao":"BO PARA ADENDO","partesEnvolvidas":[{"nome":"FABIANO DA SILVA SANTOS","tipoEnvolvimento":"Vítima","rg":"34901462-SP","naturalidade":"S.PAULO -SP","sexo":"Masculino","dataNascimento":"05/07/1980","idade":"33","estadoCivil":"Solteiro","instrucao":"1 Grau completo","profissao":"VENDEDOR(A)","cutis":"Parda","naturezasEnvolvidas":"Homicídio simples (art. 121)"}],"naturezas":[{"especie":"Título I - Pessoa (arts. 121 a 154)","descricao":"Homicídio simples (art. 121)"}],"numeroBoPrincipal":"868","anoBoPrincipal":"2014","nomeDelegaciaBoPrincipal":"DEL.POL.EMBU DAS ARTES","categoria":"HOMICIDIO_DOLOSO"}