{"idBO":"2014-200100-187","numero":"187","idDelegacia":"200100","tipoBoletim":"Complementar","dependencia":"DHPP DIV. HOMICIDIOS","local":"R LUIS PUCCI, 180 - PQUE SAO LUCAS - S.PAULO - SP","tipoLocal":"Via pública","circunscricao":"42º D.P. PARQUE S. LUCAS","dataOcorrencia":"18/03/2014","turnoOcorrencia":"DE MADRUGADA","dataComunicacao":"18/03/2014","horaComunicacao":"03:17","dataElaboracao":"18/03/2014","horaElaboracao":"03:43","flagrante":"Não","solucao":"BO PARA INQUÉRITO","partesEnvolvidas":[{"nome":"DIEGO DOS SANTOS IGNACIO","tipoEnvolvimento":"Vítima","rg":"47500780-SP","naturalidade":"S.PAULO -SP","nacionalidade":"BRASILEIRA","sexo":"Masculino","dataNascimento":"19/07/1990","idade":"23","estadoCivil":"Solteiro","profissao":"DESEMPREGADO","cutis":"Parda","naturezasEnvolvidas":"Homicídio simples (art. 121)"}],"naturezas":[{"especie":"Título I - Pessoa (arts. 121 a 154)","descricao":"Homicídio simples (art. 121)"}],"numeroBoPrincipal":"1737","anoBoPrincipal":"2014","nomeDelegaciaBoPrincipal":"56º D.P. VILA ALPINA","categoria":"HOMICIDIO_DOLOSO"}