{"idBO":"2014-130515-2223","numero":"2223","idDelegacia":"130515","tipoBoletim":"Principal","dependencia":"DEL.SEC.JACAREI PLANTÃO","local":"ESTRADA DO MATO DENTRO - MATO DENTRO - JACAREI - SP","tipoLocal":"Rodovia/Estrada","circunscricao":"01º D.P. JACAREI","dataOcorrencia":"06/07/2014","turnoOcorrencia":"A TARDE","dataComunicacao":"06/07/2014","horaComunicacao":"19:21","dataElaboracao":"06/07/2014","horaElaboracao":"19:29","flagrante":"Não","examesRequisitados":"IC-IML","solucao":"ENCAMINHAMENTO DP ÁREA DO FATO","partesEnvolvidas":[{"nome":"A ESCLARECER","tipoEnvolvimento":"Vítima","sexo":"Masculino","idade":"0","cutis":"Parda","naturezasEnvolvidas":"Homicídio qualificado (art. 121, §2o.)"}],"naturezas":[{"especie":"Título I - Pessoa (arts. 121 a 154)","descricao":"Homicídio qualificado (art. 121, §2o.)"}],"categoria":"HOMICIDIO_DOLOSO"}