{"idBO":"2014-20244-2291","numero":"2291","idDelegacia":"20244","tipoBoletim":"Principal","dependencia":"44º D.P. GUAIANAZES","local":"RUA DOUTOR FRANCISCO BUENO TORRES, 270 - GUAIANASES - S.PAULO - SP","tipoLocal":"Residência","circunscricao":"44º D.P. GUAIANAZES","dataOcorrencia":"09/04/2014","turnoOcorrencia":"A TARDE","dataComunicacao":"09/04/2014","horaComunicacao":"19:11","dataElaboracao":"09/04/2014","horaElaboracao":"19:14","flagrante":"Não","examesRequisitados":"IC","solucao":"BO PARA INVESTIGAÇÃO","partesEnvolvidas":[{"nome":"MARCOS DE LIMA","tipoEnvolvimento":"Vítima","rg":"28755223-SP","naturalidade":"S.PAULO -SP","nacionalidade":"BRASILEIRA","sexo":"Masculino","dataNascimento":"27/09/1978","idade":"35","estadoCivil":"Solteiro","instrucao":"2 Grau completo","profissao":"PANFLETEIRO","cutis":"Branca","naturezasEnvolvidas":"Homicídio simples (art. 121)"}],"naturezas":[{"especie":"Título I - Pessoa (arts. 121 a 154)","descricao":"Homicídio simples (art. 121)"}],"categoria":"HOMICIDIO_DOLOSO"}