{"idBO":"2014-30320-1039","numero":"1039","idDelegacia":"30320","tipoBoletim":"Principal","dependencia":"01º D.P. SUZANO","local":"RUA CORONEL JOSE MAURIO DE OLIVEIRA, 670 - PALMEIRAS - SUZANO - SP","tipoLocal":"Unidade rural","circunscricao":"01º D.P. SUZANO","dataOcorrencia":"18/08/2014","turnoOcorrencia":"A TARDE","dataComunicacao":"18/08/2014","horaComunicacao":"18:10","dataElaboracao":"18/08/2014","horaElaboracao":"18:14","flagrante":"Não","examesRequisitados":"IC-IML","solucao":"AGUARDANDO LAUDOS","partesEnvolvidas":[{"nome":"ANTONIO DOS SANTOS","tipoEnvolvimento":"Vítima","rg":"23028931-SP","naturalidade":"AVARE -SP","nacionalidade":"BRASILEIRA","sexo":"Masculino","dataNascimento":"23/08/1964","idade":"49","estadoCivil":"Casado","instrucao":"1 Grau completo","profissao":"CASEIRO(A)","cutis":"Parda","naturezasEnvolvidas":"Homicídio simples (art. 121)"}],"naturezas":[{"especie":"Título I - Pessoa (arts. 121 a 154)","descricao":"Homicídio simples (art. 121)"}],"categoria":"HOMICIDIO_DOLOSO"}