{"idBO":"2014-100108-150","numero":"150","idDelegacia":"100108","tipoBoletim":"Complementar","dependencia":"DEL.POL.FERNANDO PRESTES","local":"RUA BRASIL, 540 - CENTRO - CEP: 15940000 - FERNANDO PRESTES - SP","tipoLocal":"Via pública","circunscricao":"DEL.POL.FERNANDO PRESTES","dataOcorrencia":"03/05/2014","turnoOcorrencia":"A NOITE","dataComunicacao":"06/05/2014","horaComunicacao":"09:06","dataElaboracao":"06/05/2014","horaElaboracao":"09:07","flagrante":"Não","examesRequisitados":"IC-IML","solucao":"BO PARA ADENDO","partesEnvolvidas":[{"nome":"GUILHERME HENRIQUE SILVA","tipoEnvolvimento":"Vítima","rg":"7649241-PE","naturalidade":"JACUIPE","nacionalidade":"BRASILEIRA","sexo":"Masculino","dataNascimento":"02/03/1986","idade":"28","estadoCivil":"Casado","instrucao":"1 Grau incompleto","profissao":"SERVENTE DE PEDREIRO","cutis":"Parda","naturezasEnvolvidas":"Homicídio qualificado (art. 121, §2o.)"}],"naturezas":[{"especie":"Título I - Pessoa (arts. 121 a 154)","descricao":"Homicídio qualificado (art. 121, §2o.)"}],"numeroBoPrincipal":"145","anoBoPrincipal":"2014","nomeDelegaciaBoPrincipal":"DEL.POL.FERNANDO PRESTES","categoria":"HOMICIDIO_DOLOSO"}