{"idBO":"2014-10108-1544","numero":"1544","idDelegacia":"10108","tipoBoletim":"Principal","dependencia":"08º D.P. BRAS","local":"R ORIENTE, 450 - BRAS - S.PAULO - SP","tipoLocal":"Via pública","circunscricao":"12º D.P. PARI","dataOcorrencia":"23/02/2014","turnoOcorrencia":"DE MADRUGADA","dataComunicacao":"23/02/2014","horaComunicacao":"02:08","dataElaboracao":"23/02/2014","horaElaboracao":"02:09","flagrante":"Não","solucao":"ENCAMINHAMENTO DP ÁREA DO FATO","partesEnvolvidas":[{"nome":"DESCONHECIDO SEXO MASCULINO 27 A 30 ANOS","tipoEnvolvimento":"Vítima","sexo":"Masculino","idade":"30","cutis":"Parda","naturezasEnvolvidas":"Homicídio simples (art. 121)"}],"naturezas":[{"especie":"Título I - Pessoa (arts. 121 a 154)","descricao":"Homicídio simples (art. 121)"}],"categoria":"HOMICIDIO_DOLOSO"}