{"idBO":"2014-20224-11625","numero":"11625","idDelegacia":"20224","tipoBoletim":"Principal","dependencia":"24º D.P. PONTE RASA","local":"RUA DOLORES, 1 - ITAQUERA - S.PAULO - SP","tipoLocal":"Via pública","circunscricao":"64º D.P. CID.AE CARVALHO","dataOcorrencia":"03/12/2014","turnoOcorrencia":"A NOITE","dataComunicacao":"04/12/2014","horaComunicacao":"01:23","dataElaboracao":"04/12/2014","horaElaboracao":"01:25","flagrante":"Não","examesRequisitados":"IC-IML","solucao":"ENCAMINHAMENTO DP ÁREA DO FATO","partesEnvolvidas":[{"nome":"RODRIGO OLIVEIRA DA SILVA","tipoEnvolvimento":"Vítima","rg":"50681473-SP","naturalidade":"S.PAULO -SP","nacionalidade":"BRASILEIRA","sexo":"Masculino","dataNascimento":"15/05/1998","idade":"16","estadoCivil":"Solteiro","instrucao":"1 Grau completo","profissao":"ELETRICISTA","cutis":"Parda","naturezasEnvolvidas":"Homicídio simples (art. 121)"}],"naturezas":[{"especie":"Título I - Pessoa (arts. 121 a 154)","descricao":"Homicídio simples (art. 121)"},{"especie":"Título I - Pessoa (arts. 121 a 154)","descricao":"Homicídio simples (art. 121)"}],"categoria":"HOMICIDIO_DOLOSO"}