{"idBO":"2014-30109-6291","numero":"6291","idDelegacia":"30109","tipoBoletim":"Principal","dependencia":"01º D.P. S.B.C-DR OMAR CASSIM","local":"RUA JURUBATUBA, 686 - CENTRO - S.BERNARDO DO CAMPO - SP","tipoLocal":"Via pública","circunscricao":"01º D.P. S.B.C-DR OMAR CASSIM","dataOcorrencia":"25/05/2014","turnoOcorrencia":"DE MADRUGADA","dataComunicacao":"25/05/2014","horaComunicacao":"10:40","dataElaboracao":"25/05/2014","horaElaboracao":"10:42","flagrante":"Sim","examesRequisitados":"IC-IML","solucao":"BO PARA FLAGRANTE","partesEnvolvidas":[{"nome":"LUCIANA RODRIGUES CASSIANO DOS SANTOS","tipoEnvolvimento":"Vítima","rg":"57626976-SP","naturalidade":"S.MARIA DA BOA VISTA -PE","nacionalidade":"BRASILEIRA","sexo":"Feminino","dataNascimento":"29/01/1986","idade":"28","estadoCivil":"Casado","profissao":"DESEMPREGADO(A)","cutis":"Branca","naturezasEnvolvidas":"Homicídio simples (art. 121)"}],"naturezas":[{"especie":"Título I - Pessoa (arts. 121 a 154)","descricao":"Homicídio simples (art. 121)"},{"especie":"L 9503/97 - Código de Trânsito Brasileiro","descricao":"Embriaguez ao volante (Art. 306)"}],"categoria":"HOMICIDIO_DOLOSO"}