{"idBO":"2014-20139-114","numero":"114","idDelegacia":"20139","tipoBoletim":"Principal","dependencia":"39º D.P. VILA GUSTAVO","local":"R CAP FRANCISCO LIPI, 251 - PARADA INGLESA - S.PAULO - SP","tipoLocal":"Via pública","circunscricao":"39º D.P. VILA GUSTAVO","dataOcorrencia":"08/01/2014","turnoOcorrencia":"A TARDE","dataComunicacao":"08/01/2014","horaComunicacao":"15:43","dataElaboracao":"08/01/2014","horaElaboracao":"15:45","flagrante":"Não","examesRequisitados":"IC-IML","solucao":"APRECIAÇÃO DO DELEGADO TITULAR","partesEnvolvidas":[{"nome":"LEONARDO ROCHA BORELLI","tipoEnvolvimento":"Vítima","rg":"33186136-SP","naturalidade":"S.PAULO -SP","nacionalidade":"BRASILEIRA","sexo":"Masculino","dataNascimento":"04/04/1991","idade":"22","estadoCivil":"Solteiro","instrucao":"2 Grau completo","profissao":"MOTORISTA","cutis":"Branca"},{"nome":"JENNIFER OLIVEIRA DEOCALINO","tipoEnvolvimento":"Vítima","rg":"39016664-SP","naturalidade":"S.PAULO -SP","nacionalidade":"BRASILEIRA","sexo":"Feminino","dataNascimento":"18/07/1998","idade":"15","estadoCivil":"Solteiro","instrucao":"2 Grau completo","profissao":"VENDEDOR(A)","cutis":"Branca"},{"nome":"GUSTAVO JOSE DE BRITO","tipoEnvolvimento":"Vítima","rg":"37424827-SP","naturalidade":"S.PAULO -SP","nacionalidade":"BRASILEIRA","sexo":"Masculino","dataNascimento":"29/07/1995","idade":"18","estadoCivil":"Solteiro","instrucao":"2 Grau completo","profissao":"VENDEDOR(A)","cutis":"Branca"}],"naturezas":[{"especie":"Título II - Patrimônio (arts. 155 a 183)","descricao":"Roubo (art. 157)","desdobramentos":"§3o. Se da violência resulta morte:"}],"categoria":"LATROCINIO"}